ID,Description,GeneRatio,BgRatio,RichFactor,FoldEnrichment,zScore,pvalue,p.adjust,qvalue,geneID,Count
GO:0007409,axonogenesis,76/1451,459/18986,0.1655773420479303,2.16654129298553,7.27763097800636,1.0343062892569344e-10,5.598699943747786e-7,4.758897674044275e-7,L1CAM/UCHL1/EPHB2/MAG/PARD6B/DSCAML1/KIF13B/EFNB1/WNT7A/MAP3K13/TRIM46/NR4A2/TSKU/BMP7/NEFH/DLX5/EFNB2/CRABP2/SCN11A/SLITRK2/ATP8A2/SEMA6C/ERBB2/APLP1/UST/CHODL/LHX1/RPS6KA5/ROBO3/SNAP25/CHL1/ITGA4/SHH/SLITRK6/KIF5A/DAB1/COBL/EPHB1/PAX2/PLA2G10/EPHA3/EPHA4/ROBO2/GLI3/NOG/ALCAM/BMPR1B/KIF5C/XK/SEMA6D/PLXNA4/NPTX1/LPAR3/EFNB3/FLRT3/PAX6/SLIT1/EPHA6/RND2/DRD2/EPHA7/LHX2/FSTL4/CNTN1/NTNG1/SLITRK4/TUBB2B/PAK3/SEMA3D/RELN/NRXN3/CNTN5/MT3/FOXB1/LGR6/LRP4,76
GO:0016064,immunoglobulin mediated immune response,42/1451,209/18986,0.20095693779904306,2.6294751351155283,6.813870878670105,5.8008163551905645e-9,7.2407858755266765e-6,6.15467151437127e-6,MLH1/SUSD4/TRAF3IP2/CR2/HPX/C4BPB/SVEP1/IL9R/CD27/IGHV2-70/TNF/IGHV1-69/IGHV4-34/IGHG3/IGHV3-13/IGHV3-20/C4BPA/IGHV3-21/IGHV3-53/IGHV4-39/IGLC2/IGHV1-18/IGHV3-30/IGHG4/IGHV4-31/IGHM/IGHV2-5/IGHV5-51/IGHV3-66/IGHV4-61/IGLL5/IGHG2/IGHV1-24/IGHV1-69D/IGHA1/IGHG1/IGHV3-15/IGHV3-23/IGHV3-11/IGHV4-4/IGHV3-43/IGHV1-3,42
GO:0001654,eye development,66/1451,411/18986,0.16058394160583941,2.101203801053389,6.492475558420655,6.316366147650478e-9,7.2407858755266765e-6,6.15467151437127e-6,EPHB2/CLDN19/THRB/TGIF2/RARG/WNT7A/PDE6B/HES5/CELF4/SLC1A1/CRB2/PLAAT1/TSKU/BIRC7/BMP7/ALDH1A3/CPAMD8/FJX1/SOX11/VIM/ATP8A2/SLC39A5/IHH/LHX1/COL8A2/SIX3/TULP1/SHH/SLITRK6/ATP2B2/EPHB1/TUB/PAX2/MYOM2/MEIS2/WT1/GLI3/RBP4/BMPR1B/HSF4/CRYAB/PXDN/FOXC2/PAX6/PDGFRA/TH/SAMD11/FASLG/DRD2/SDK1/WNT2/PRSS56/WNT6/LHX2/SDK2/FAT3/FOXF2/SLC17A7/FREM2/GPM6A/GNGT1/AQP5/DCX/TFAP2B/CRYBA4/ADAMTS18,66
GO:0035725,sodium ion transmembrane transport,39/1451,188/18986,0.2074468085106383,2.714393595026174,6.795474065595088,7.972332190797426e-9,7.2407858755266765e-6,6.15467151437127e-6,SLC6A12/SLC6A11/SLC6A13/TRPM4/WNK3/FGF12/SCN8A/SCN4A/GRIN1/PTPN3/SLC8A1/RANGRF/SLC38A1/PCSK9/SLC5A1/SCN11A/CNGB1/SCN2B/MCOLN3/SLC12A2/SLC6A14/TRPM5/FXYD6/NOS1/HCN4/SCN3B/SLC6A2/TESC/WNK4/GRIN2A/SCN5A/SLC13A5/SLC12A3/SLC17A7/SLC23A1/GRP/SCN7A/SCN2A/SCNN1B,39
GO:0006814,sodium ion transport,47/1451,251/18986,0.18725099601593626,2.450136051246427,6.652806368296249,7.974447832616591e-9,7.2407858755266765e-6,6.15467151437127e-6,SLC6A12/SLC6A11/SLC6A13/TRPM4/WNK3/NKAIN4/FGF12/SCN8A/CLCNKB/SCN4A/GRIN1/PTPN3/SLC8A1/RANGRF/SLC38A1/PCSK9/SLC5A1/SCN11A/CNGB1/SLC38A3/SCN2B/MCOLN3/SLC12A2/SLC6A14/TRPM5/FXYD6/NOS1/HCN4/ATP6V1B1/SCN3B/SLC6A2/TESC/WNK4/GRIN2A/SCN5A/NKAIN1/SLC13A5/SLC12A3/DRD2/CNGA4/CNTN1/SLC17A7/SLC23A1/GRP/SCN7A/SCN2A/SCNN1B,47
GO:0019724,B cell mediated immunity,42/1451,212/18986,0.19811320754716982,2.592265581316724,6.706426248753006,9.006625949107264e-9,7.2407858755266765e-6,6.15467151437127e-6,MLH1/SUSD4/TRAF3IP2/CR2/HPX/C4BPB/SVEP1/IL9R/CD27/IGHV2-70/TNF/IGHV1-69/IGHV4-34/IGHG3/IGHV3-13/IGHV3-20/C4BPA/IGHV3-21/IGHV3-53/IGHV4-39/IGLC2/IGHV1-18/IGHV3-30/IGHG4/IGHV4-31/IGHM/IGHV2-5/IGHV5-51/IGHV3-66/IGHV4-61/IGLL5/IGHG2/IGHV1-24/IGHV1-69D/IGHA1/IGHG1/IGHV3-15/IGHV3-23/IGHV3-11/IGHV4-4/IGHV3-43/IGHV1-3,42
GO:0150063,visual system development,66/1451,415/18986,0.15903614457831325,2.080951234296248,6.404697567128042,9.363661764028585e-9,7.2407858755266765e-6,6.15467151437127e-6,EPHB2/CLDN19/THRB/TGIF2/RARG/WNT7A/PDE6B/HES5/CELF4/SLC1A1/CRB2/PLAAT1/TSKU/BIRC7/BMP7/ALDH1A3/CPAMD8/FJX1/SOX11/VIM/ATP8A2/SLC39A5/IHH/LHX1/COL8A2/SIX3/TULP1/SHH/SLITRK6/ATP2B2/EPHB1/TUB/PAX2/MYOM2/MEIS2/WT1/GLI3/RBP4/BMPR1B/HSF4/CRYAB/PXDN/FOXC2/PAX6/PDGFRA/TH/SAMD11/FASLG/DRD2/SDK1/WNT2/PRSS56/WNT6/LHX2/SDK2/FAT3/FOXF2/SLC17A7/FREM2/GPM6A/GNGT1/AQP5/DCX/TFAP2B/CRYBA4/ADAMTS18,66
GO:0006813,potassium ion transport,46/1451,248/18986,0.18548387096774194,2.4270136279762564,6.506964923067047,1.5573008097003364e-8,1.05370866036349e-5,8.956528735789698e-6,KCNK9/GCK/KCNS1/LRRC26/KCNJ12/KCNT1/KCNIP3/KCND1/KCNK6/TMEM38A/KCNH2/CNGB1/SLC12A5/MCOLN3/SLC12A2/KCNN2/TRPM5/KCNJ4/KCNE4/KCNG1/FXYD6/SNAP25/KCNQ3/KCNT2/KCNK12/KCNRG/NOS1/HCN4/KCNJ16/KCND3/KCNK2/ADRA2A/KCNK3/KCNN4/WNK4/KCNK15/HPN/GAL/KCNMB4/SLC12A3/ACTN2/DRD2/SLC1A3/CNGA4/SLC17A7/GRP,46
GO:0048880,sensory system development,66/1451,422/18986,0.15639810426540285,2.046433085860054,6.253426217199417,1.8327050366958597e-8,1.1022702626260765e-5,9.369302591108308e-6,EPHB2/CLDN19/THRB/TGIF2/RARG/WNT7A/PDE6B/HES5/CELF4/SLC1A1/CRB2/PLAAT1/TSKU/BIRC7/BMP7/ALDH1A3/CPAMD8/FJX1/SOX11/VIM/ATP8A2/SLC39A5/IHH/LHX1/COL8A2/SIX3/TULP1/SHH/SLITRK6/ATP2B2/EPHB1/TUB/PAX2/MYOM2/MEIS2/WT1/GLI3/RBP4/BMPR1B/HSF4/CRYAB/PXDN/FOXC2/PAX6/PDGFRA/TH/SAMD11/FASLG/DRD2/SDK1/WNT2/PRSS56/WNT6/LHX2/SDK2/FAT3/FOXF2/SLC17A7/FREM2/GPM6A/GNGT1/AQP5/DCX/TFAP2B/CRYBA4/ADAMTS18,66
GO:0043010,camera-type eye development,58/1451,362/18986,0.16022099447513813,2.096454721643675,6.058911761395407,5.661335134286482e-8,3.0644807081892725e-5,2.604810091785917e-5,EPHB2/CLDN19/THRB/TGIF2/RARG/WNT7A/PDE6B/HES5/CELF4/SLC1A1/CRB2/PLAAT1/TSKU/BIRC7/BMP7/ALDH1A3/FJX1/SOX11/VIM/ATP8A2/IHH/LHX1/COL8A2/SIX3/TULP1/SHH/SLITRK6/ATP2B2/EPHB1/TUB/PAX2/MYOM2/WT1/GLI3/RBP4/BMPR1B/HSF4/CRYAB/FOXC2/PAX6/PDGFRA/TH/SAMD11/DRD2/SDK1/WNT2/PRSS56/WNT6/LHX2/SDK2/FAT3/FOXF2/SLC17A7/GPM6A/AQP5/DCX/TFAP2B/CRYBA4,58
GO:0072001,renal system development,54/1451,332/18986,0.16265060240963855,2.1282455805302534,5.965856715260624,9.744294880223035e-8,4.795078926058844e-5,4.0758194183210424e-5,GLIS2/HES5/COL4A4/TP73/PCSK9/TRAF3IP2/ASS1/ADAMTS16/BMP7/COL4A3/EFNB2/SOX11/AKR1B1/HOXA11/SALL1/LHX1/LRP2/GCNT1/SHH/RGN/ERBB4/GCNT3/POU3F3/PAX2/EPHA4/EYA1/WT1/ROBO2/NKX3-1/GLI3/RBP4/WNK4/NOG/KIF26B/DDC/FOXC2/MMP17/PDGFRA/HS3ST3B1/HOXC11/GFRA1/EPHA7/WNT6/FREM2/TMEM59L/TFAP2B/TCF21/WNT11/MYOCD/ADAMTS6/TBX18/SIX1/DCHS2/LRP4,54
GO:0048706,embryonic skeletal system development,29/1451,134/18986,0.21641791044776118,2.8317783926679487,6.121145986408511,2.495274499110444e-7,1.1255767386404027e-4,9.567407750536624e-5,DSCAML1/BMP7/DLX5/SATB2/SOX11/HOXA4/HOXA11/HOXD1/IHH/LHX1/SCX/SHH/DLX3/DLX4/HOXB9/EYA1/PRRX1/GLI3/RBP4/NOG/DLX6/IRX5/HOXB2/HOXB8/FOXC2/PDGFRA/HOXC11/WNT11/SIX1,29
GO:0051960,regulation of nervous system development,67/1451,463/18986,0.1447084233261339,1.893476309627828,5.598916565679088,2.9355244844971114e-7,1.199106430778693e-4,1.0192410491183345e-4,L1CAM/PLAG1/EPHB2/MAG/RARG/WNT7A/HES5/MAP3K13/TRIM46/CDKN2B/TP73/BMP7/SOX11/LRP8/CRABP2/SLITRK2/SEMA6C/NEURL1/DLL3/CHODL/LRP2/NLGN1/GPR37L1/HES6/BRINP1/SHH/SLITRK6/RASSF10/LRRN1/DAB1/SYNDIG1/GFAP/EPHB1/VSTM5/PTPN13/EPHA4/ROBO2/GLI3/NOG/ZNF488/TENM4/SEMA6D/PLXNA4/LEF1/NCMAP/LPAR3/EFNB3/FLRT3/PAX6/ST8SIA2/SLIT1/RND2/DRD2/IFNG/TNF/WNT2/EPHA7/LHX2/FSTL4/SLITRK4/HES2/RELN/DMRTA2/CCL11/CBLN2/MT3/LRP4,67
GO:0098739,import across plasma membrane,38/1451,206/18986,0.18446601941747573,2.413695275437763,5.868508590581716,3.1411933235123886e-7,1.199106430778693e-4,1.0192410491183345e-4,KCNK9/SLC6A13/TRPM4/KCNJ12/SLC8A1/SLC38A1/CACNA1A/SLC43A1/SLC1A1/IRS2/KCNH2/SLC5A1/SLC47A1/SLC12A5/SLC38A3/SLC39A5/SLC12A2/SLC6A14/KCNJ4/LRP2/TRPV3/HCN4/KCNJ16/SLC7A8/GFAP/CACNA1F/CACNA1B/NTSR1/SLC46A2/STEAP2/KCNN4/ACSL5/SLC12A3/SLC1A2/SLC1A3/IFNG/TNF/SCNN1B,38
GO:0048562,embryonic organ morphogenesis,49/1451,300/18986,0.16333333333333333,2.137178957041121,5.711068794524115,3.322851738717974e-7,1.199106430778693e-4,1.0192410491183345e-4,EPHB2/DSCAML1/TMIE/RARG/CRB2/BMP7/ALDH1A3/DLX5/SATB2/SOX11/HOXA4/TECTA/ATP8A2/HOXA11/IHH/LHX1/MSX1/HMX2/SIX3/SHH/SLITRK6/GLI1/ATP6V1B1/HOXB9/PAX2/FOLR1/EYA1/PRRX1/GLI3/RBP4/NOG/HPN/DLX6/IRX5/HOXB2/HOXB8/FOXC2/PAX6/PDGFRA/TH/HOXC11/FOXF2/MESP1/DNAAF1/USH1G/TCF21/WNT11/TBX18/SIX1,49
GO:0007389,pattern specification process,68/1451,476/18986,0.14285714285714285,1.8692527321059367,5.525002173414481,3.889286912334222e-7,1.3157943785290714e-4,1.1184258614350582e-4,DSCAML1/FOXA2/EFNB1/RARG/WNT7A/HES5/CRB2/HHIP/BMP7/SATB2/HOXA4/HOXA11/DLL3/IHH/LHX1/MSX1/LRP2/HES6/NTF4/SIX3/TCF15/SHH/MEOX1/ERBB4/GLI1/COBL/TDRD5/HOXB9/PAX2/FOLR1/EYA1/MEIS2/GREM2/WT1/ROBO2/NKX3-1/GLI3/DMRT3/NOG/BMPR1B/MSX2/WIF1/PKD1L1/LEF1/HOXB2/HOXB8/FUT6/FOXC2/PAX6/HOXC11/WNT2/WNT6/LHX2/FOXA1/BMP5/MESP1/DNAAF1/DNAH11/SOSTDC1/HES2/OOEP/RELN/DMRTA2/WNT11/TBX18/SIX1/FOXB1/LRP4,68
GO:0090596,sensory organ morphogenesis,47/1451,285/18986,0.1649122807017544,2.1578391188170287,5.665318822465704,4.316544937479872e-7,1.3744386909752087e-4,1.168273555524738e-4,EPHB2/THRB/TMIE/RARG/SLC1A1/CRB2/TSKU/BMP7/ALDH1A3/DLX5/FJX1/SOX11/TECTA/ATP8A2/IHH/LHX1/MSX1/HMX2/COL8A2/SIX3/TULP1/SLITRK6/EPHB1/ATP6V1B1/PAX2/EYA1/PRRX1/GLI3/RBP4/NOG/HPN/DLX6/PAX6/TH/SAMD11/FASLG/SDK1/WNT2/SDK2/FAT3/FOXF2/USH1G/GNGT1/AQP5/TFAP2B/TBX18/SIX1,47
GO:0006836,neurotransmitter transport,38/1451,209/18986,0.18181818181818182,2.3790489317711923,5.766679806249777,4.592850981835267e-7,1.3811723535930167e-4,1.1739971720235061e-4,SLC6A12/GPR158/SLC6A11/SLC6A13/GRIK5/WNT7A/GABRQ/SLC38A1/SNCG/FER1L5/OTOF/SLC1A1/RIMS3/SYT11/SYT12/NLGN1/CADPS2/SNAP25/SYNGR3/NOS1/CHRNB4/GFAP/ERC2/STX19/RIMS4/SLC6A2/KCNMB4/GRM4/PRKCG/SV2B/SLC18A3/TH/SLC1A2/DRD2/SLC1A3/SLC17A7/SYN2/SYT5,38
GO:0001822,kidney development,51/1451,322/18986,0.15838509316770186,2.07243237690006,5.583179770313192,5.082903972647313e-7,1.4212415416605474e-4,1.2080560013609057e-4,GLIS2/HES5/COL4A4/TP73/PCSK9/TRAF3IP2/ASS1/ADAMTS16/BMP7/COL4A3/EFNB2/SOX11/AKR1B1/HOXA11/SALL1/LHX1/LRP2/GCNT1/SHH/RGN/ERBB4/GCNT3/POU3F3/PAX2/EPHA4/EYA1/WT1/ROBO2/NKX3-1/GLI3/WNK4/NOG/KIF26B/DDC/FOXC2/MMP17/PDGFRA/HS3ST3B1/HOXC11/GFRA1/EPHA7/WNT6/FREM2/TMEM59L/TFAP2B/TCF21/WNT11/ADAMTS6/SIX1/DCHS2/LRP4,51
GO:0071805,potassium ion transmembrane transport,39/1451,219/18986,0.1780821917808219,2.3301643646800034,5.695292861033712,5.658671337357495e-7,1.4212415416605474e-4,1.2080560013609057e-4,KCNK9/KCNS1/LRRC26/KCNJ12/KCNT1/KCNIP3/KCND1/KCNK6/TMEM38A/KCNH2/SLC12A5/MCOLN3/SLC12A2/KCNN2/TRPM5/KCNJ4/KCNE4/KCNG1/SNAP25/KCNQ3/KCNT2/KCNK12/KCNRG/HCN4/KCNJ16/KCND3/KCNK2/KCNK3/KCNN4/WNK4/KCNK15/HPN/GAL/KCNMB4/SLC12A3/ACTN2/SLC1A3/SLC17A7/GRP,39
GO:0002009,morphogenesis of an epithelium,70/1451,500/18986,0.14,1.8318676774638183,5.422554175104603,5.66369827137038e-7,1.4212415416605474e-4,1.2080560013609057e-4,FIGNL2/PGR/WNT10A/RARG/WNT7A/HES5/CEACAM1/ESR1/HHIP/ADAMTS16/BMP7/ALDH1A3/SOCS3/EFNB2/SOX11/CD44/ADM/SALL4/HOXA11/SALL1/CECR2/IHH/FOXN1/LHX1/TRIM71/LRP2/TCF15/SHH/ERBB4/DLX3/COBL/PAX2/FOLR1/PLA2G10/EPHA4/EYA1/WT1/NKX3-1/GLI3/WNK4/NOG/GREB1/KIF26B/MSX2/LEF1/HOXB2/FOXC2/FLRT3/HS3ST3B1/TNF/WNT2/EPHA7/WNT6/LHX2/FOXA1/FOXF2/BMP5/MESP1/DNAAF1/FREM2/SOSTDC1/TMEM59L/FGF7/AJAP1/CCL11/TCF21/WNT11/HOXB13/TBX18/SIX1,70
GO:0007411,axon guidance,41/1451,236/18986,0.17372881355932204,2.2732014157389995,5.66159240723629,5.776337320622953e-7,1.4212415416605474e-4,1.2080560013609057e-4,L1CAM/EPHB2/DSCAML1/EFNB1/BMP7/DLX5/EFNB2/SEMA6C/ERBB2/LHX1/RPS6KA5/ROBO3/CHL1/SHH/KIF5A/EPHB1/PLA2G10/EPHA3/EPHA4/ROBO2/GLI3/NOG/ALCAM/BMPR1B/KIF5C/SEMA6D/PLXNA4/EFNB3/FLRT3/PAX6/SLIT1/EPHA6/EPHA7/LHX2/CNTN1/TUBB2B/SEMA3D/RELN/NRXN3/CNTN5/LGR6,41
GO:0072028,nephron morphogenesis,21/1451,82/18986,0.25609756097560976,3.3509774587752768,6.137120616930975,6.054952528651724e-7,1.4250199146779036e-4,1.2112676202625485e-4,HES5/ADAMTS16/BMP7/HOXA11/SALL1/LHX1/SHH/ERBB4/PAX2/EYA1/WT1/GLI3/WNK4/NOG/KIF26B/HS3ST3B1/WNT6/TMEM59L/TCF21/WNT11/SIX1,21
GO:0097485,neuron projection guidance,41/1451,237/18986,0.1729957805907173,2.2636098485839824,5.630983340399543,6.478821414492385e-7,1.4612441798603034e-4,1.242058263278343e-4,L1CAM/EPHB2/DSCAML1/EFNB1/BMP7/DLX5/EFNB2/SEMA6C/ERBB2/LHX1/RPS6KA5/ROBO3/CHL1/SHH/KIF5A/EPHB1/PLA2G10/EPHA3/EPHA4/ROBO2/GLI3/NOG/ALCAM/BMPR1B/KIF5C/SEMA6D/PLXNA4/EFNB3/FLRT3/PAX6/SLIT1/EPHA6/EPHA7/LHX2/CNTN1/TUBB2B/SEMA3D/RELN/NRXN3/CNTN5/LGR6,41
GO:0001763,morphogenesis of a branching structure,37/1451,207/18986,0.178743961352657,2.3388234667412444,5.571323538921915,9.967888314993661e-7,2.1582471779624276e-4,1.834511150519465e-4,FIGNL2/PGR/ESR1/MAP3K13/HHIP/ADAMTS16/BMP7/ERMN/SOCS3/ADM/HOXA11/SALL1/IHH/LHX1/SHH/PAX2/EYA1/WT1/NKX3-1/GLI3/NOG/MSX2/LEF1/FOXC2/HS3ST3B1/DRD2/TNF/WNT2/EPHA7/WNT6/FOXA1/TMEM59L/FGF7/CCL11/TCF21/HOXB13/SIX1,37
GO:0048592,eye morphogenesis,32/1451,167/18986,0.19161676646706588,2.507261149651077,5.627747340937228,1.1110996996819629e-6,2.2507845948840566e-4,1.9131679998907528e-4,EPHB2/THRB/RARG/SLC1A1/CRB2/TSKU/BMP7/ALDH1A3/FJX1/SOX11/ATP8A2/IHH/LHX1/COL8A2/SIX3/TULP1/EPHB1/PAX2/GLI3/RBP4/PAX6/TH/SAMD11/FASLG/SDK1/WNT2/SDK2/FAT3/FOXF2/GNGT1/AQP5/TFAP2B,32
GO:0060993,kidney morphogenesis,23/1451,99/18986,0.23232323232323232,3.03989585726319,5.853696815313981,1.1594488580703652e-6,2.2507845948840566e-4,1.9131679998907528e-4,HES5/ADAMTS16/BMP7/HOXA11/SALL1/LHX1/GCNT1/SHH/ERBB4/GCNT3/PAX2/EYA1/WT1/GLI3/WNK4/NOG/KIF26B/HS3ST3B1/WNT6/TMEM59L/TCF21/WNT11/SIX1,23
GO:0048593,camera-type eye morphogenesis,28/1451,136/18986,0.20588235294117646,2.6939230550938498,5.7028713926362204,1.164270619928941e-6,2.2507845948840566e-4,1.9131679998907528e-4,EPHB2/THRB/SLC1A1/CRB2/TSKU/BMP7/ALDH1A3/FJX1/SOX11/ATP8A2/IHH/LHX1/COL8A2/SIX3/EPHB1/PAX2/GLI3/RBP4/PAX6/TH/SAMD11/SDK1/WNT2/SDK2/FAT3/FOXF2/AQP5/TFAP2B,28
GO:0007416,synapse assembly,44/1451,269/18986,0.16356877323420074,2.1402596337867235,5.418110921940931,1.253603496769119e-6,2.3205164714541337e-4,1.9724401288761013e-4,EPHB2/GABRE/ADD2/WNT7A/GPC4/LRFN1/BSN/SLITRK2/SLC12A5/NEURL1/GABRG3/LGI2/NLGN1/SNAP25/ERBB4/SLITRK6/LRRN1/SYNDIG1/GABRA3/EPHB1/VSTM5/PCDHB6/PTPN13/ROBO2/PLXNA4/NPTX1/EFNB3/LRFN5/FLRT3/ADGRF1/ST8SIA2/SLIT1/DRD2/SDK1/EPHA7/SDK2/SLITRK4/DNER/GPM6A/RELN/CBLN2/CNTN5/SIX1/LRP4,44
GO:0045229,external encapsulating structure organization,52/1451,341/18986,0.15249266862170088,1.9953313621306776,5.335188964093879,1.2860796996789952e-6,2.3205164714541337e-4,1.9724401288761013e-4,PTX3/KLK7/COL9A1/CREB3L1/EGFL6/TMPRSS6/COL11A2/COL4A4/ADAMTS15/SMPD3/ADAMTS16/COL4A3/PRSS1/PAPLN/COL9A2/APLP1/IHH/COL9A3/KLK5/SCX/COMP/COL8A2/TCF15/COL22A1/CTSV/HAS3/COL17A1/TGM1/GFAP/ADAMTS19/HRNR/WT1/FBLN1/HPN/PXDN/COL23A1/FOXC2/THSD4/MMP17/PDGFRA/MMP26/TNF/COL28A1/FOXF2/MYH11/ADAMTS8/DPT/MMP7/PRSS2/ADAMTS6/SPINK5/ADAMTS18,52
GO:0023061,signal release,68/1451,493/18986,0.13793103448275862,1.8047957413436633,5.208246926710501,1.4062524218003977e-6,2.391960009354242e-4,2.033167170824116e-4,GPR158/TRPM4/GCK/GRIK5/FOXA2/WNT7A/ANXA1/ANO1/SNCG/FER1L5/HFE/GPR68/OTOF/SMPD3/ADCY5/IRS2/RIMS3/SYT11/SOX11/C1QTNF12/OR51E2/PLA2G4A/SLC16A10/TRPM5/SYT12/RAPGEF3/NLGN1/MAP2K6/CADPS2/SNAP25/GRM2/ADRA2B/ECRG4/SYNGR3/GLP1R/RASL10B/CHRNB4/TUNAR/ERC2/ADRA2A/STX19/PLA2G10/RIMS4/SLC16A1/PLA2G3/CNR1/NKX3-1/RBP4/WNK4/GAL/KCNMB4/GRM4/PRKCG/PTGS2/HNF1A/SV2B/SLC18A3/DRD2/IFNG/TNF/FAM3D/GRP/VSNL1/TFAP2B/FAM3B/FGF20/SYN2/SYT5,68
GO:0001655,urogenital system development,18/1451,66/18986,0.2727272727272727,3.5685733976567886,6.012976463575567,1.4140535802574494e-6,2.391960009354242e-4,2.033167170824116e-4,PLAG1/EPHB2/RARG/ESR1/AMH/BMP7/HOXA11/LHX1/ALOX15B/SHH/GLI1/PAX2/NKX3-1/NOG/FOXA1/WNT11/HOXB13/FOXB1,18
GO:0003018,vascular process in circulatory system,44/1451,276/18986,0.15942028985507245,2.0859776865530018,5.227868694150049,2.5342281014634265e-6,4.156902034309554e-4,3.5333687500786726e-4,SLC6A13/TRPM4/NPR1/SLCO3A1/DOCK5/PTP4A3/SLC8A1/ADRA1B/CEACAM1/SLC38A1/SLC1A1/AVPR2/TJP3/SLC5A1/ADORA2B/ADM/SLC38A3/SLC12A2/ATP2A3/SLC2A4/LRP2/COMP/ADRA2B/ITGA4/NOS1/SLC7A8/SMTNL1/SVEP1/ADRA2A/SLC16A1/ABCC3/KCNMB4/CPS1/PTGS2/CBS/FOXC2/AZU1/SLC1A2/SLC1A3/TNF/CALCA/C2CD4B/SLC16A12/SCNN1B,44
GO:0002460,adaptive immune response based on somatic recombination of immune receptors built from immunoglobulin superfamily domains,57/1451,400/18986,0.1425,1.8645796002756718,5.027222825903057,3.622902582524858e-6,5.612417061490985e-4,4.7705572307946945e-4,MLH1/TRPM4/EPHB2/ANXA1/CEACAM1/UNC13D/HFE/SUSD4/RSAD2/TRAF3IP2/SOCS3/CR2/PLA2G4A/HPX/C4BPB/SVEP1/TLR4/IL9R/CD8A/LEF1/CD27/IL4I1/CXCL13/IGHV2-70/IL1RL1/TNF/IGHV1-69/IGHV4-34/IGHG3/IGHV3-13/IGHV3-20/C4BPA/IGHV3-21/IGHV3-53/IGHV4-39/IGLC2/IGHV1-18/IGHV3-30/IGHG4/IGHV4-31/IGHM/IGHV2-5/IGHV5-51/IGHV3-66/IGHV4-61/IGLL5/IGHG2/IGHV1-24/IGHV1-69D/IGHA1/IGHG1/IGHV3-15/IGHV3-23/IGHV3-11/IGHV4-4/IGHV3-43/IGHV1-3,57
GO:0098742,cell-cell adhesion via plasma-membrane adhesion molecules,44/1451,280/18986,0.15714285714285714,2.0561780053165304,5.121672348544779,3.732212433269157e-6,5.612417061490985e-4,4.7705572307946945e-4,L1CAM/CLDN9/TRO/MAG/CLDN6/CLDN19/DSCAML1/CLDN16/CDH6/CEACAM1/CRB2/GPC4/SLITRK2/PCDH10/APOA1/PTPRT/ELFN2/NLGN1/ROBO3/LGALS7B/CLDN1/DAB1/PCDHB6/CEACAM5/PCDHB1/ROBO2/CDH18/ALCAM/TENM4/LRFN5/FLRT3/CDH13/SDK1/NTNG1/SDK2/CEACAM6/FAT3/PCDHGA10/PCDH19/DSG3/CDHR3/CDHR4/CDH22/DCHS2,44
GO:0048568,embryonic organ development,63/1451,458/18986,0.13755458515283842,1.7998699887744938,4.984527451337488,3.73262542423195e-6,5.612417061490985e-4,4.7705572307946945e-4,EPHB2/DSCAML1/TMIE/RARG/CRB2/BMP7/ALDH1A3/SOCS3/DLX5/EN2/SATB2/SOX11/HOXA4/ADM/TECTA/ZFPM2/ATP8A2/HOXA11/SALL1/IGF2/IHH/LHX1/MSX1/HMX2/SIX3/SHH/PKDCC/SLITRK6/GLI1/COBL/ATP6V1B1/HOXB9/PAX2/FOLR1/EYA1/PRRX1/GLI3/RBP4/NOG/HPN/DLX6/PLXNA4/LEF1/IRX5/HOXB2/HOXB8/FOXC2/PAX6/PDGFRA/TH/HOXC11/TNF/WNT2/FOXF2/BMP5/MESP1/DNAAF1/TUBB2B/USH1G/TCF21/WNT11/TBX18/SIX1,63
GO:0019730,antimicrobial humoral response,33/1451,185/18986,0.1783783783783784,2.3340398979268726,5.245058420548911,3.943767717031837e-6,5.732102706658216e-4,4.8722900873731e-4,KLK7/ANG/ADM/KLK5/CXCL14/CXCL9/CCL22/RNASE4/CXCL13/CCL25/CCL24/AZU1/RNASE7/KLK3/MUC7/CXCL3/CCL13/PGLYRP4/IGHG3/DEFB4A/CALCA/CCL11/MMP7/IGHG4/PRSS2/IGHM/SPINK5/CCL20/IGHG2/IGKV3-20/IGHA1/IGHG1/JCHAIN,33
GO:0048839,inner ear development,35/1451,202/18986,0.17326732673267325,2.2671629671581908,5.208350934519725,4.024014462460968e-6,5.732102706658216e-4,4.8722900873731e-4,EYA4/EPHB2/TMIE/HES5/MYCL/ESRRB/TSKU/ALDH1A3/DLX5/TECTA/ATP8A2/MCOLN3/CECR2/MSX1/HMX2/TMC1/SHH/SLITRK6/ATP6V1B1/KCNK2/PAX2/KCNK3/EPHA4/EYA1/PRRX1/GLI3/HPN/DLX6/CYTL1/GJB2/FREM2/USH1G/FGF20/TBX18/SIX1,35
GO:0001656,metanephros development,21/1451,92/18986,0.22826086956521738,2.986740778473616,5.494893581049518,4.514514853156106e-6,6.086243206740391e-4,5.173309684611559e-4,HES5/BMP7/AKR1B1/HOXA11/SALL1/LHX1/SHH/POU3F3/PAX2/EYA1/WT1/ROBO2/NKX3-1/GLI3/KIF26B/FOXC2/PDGFRA/HOXC11/TFAP2B/TCF21/SIX1,21
GO:0043583,ear development,38/1451,229/18986,0.16593886462882096,2.1712717324898656,5.129556714843531,4.599614496931008e-6,6.086243206740391e-4,5.173309684611559e-4,EYA4/EPHB2/TMIE/HES5/MYCL/ESRRB/TSKU/ALDH1A3/DLX5/TECTA/ATP8A2/MCOLN3/CECR2/MSX1/HMX2/TCF15/TMC1/SHH/SLITRK6/ATP6V1B1/KCNK2/PAX2/KCNK3/EPHA4/EYA1/PRRX1/GLI3/NOG/HPN/DLX6/CYTL1/GJB2/BMP5/FREM2/USH1G/FGF20/TBX18/SIX1,38
GO:0072078,nephron tubule morphogenesis,19/1451,78/18986,0.24358974358974358,3.18731555602679,5.568292852729322,4.609938508707852e-6,6.086243206740391e-4,5.173309684611559e-4,HES5/ADAMTS16/HOXA11/SALL1/LHX1/SHH/PAX2/EYA1/WT1/GLI3/WNK4/NOG/KIF26B/HS3ST3B1/WNT6/TMEM59L/TCF21/WNT11/SIX1,19
GO:0021675,nerve development,22/1451,100/18986,0.22,2.878649207443143,5.418284722408921,5.136375043175979e-6,6.619809073502756e-4,5.626840930757445e-4,EPHB2/SCN8A/CNGB1/LPAR1/SALL1/NTF3/NTF4/KCNQ3/ITGA4/SLITRK6/EPHB1/PAX2/EPHA4/GLI3/PLXNA4/PRKCG/HOXB2/NPTX1/NRTN/SLC1A3/SCN2A/SIX1,22
GO:0030198,extracellular matrix organization,50/1451,339/18986,0.14749262536873156,1.929906950551852,4.969594797245564,5.376138376614073e-6,6.767683030839994e-4,5.752533866384362e-4,PTX3/KLK7/COL9A1/CREB3L1/EGFL6/TMPRSS6/COL11A2/COL4A4/ADAMTS15/SMPD3/ADAMTS16/COL4A3/PRSS1/PAPLN/COL9A2/APLP1/IHH/COL9A3/KLK5/SCX/COMP/COL8A2/TCF15/COL22A1/CTSV/HAS3/COL17A1/GFAP/ADAMTS19/WT1/FBLN1/HPN/PXDN/COL23A1/FOXC2/THSD4/MMP17/PDGFRA/MMP26/TNF/COL28A1/FOXF2/MYH11/ADAMTS8/DPT/MMP7/PRSS2/ADAMTS6/SPINK5/ADAMTS18,50
GO:0043062,extracellular structure organization,50/1451,340/18986,0.14705882352941177,1.9242307536384644,4.94667247232484,5.845974489806873e-6,7.191877253028318e-4,6.113099161470299e-4,PTX3/KLK7/COL9A1/CREB3L1/EGFL6/TMPRSS6/COL11A2/COL4A4/ADAMTS15/SMPD3/ADAMTS16/COL4A3/PRSS1/PAPLN/COL9A2/APLP1/IHH/COL9A3/KLK5/SCX/COMP/COL8A2/TCF15/COL22A1/CTSV/HAS3/COL17A1/GFAP/ADAMTS19/WT1/FBLN1/HPN/PXDN/COL23A1/FOXC2/THSD4/MMP17/PDGFRA/MMP26/TNF/COL28A1/FOXF2/MYH11/ADAMTS8/DPT/MMP7/PRSS2/ADAMTS6/SPINK5/ADAMTS18,50
GO:1903522,regulation of blood circulation,42/1451,267/18986,0.15730337078651685,2.0582782892851887,5.009568471666141,5.994022128151345e-6,7.210142617707384e-4,6.128624730327376e-4,RNLS/TRPM4/MDM2/DOCK5/THRB/KCNJ12/GSTM2/SLC8A1/ADRA1B/RANGRF/SLC1A1/AVPR2/TMEM38A/S100A1/KCNH2/ADM/SCN2B/KCNN2/ATP2A3/KCNE4/TNNI3/ADRA2B/ITGA4/ATP2B2/NOS1/GLP1R/HCN4/SMTNL1/KCND3/ATP2B3/SVEP1/ADRA2A/SCN3B/KCNMB4/SCN5A/PTGS2/TH/DRD2/CHRM2/TNF/PLN/TBX18,42
GO:0048705,skeletal system morphogenesis,38/1451,232/18986,0.16379310344827586,2.1431949428456,5.039685706271313,6.297724242508562e-6,7.410778548847576e-4,6.299165369337512e-4,DSCAML1/RARG/WNT7A/TSKU/HHIP/SMPD3/BMP7/DLX5/SATB2/THBS3/SOX11/HOXA4/HOXA11/IHH/LHX1/MSX1/PHOSPHO1/SCX/COMP/TCF15/HOXB9/BARX2/EYA1/PRRX1/GLI3/NOG/BMPR1B/MSX2/FGFR3/IRX5/HOXB2/CBS/HOXB8/FOXC2/PDGFRA/HOXC11/SIX1/SFRP4,38
GO:0008037,cell recognition,29/1451,156/18986,0.1858974358974359,2.432425029599392,5.16767463650665,6.498173087548977e-6,7.483959770830343e-4,6.361369443600577e-4,PTX3/CRTAC1/EPHB2/DSCAML1/SPA17/ATP8B3/ROBO3/TULP1/ASTL/EPHB1/PCDHB6/C4BPB/TUB/LY6K/ACR/FOLR1/EPHA3/EPHA4/CNR1/ROBO2/COLEC10/LBP/PCSK4/EFNB3/OPCML/C4BPA/FUT3/OVGP1/PAEP,29
GO:0072088,nephron epithelium morphogenesis,19/1451,80/18986,0.2375,3.10763266712612,5.434082278127374,6.871411014928822e-6,7.74894746329369e-4,6.586609111020589e-4,HES5/ADAMTS16/HOXA11/SALL1/LHX1/SHH/PAX2/EYA1/WT1/GLI3/WNK4/NOG/KIF26B/HS3ST3B1/WNT6/TMEM59L/TCF21/WNT11/SIX1,19
GO:0048732,gland development,61/1451,450/18986,0.13555555555555557,1.7737131480205224,4.778200235997221,8.447632146569334e-6,9.332047512118327e-4,7.93224492215995e-4,PLAG1/FOXI3/PCK1/PTPN3/FA2H/ATP2C2/PGR/WNT10A/RARG/CEACAM1/ESR1/CDKN2B/PCSK9/ASS1/BMP7/IRS2/ALDH1A3/HOXA11/SALL1/NEURL1/IGF2/APOA1/IHH/FOXN1/MSX1/ALOX15B/SIX3/SHH/RGN/FGL1/ERBB4/GLI1/CLDN1/COBL/HOXB9/SLC46A2/WT1/NKX3-1/GLI3/NOG/MSX2/HPN/CPS1/LEF1/PAX6/HNF1A/PDGFRA/DRD2/TNF/WNT2/FOXA1/MESP1/DNAAF1/SOSTDC1/FGF7/CCL11/TCF21/WNT11/HOXB13/SIX1/FOXB1,61
GO:0060047,heart contraction,40/1451,253/18986,0.15810276679841898,2.068738201540167,4.92282105248984,8.743174207308309e-6,9.465360396831976e-4,8.045560938977815e-4,RNLS/TRPM4/MDM2/FGF12/SCN8A/SCN4A/THRB/KCNJ12/GSTM2/SLC8A1/ADRA1B/RANGRF/SLC1A1/TMEM38A/S100A1/KCNH2/ADM/SCN11A/SCN2B/KCNN2/ATP2A3/KCNE4/MAP2K6/TNNI3/ATP2B2/NOS1/GLP1R/HCN4/KCND3/ATP2B3/SCN3B/SCN5A/TH/DRD2/CHRM2/TNF/SCN7A/SCN2A/PLN/TBX18,40
GO:0010721,negative regulation of cell development,43/1451,281/18986,0.15302491103202848,2.00229563118821,4.869184859065758,9.506752454378611e-6,0.0010028612608958777,8.524325593115758e-4,CDKN2A/EPHB2/MAG/WNT7A/ANXA1/HES5/CEACAM1/TRIM46/CDKN2B/GPR68/BMP7/SOX11/ZBTB46/SEMA6C/DLL3/ERBB2/TMEM176A/IHH/GPR37L1/BRINP1/SHH/TMEM176B/DAB1/TLR4/PIK3R1/GLI3/NOG/SEMA6D/TNFAIP6/EFNB3/CTLA4/PAX6/SLIT1/TNF/EPHA7/LHX2/FSTL4/ERFE/CALCA/CCL11/MT3/PAEP/LRP4,43
GO:0050803,regulation of synapse structure or activity,47/1451,318/18986,0.14779874213836477,1.9339124178077145,4.831221349591942,9.633989574466218e-6,0.0010028612608958777,8.524325593115758e-4,GPR158/EPHB2/KLK8/TANC2/WNT7A/GPC4/LRFN1/LRP8/SLITRK2/SLC12A5/NEURL1/KIF1A/PTPRT/CACNA2D3/RPS6KA5/GRIN2B/NLGN1/SNAP25/SLITRK6/LRRN1/DAB1/SYNDIG1/EPHB1/VSTM5/PTPN13/EPHA4/ROBO2/CAMKV/EFNB3/LRFN5/FLRT3/ST8SIA2/SLIT1/SLC18A3/DRD2/TNF/EPHA7/CTTNBP2/SLC17A7/SLITRK4/GPM6A/PAK3/FGF7/RELN/CBLN2/SIX1/LRP4,47
GO:0060675,ureteric bud morphogenesis,17/1451,68/18986,0.25,3.2711922811853893,5.397055339294735,9.970448222516182e-6,0.001011125846869948,8.594574614074386e-4,ADAMTS16/HOXA11/SALL1/LHX1/SHH/PAX2/EYA1/WT1/GLI3/NOG/KIF26B/HS3ST3B1/WNT6/TMEM59L/TCF21/WNT11/SIX1,17
GO:0061333,renal tubule morphogenesis,19/1451,82/18986,0.23170731707317074,3.0318367484157265,5.304018187156974,1.008697501034125e-5,0.001011125846869948,8.594574614074386e-4,HES5/ADAMTS16/HOXA11/SALL1/LHX1/SHH/PAX2/EYA1/WT1/GLI3/WNK4/NOG/KIF26B/HS3ST3B1/WNT6/TMEM59L/TCF21/WNT11/SIX1,19
GO:0006959,humoral immune response,46/1451,310/18986,0.14838709677419354,1.941610902381005,4.808354893575188,1.0748763695027057e-5,0.0010456157966281902,8.887739354695458e-4,KLK7/SUSD4/TRAF3IP2/ANG/CFB/ADM/CR2/KLK5/IFNE/CFD/HPX/CXCL14/C4BPB/SVEP1/CXCL9/COLEC10/CCL22/RNASE4/CXCL13/CCL25/CCL24/AZU1/RNASE7/KLK3/MUC7/CXCL3/IFNG/TNF/CCL13/PGLYRP4/IGHG3/DEFB4A/CALCA/C4BPA/CCL11/MMP7/IGHG4/PRSS2/IGHM/SPINK5/CCL20/IGHG2/IGKV3-20/IGHA1/IGHG1/JCHAIN,46
GO:0046942,carboxylic acid transport,51/1451,357/18986,0.14285714285714285,1.8692527321059367,4.769485391481841,1.0817381232436477e-5,0.0010456157966281902,8.887739354695458e-4,SLC6A12/SLC6A11/SLC6A13/SLCO3A1/SLC43A3/ANXA1/CEACAM1/SLC38A1/SLC43A1/SLC1A1/IRS2/SLC47A1/CRABP2/SLC38A3/SLC12A2/PLA2G4A/SLC16A10/SLC6A14/LRP2/MAP2K6/SLC27A2/GRM2/PLA2G2C/FABP3/ABCC6/SLC7A8/GFAP/SLC7A9/KCNK2/NTSR1/FOLR1/PLA2G10/SLC16A1/ABCC3/PLA2G3/FABP4/CRABP1/ACSL5/SLC13A5/PTGS2/SLC1A2/DRD2/SLC1A3/TNF/SLCO1B3/ERFE/SLC17A7/SLC23A1/SLCO1A2/SLC16A12/FABP6,51
GO:0001508,action potential,31/1451,177/18986,0.1751412429378531,2.2916827280620806,4.966446416495793,1.1223286912088974e-5,0.0010658184571076775,9.059462066988165e-4,TRPM4/CLDN19/FGF12/SCN8A/SCN4A/PTPN3/KCNS1/SLC8A1/RANGRF/KCND1/GNA14/KCNH2/SCN11A/SCN2B/KCNN2/KCNE4/KCNG1/KCNQ3/NOS1/HCN4/CHRNB4/KCND3/KCNK2/SCN3B/CNR1/KCNMB4/SCN5A/TNF/SCN7A/SCN2A/TBX18,31
GO:0006936,muscle contraction,51/1451,358/18986,0.1424581005586592,1.864031355759272,4.747598936482447,1.1699749738269077e-5,0.0010734024632754323,9.123926156284415e-4,TRPM4/RYR1/TNNT1/FGF12/SCN8A/DOCK5/SCN4A/KCNJ12/GSTM2/SLC8A1/ADRA1B/RANGRF/DTNA/TMEM38A/ANKRD2/KCNH2/NMU/ADORA2B/SCN11A/ATP8A2/SCN2B/KCNN2/KCNE4/MAP2K6/TNNI3/COMP/ADRA2B/TNNT3/NOS1/HCN4/GAMT/CHRNB4/KCND3/ADRA2A/SCN3B/MYOM2/CRYAB/SCN5A/PTGS2/DRD2/PROK2/CHRM2/TNF/MYH11/CALCA/SCN7A/SCN2A/PLN/MYOCD/SCNN1B/CCDC78,51
GO:0015849,organic acid transport,51/1451,358/18986,0.1424581005586592,1.864031355759272,4.747598936482447,1.1699749738269077e-5,0.0010734024632754323,9.123926156284415e-4,SLC6A12/SLC6A11/SLC6A13/SLCO3A1/SLC43A3/ANXA1/CEACAM1/SLC38A1/SLC43A1/SLC1A1/IRS2/SLC47A1/CRABP2/SLC38A3/SLC12A2/PLA2G4A/SLC16A10/SLC6A14/LRP2/MAP2K6/SLC27A2/GRM2/PLA2G2C/FABP3/ABCC6/SLC7A8/GFAP/SLC7A9/KCNK2/NTSR1/FOLR1/PLA2G10/SLC16A1/ABCC3/PLA2G3/FABP4/CRABP1/ACSL5/SLC13A5/PTGS2/SLC1A2/DRD2/SLC1A3/TNF/SLCO1B3/ERFE/SLC17A7/SLC23A1/SLCO1A2/SLC16A12/FABP6,51
GO:0072171,mesonephric tubule morphogenesis,17/1451,69/18986,0.2463768115942029,3.2237836974000937,5.3232526305618295,1.229703724970115e-5,0.001109397710543872,9.429885933060304e-4,ADAMTS16/HOXA11/SALL1/LHX1/SHH/PAX2/EYA1/WT1/GLI3/NOG/KIF26B/HS3ST3B1/WNT6/TMEM59L/TCF21/WNT11/SIX1,17
GO:0050807,regulation of synapse organization,46/1451,312/18986,0.14743589743589744,1.9291646786477938,4.760334093139635,1.2730657343851564e-5,0.0011296893147912871,9.602364667812802e-4,GPR158/EPHB2/KLK8/TANC2/WNT7A/GPC4/LRFN1/LRP8/SLITRK2/SLC12A5/NEURL1/KIF1A/PTPRT/CACNA2D3/RPS6KA5/GRIN2B/NLGN1/SNAP25/SLITRK6/LRRN1/DAB1/SYNDIG1/EPHB1/VSTM5/PTPN13/EPHA4/ROBO2/CAMKV/EFNB3/LRFN5/FLRT3/ST8SIA2/SLIT1/SLC18A3/DRD2/TNF/EPHA7/CTTNBP2/SLITRK4/GPM6A/PAK3/FGF7/RELN/CBLN2/SIX1/LRP4,46
GO:0060562,epithelial tube morphogenesis,48/1451,331/18986,0.14501510574018128,1.897489178210256,4.7383999240498085,1.3031461208685881e-5,0.0011377306374615594,9.670715949603733e-4,PGR/RARG/HES5/ESR1/HHIP/ADAMTS16/BMP7/EFNB2/ADM/SALL4/HOXA11/SALL1/CECR2/IHH/LHX1/TRIM71/LRP2/SHH/COBL/PAX2/FOLR1/EPHA4/EYA1/WT1/NKX3-1/GLI3/WNK4/NOG/KIF26B/MSX2/LEF1/FOXC2/HS3ST3B1/TNF/WNT2/EPHA7/WNT6/LHX2/FOXA1/BMP5/MESP1/DNAAF1/SOSTDC1/TMEM59L/CCL11/TCF21/WNT11/SIX1,48
GO:0015718,monocarboxylic acid transport,31/1451,179/18986,0.17318435754189945,2.2660773344524485,4.895680971117656,1.415788833023063e-5,0.0012164547544688635,0.0010339871326890241,SLC6A12/SLC6A11/SLC6A13/SLCO3A1/SLC43A3/ANXA1/CEACAM1/IRS2/CRABP2/PLA2G4A/SLC16A10/MAP2K6/SLC27A2/PLA2G2C/FABP3/NTSR1/PLA2G10/SLC16A1/ABCC3/PLA2G3/FABP4/CRABP1/ACSL5/PTGS2/DRD2/TNF/SLCO1B3/ERFE/SLCO1A2/SLC16A12/FABP6,31
GO:0051961,negative regulation of nervous system development,27/1451,146/18986,0.18493150684931506,2.4197860710138497,4.953874631985544,1.4746458184746057e-5,0.001247227783656725,0.001060144222459293,EPHB2/MAG/WNT7A/HES5/TRIM46/CDKN2B/BMP7/SOX11/SEMA6C/DLL3/GPR37L1/BRINP1/DAB1/PTPN13/ROBO2/NOG/SEMA6D/EFNB3/PAX6/SLIT1/TNF/EPHA7/LHX2/FSTL4/CCL11/MT3/LRP4,27
GO:0048645,animal organ formation,17/1451,70/18986,0.24285714285714285,3.1777296445800927,5.250787615273248,1.509638331199026e-5,0.0012571803518123582,0.0010686039102301124,BMP7/HOXA11/LRP2/NTF4/SHH/PAX2/FOLR1/EYA1/WT1/ROBO2/GLI3/NOG/HOXC11/WNT2/MESP1/WNT11/SIX1,17
GO:0003002,regionalization,58/1451,430/18986,0.13488372093023257,1.7649223470581636,4.615253035940337,1.6214377429425923e-5,0.00132982462159822,0.0011303515748647642,DSCAML1/FOXA2/RARG/WNT7A/HES5/CRB2/HHIP/HOXA4/HOXA11/DLL3/IHH/LHX1/MSX1/LRP2/HES6/NTF4/SIX3/TCF15/SHH/MEOX1/GLI1/COBL/TDRD5/HOXB9/PAX2/FOLR1/GREM2/WT1/ROBO2/NKX3-1/GLI3/DMRT3/NOG/BMPR1B/MSX2/WIF1/PKD1L1/LEF1/HOXB2/HOXB8/FOXC2/PAX6/HOXC11/WNT2/LHX2/FOXA1/MESP1/DNAAF1/DNAH11/SOSTDC1/HES2/RELN/DMRTA2/WNT11/TBX18/SIX1/FOXB1/LRP4,58
GO:0086001,cardiac muscle cell action potential,19/1451,85/18986,0.2235294117647059,2.924830745530466,5.116179117571793,1.746573696712426e-5,0.0014110751373588599,0.0011994145527619818,TRPM4/FGF12/SCN8A/SCN4A/SLC8A1/RANGRF/KCNH2/SCN11A/SCN2B/KCNN2/KCNE4/NOS1/HCN4/KCND3/SCN3B/SCN5A/SCN7A/SCN2A/TBX18,19
GO:0009410,response to xenobiotic stimulus,60/1451,451/18986,0.13303769401330376,1.7407675110520917,4.579942485351752,1.7756918073836755e-5,0.0014135029049070348,0.0012014781563582115,UCHL1/CDKN1A/SLC6A11/SRR/SST/MDM2/GRIN1/GSTM2/NR1I2/AMH/SLC1A1/TP73/TRAF3IP2/ASS1/KCNH2/FBP1/LRP8/IGFBP2/SCN11A/ABCA3/NQO1/SLC12A5/GABRG3/FMO5/CYP2S1/MAP2K6/GRM2/KCNQ3/CCNO/NOS1/ABCC6/CBR3/SMTNL1/KCNK3/SLC6A2/ACSM1/ABCC3/CYP2W1/NKX3-1/WNK4/GRIN2A/GAL/CPS1/PTGS2/LPO/PAX6/TH/SLC1A2/DRD2/SLC1A3/TNF/SLCO1B3/ALDH3A1/SLCO1A2/SCGB1A1/CES3/TFAP2B/MMP7/SCNN1B/ADCYAP1R1,60
GO:0050767,regulation of neurogenesis,53/1451,383/18986,0.13838120104438642,1.8106860668702416,4.610486181862639,1.8219104653243116e-5,0.0014190474966207561,0.0012061910620104282,L1CAM/PLAG1/EPHB2/MAG/WNT7A/HES5/MAP3K13/TRIM46/CDKN2B/TP73/BMP7/SOX11/LRP8/CRABP2/SEMA6C/NEURL1/DLL3/CHODL/LRP2/GPR37L1/HES6/BRINP1/SHH/RASSF10/DAB1/GFAP/EPHA4/ROBO2/GLI3/NOG/ZNF488/TENM4/SEMA6D/PLXNA4/LEF1/LPAR3/EFNB3/PAX6/SLIT1/RND2/DRD2/IFNG/TNF/WNT2/EPHA7/LHX2/FSTL4/HES2/RELN/DMRTA2/CCL11/MT3/LRP4,53
GO:0060541,respiratory system development,36/1451,225/18986,0.16,2.093563059958649,4.746715698681882,1.8528406473096904e-5,0.0014190474966207561,0.0012061910620104282,SPDEF/THRB/PGR/RARG/TP73/HHIP/ASS1/SMPD3/ALDH1A3/DLX5/AGR2/SOX11/ABCA3/ZFPM2/MSX1/MIR17HG/SHH/PKDCC/GLI1/WT1/GLI3/RBP4/NOG/LEF1/PDGFRA/SFTPD/TNF/WNT2/FOXA1/SLC23A1/DNAAF1/FGF7/TCF21/WNT11/MYOCD/SIX1,36
GO:0061138,morphogenesis of a branching epithelium,32/1451,190/18986,0.16842105263157894,2.203750589430157,4.796966846745432,1.8613037550355382e-5,0.0014190474966207561,0.0012061910620104282,PGR/ESR1/HHIP/ADAMTS16/BMP7/SOCS3/ADM/HOXA11/SALL1/IHH/LHX1/SHH/PAX2/EYA1/WT1/NKX3-1/GLI3/NOG/MSX2/LEF1/FOXC2/HS3ST3B1/TNF/WNT2/WNT6/FOXA1/TMEM59L/FGF7/CCL11/TCF21/HOXB13/SIX1,32
GO:0010975,regulation of neuron projection development,60/1451,452/18986,0.13274336283185842,1.736916255496667,4.561302725652914,1.8988264308361783e-5,0.0014275482597383656,0.0012134167147931194,L1CAM/ALK/FIGNL2/EPHB2/MAG/MDM2/KIF13B/TANC2/KLK6/WNT7A/MAP3K13/TRIM46/ITM2C/TSKU/BMP7/EFNB2/LRP8/VIM/CRABP2/ATP8A2/LPAR1/SEMA6C/KIF1A/UST/CHODL/NLGN1/ROBO3/SNAP25/DGKG/DAB1/COBL/GFAP/EPHA3/EPHA4/PLA2G3/CNR1/ROBO2/PRRX1/XK/NEU4/SEMA6D/PLXNA4/LPAR3/EFNB3/PAX6/SLIT1/RND2/RTN4RL2/EPHA7/FSTL4/CNTN1/NTNG1/FAT3/BMP5/TUBB2B/PAK3/ALKAL2/RELN/MT3/LRP4,60
GO:0003014,renal system process,25/1451,132/18986,0.1893939393939394,2.478175970594992,4.9022727895689275,1.9785536019326867e-5,0.0014472852226029233,0.0012301931428232967,NPR1/CLDN19/TMEM63C/KIRREL1/CLCNKB/CLDN16/AVPR2/SLC5A1/AKR1B1/ADM/SCN11A/OR51E2/CLCNKA/CHRNB4/ATP6V1B1/WNK4/AQP3/SLC12A3/AMN/HNF1A/DRD2/SCNN1B/IGKV3-20/IGHA1/JCHAIN,25
GO:0010977,negative regulation of neuron projection development,25/1451,132/18986,0.1893939393939394,2.478175970594992,4.9022727895689275,1.9785536019326867e-5,0.0014472852226029233,0.0012301931428232967,FIGNL2/EPHB2/MAG/MDM2/TRIM46/ITM2C/TSKU/EFNB2/VIM/LPAR1/SEMA6C/NLGN1/DAB1/GFAP/EPHA4/NEU4/SEMA6D/EFNB3/SLIT1/RTN4RL2/EPHA7/FSTL4/FAT3/MT3/LRP4,25
GO:0003015,heart process,40/1451,262/18986,0.15267175572519084,1.997674675533062,4.677635746574876,2.0278997225242878e-5,0.001463602826403196,0.001244063113986479,RNLS/TRPM4/MDM2/FGF12/SCN8A/SCN4A/THRB/KCNJ12/GSTM2/SLC8A1/ADRA1B/RANGRF/SLC1A1/TMEM38A/S100A1/KCNH2/ADM/SCN11A/SCN2B/KCNN2/ATP2A3/KCNE4/MAP2K6/TNNI3/ATP2B2/NOS1/GLP1R/HCN4/KCND3/ATP2B3/SCN3B/SCN5A/TH/DRD2/CHRM2/TNF/SCN7A/SCN2A/PLN/TBX18,40
GO:0072080,nephron tubule development,21/1451,101/18986,0.2079207920792079,2.7205955605898287,4.987318593802967,2.0928399417074837e-5,0.0014905977111135012,0.0012670087791140459,HES5/ADAMTS16/HOXA11/SALL1/LHX1/SHH/POU3F3/PAX2/EYA1/WT1/GLI3/WNK4/NOG/KIF26B/HS3ST3B1/WNT6/TMEM59L/TFAP2B/TCF21/WNT11/SIX1,21
GO:0019731,antibacterial humoral response,18/1451,79/18986,0.22784810126582278,2.981339800574026,5.076300453638803,2.1895926800708247e-5,0.0015392552178212175,0.001308367683470892,KLK7/ANG/ADM/KLK5/RNASE4/RNASE7/KLK3/IGHG3/CALCA/MMP7/IGHG4/IGHM/SPINK5/IGHG2/IGKV3-20/IGHA1/IGHG1/JCHAIN,18
GO:0042475,odontogenesis of dentin-containing tooth,20/1451,94/18986,0.2127659574468085,2.783993430796076,4.987746023287032,2.293535312328259e-5,0.0015916546981580599,0.0013529072672316899,FOXI3/WNT10A/SMPD3/BMP7/FAM20A/ADM/MSX1/KLK5/FAM20C/SHH/DLX3/GLI3/DMRT3/MSX2/SCN5A/LEF1/PDGFRA/WNT6/SOSTDC1/LRP4,20
GO:0048754,branching morphogenesis of an epithelial tube,28/1451,158/18986,0.17721518987341772,2.3188198448909088,4.788484037808655,2.3459105382665105e-5,0.0016073941447641291,0.0013662858044987234,PGR/ESR1/HHIP/ADAMTS16/BMP7/HOXA11/SALL1/IHH/LHX1/SHH/PAX2/EYA1/WT1/NKX3-1/GLI3/NOG/MSX2/LEF1/FOXC2/HS3ST3B1/TNF/WNT2/WNT6/FOXA1/TMEM59L/CCL11/TCF21/SIX1,28
GO:0042391,regulation of membrane potential,61/1451,466/18986,0.13090128755364808,1.7128131257708907,4.481612236187518,2.4832359858117164e-5,0.0016802195488998524,0.0014281874334188174,CDKN2A/TRPM4/GABRE/CLDN19/FGF12/SCN8A/GRIK5/SCN4A/GRIN1/PTPN3/KCNS1/SLC8A1/WNT7A/GABRQ/CELF4/RANGRF/KCND1/KCNK6/GNA14/KCNH2/RIMS3/SCN11A/CNGB1/SCN2B/KCNN2/GABRG3/TMEM108/KCNE4/GRIN2B/NLGN1/PIP5KL1/KCNG1/KCNQ3/IFI6/UBB/NOS1/HCN4/GABRA3/CHRNB4/KCND3/KCNK2/CCN6/KCNK3/HTR3A/NTSR1/SCN3B/RIMS4/KCNN4/CNR1/GRIN2A/KCNMB4/SCN5A/ACTN2/DRD2/TNF/RELN/SCN7A/SCN2A/PLN/TBX18/GABRP,61
GO:0001504,neurotransmitter uptake,13/1451,46/18986,0.2826086956521739,3.6978695352530484,5.269822584903089,2.6834411485302945e-5,0.0017932675230857389,0.0015242782664361167,SLC6A12/SLC6A11/SLC6A13/SLC38A1/SNAP25/SYNGR3/NOS1/GFAP/SLC6A2/SLC18A3/SLC1A2/DRD2/SLC1A3,13
GO:0072006,nephron development,28/1451,160/18986,0.175,2.289834596829772,4.713039804990646,2.974353724361551e-5,0.0019634361841425704,0.0016689217110634582,HES5/COL4A4/ADAMTS16/BMP7/COL4A3/HOXA11/SALL1/LHX1/SHH/ERBB4/POU3F3/PAX2/EYA1/WT1/GLI3/WNK4/NOG/KIF26B/FOXC2/PDGFRA/HS3ST3B1/WNT6/TMEM59L/TFAP2B/TCF21/WNT11/SIX1/DCHS2,28
GO:2000027,regulation of animal organ morphogenesis,18/1451,81/18986,0.2222222222222222,2.9077264721647906,4.949443791960809,3.137704131269071e-5,0.0020463123448866845,0.0017393664879869512,WNT10A/PAX9/BMP7/HOXA11/LHX1/MSX1/SHH/WT1/ROBO2/DMRT3/NOG/HOXC11/TNF/WNT2/MESP1/FGF7/AJAP1/SIX1,18
GO:0043269,regulation of monoatomic ion transport,62/1451,480/18986,0.12916666666666668,1.6901160119457848,4.40527034480777,3.205065699092859e-5,0.002065359598713053,0.0017555566629993595,RGS9/EPHB2/GABRE/WNK3/NKAIN4/FGF12/GCK/GRIN1/PTPN3/KCNS1/LRRC26/KCNJ12/ATP2C2/GSTM2/SLC8A1/GNB5/RANGRF/KCNIP3/HFE/TMEM38A/PCSK9/KCNH2/SCN2B/KCNN2/KCNJ4/JPH3/KCNE4/GRIN2B/KCNG1/FXYD6/TRPV3/KCNRG/TMC1/NOS1/KCNJ16/CACNA1F/CACNG6/ADRA2A/NTSR1/SCN3B/TESC/KCNN4/CXCL9/CNR1/WNK4/GRIN2A/GAL/SCN5A/NKAIN1/PTGS2/ACTN2/CXCR3/DRD2/IFNG/CNTN1/CALCA/EPPIN/PLPP4/GRP/RELN/PLN/ADCYAP1R1,62
GO:0042476,odontogenesis,25/1451,136/18986,0.18382352941176472,2.4052884420480805,4.731135354972959,3.348535263542552e-5,0.0021324260448889218,0.0018125631748538078,FOXI3/WNT10A/PAX9/SMPD3/BMP7/FAM20A/ADM/MSX1/KLK5/FAM20C/TSPEAR/SHH/DLX3/GLI3/DMRT3/ASPN/MSX2/SCN5A/LEF1/AQP3/PDGFRA/WNT6/SOSTDC1/AQP5/LRP4,25
GO:0072073,kidney epithelium development,27/1451,153/18986,0.17647058823529413,2.309076904366157,4.676675588881671,3.517591469792743e-5,0.002214037514649781,0.0018819329638266927,HES5/ADAMTS16/BMP7/EFNB2/HOXA11/SALL1/LHX1/SHH/POU3F3/PAX2/EPHA4/EYA1/WT1/ROBO2/GLI3/WNK4/NOG/KIF26B/FOXC2/HS3ST3B1/EPHA7/WNT6/TMEM59L/TFAP2B/TCF21/WNT11/SIX1,27
GO:0034765,regulation of monoatomic ion transmembrane transport,49/1451,354/18986,0.1384180790960452,1.811168607661967,4.431687720280898,3.6926582310802284e-5,0.002297512529291641,0.001952886766854408,RGS9/EPHB2/WNK3/FGF12/GRIN1/PTPN3/KCNS1/LRRC26/KCNJ12/GSTM2/SLC8A1/GNB5/RANGRF/KCNIP3/TMEM38A/PCSK9/KCNH2/KCNN2/KCNJ4/JPH3/KCNE4/GRIN2B/KCNG1/FXYD6/KCNRG/TMC1/NOS1/KCNJ16/CACNA1F/CACNG6/ADRA2A/NTSR1/SCN3B/TESC/KCNN4/CXCL9/WNK4/GRIN2A/GAL/SCN5A/ACTN2/CXCR3/DRD2/IFNG/CALCA/GRP/RELN/PLN/ADCYAP1R1,49
GO:0061326,renal tubule development,21/1451,105/18986,0.2,2.6169538249483115,4.779317617918326,3.861631391087183e-5,0.0023753421272676043,0.0020190419629715407,HES5/ADAMTS16/HOXA11/SALL1/LHX1/SHH/POU3F3/PAX2/EYA1/WT1/GLI3/WNK4/NOG/KIF26B/HS3ST3B1/WNT6/TMEM59L/TFAP2B/TCF21/WNT11/SIX1,21
GO:0030277,maintenance of gastrointestinal epithelium,9/1451,24/18986,0.375,4.906788421778084,5.50895929641691,3.949547966846588e-5,0.0024021239488247843,0.002041806524315368,TFF3/TFF1/TLR4/INAVA/RBP4/MUC13/MUC4/MUC6/SERPINA3,9
GO:0001658,branching involved in ureteric bud morphogenesis,15/1451,61/18986,0.2459016393442623,3.217566178215137,4.990105005819966,4.0484482175304086e-5,0.0024298669895146305,0.0020653881223892676,ADAMTS16/HOXA11/SALL1/LHX1/SHH/PAX2/EYA1/WT1/GLI3/NOG/HS3ST3B1/WNT6/TMEM59L/TCF21/SIX1,15
GO:0009953,dorsal/ventral pattern formation,19/1451,90/18986,0.2111111111111111,2.762340148556551,4.82072293423359,4.084941733712015e-5,0.0024298669895146305,0.0020653881223892676,DSCAML1/WNT7A/HHIP/HOXA11/LHX1/SIX3/SHH/GLI1/GREM2/GLI3/DMRT3/NOG/BMPR1B/HOXB2/PAX6/LHX2/FOXA1/SOSTDC1/LRP4,19
GO:0050770,regulation of axonogenesis,26/1451,146/18986,0.1780821917808219,2.3301643646800034,4.641169283942888,4.150345345003817e-5,0.00244193688614192,0.002075647540390353,L1CAM/EPHB2/MAG/KIF13B/WNT7A/MAP3K13/TRIM46/CRABP2/SEMA6C/UST/CHODL/DAB1/EPHA4/ROBO2/XK/SEMA6D/PLXNA4/LPAR3/EFNB3/SLIT1/RND2/EPHA7/FSTL4/PAK3/MT3/LRP4,26
GO:0050768,negative regulation of neurogenesis,25/1451,138/18986,0.18115942028985507,2.370429189264775,4.647823513705499,4.313362139321664e-5,0.0025105622860374373,0.002133979163664402,EPHB2/MAG/WNT7A/HES5/TRIM46/CDKN2B/BMP7/SOX11/SEMA6C/DLL3/GPR37L1/BRINP1/DAB1/NOG/SEMA6D/EFNB3/PAX6/SLIT1/TNF/EPHA7/LHX2/FSTL4/CCL11/MT3/LRP4,25
GO:0061053,somite development,18/1451,83/18986,0.21686746987951808,2.8376607740403377,4.826420378505302,4.434613701493619e-5,0.002553677017679251,0.0021706267065205614,CRB2/DLL3/IHH/LHX1/SCX/TCF15/SHH/MEOX1/COBL/NKX3-1/NOG/LEF1/FOXC2/MESP1/WNT11/TBX18/SIX1/FOXB1,18
GO:0002449,lymphocyte mediated immunity,52/1451,386/18986,0.13471502590673576,1.762715011623215,4.354974298049242,4.517064238223204e-5,0.002573775654894969,0.002187710557925056,MLH1/TRPM4/CEACAM1/UNC13D/HFE/SUSD4/RSAD2/TRAF3IP2/CR2/HPX/C4BPB/SVEP1/PIK3R1/IL9R/CD2/CD8A/CD27/IL4I1/IGHV2-70/KLRB1/TNF/IGHV1-69/IGHV4-34/IGHG3/IGHV3-13/IGHV3-20/C4BPA/IGHV3-21/IGHV3-53/IGHV4-39/IGLC2/IGHV1-18/IGHV3-30/IGHG4/IGHV4-31/IGHM/IGHV2-5/IGHV5-51/IGHV3-66/IGHV4-61/IGLL5/IGHG2/IGHV1-24/IGHV1-69D/IGHA1/IGHG1/IGHV3-15/IGHV3-23/IGHV3-11/IGHV4-4/IGHV3-43/IGHV1-3,52
GO:0086010,membrane depolarization during action potential,10/1451,30/18986,0.3333333333333333,4.361589708247186,5.300515448776903,4.7868580299199145e-5,0.002699089845412135,0.002294227680787275,TRPM4/PTPN3/SLC8A1/RANGRF/KCNH2/SCN11A/SCN2B/HCN4/SCN3B/SCN5A,10
GO:0050890,cognition,46/1451,329/18986,0.1398176291793313,1.8294813973802784,4.365860106646851,4.924783928194653e-5,0.0027435128206681797,0.0023319872313515445,GPR158/EPHB2/KLK8/GRIN1/FOXO6/SLC1A1/ABCA7/SYT11/SLC12A5/SLC2A4/FAM107A/JPH3/RAPGEF3/GRIN2B/SNAP25/NTF4/CHL1/BRINP1/LRRN4/MGAT3/GLP1R/CBR3/KCNK2/NTSR1/MEIS2/CNR1/NOG/GRIN2A/PRKCG/PTGS2/NPTX2/PPP1R1B/PAX6/ADGRF1/TH/DRD2/TNF/DNAH11/RELN/NRXN3/CCL11/SCN2A/PLN/RASGRF1/FOXB1/TMPRSS11E,46
GO:0086002,cardiac muscle cell action potential involved in contraction,15/1451,62/18986,0.24193548387096775,3.165669949534248,4.913237606025083,4.967010094688372e-5,0.0027435128206681797,0.0023319872313515445,TRPM4/FGF12/SCN8A/SCN4A/KCNH2/SCN11A/SCN2B/KCNN2/KCNE4/NOS1/KCND3/SCN3B/SCN5A/SCN7A/SCN2A,15
GO:0060041,retina development in camera-type eye,29/1451,174/18986,0.16666666666666666,2.180794854123593,4.5010901656049365,5.476645862385352e-5,0.0029944529346557485,0.0025452864502377853,CLDN19/THRB/TGIF2/PDE6B/CELF4/SLC1A1/CRB2/FJX1/ATP8A2/IHH/LHX1/SIX3/TULP1/ATP2B2/TUB/PAX2/RBP4/BMPR1B/PAX6/PDGFRA/SAMD11/SDK1/LHX2/SDK2/FAT3/SLC17A7/GPM6A/DCX/TFAP2B,29
GO:0001657,ureteric bud development,20/1451,100/18986,0.2,2.6169538249483115,4.663518964502191,5.8539174660948556e-5,0.0031687255243971453,0.0026934182362421703,ADAMTS16/BMP7/HOXA11/SALL1/LHX1/SHH/PAX2/EYA1/WT1/ROBO2/GLI3/NOG/KIF26B/FOXC2/HS3ST3B1/WNT6/TMEM59L/TCF21/WNT11/SIX1,20
GO:0086003,cardiac muscle cell contraction,18/1451,85/18986,0.21176470588235294,2.7708922852393885,4.707012369918188,6.1861509067809e-5,0.0033142206082992912,0.0028170891282927463,TRPM4/FGF12/SCN8A/SCN4A/RANGRF/KCNH2/SCN11A/SCN2B/KCNN2/KCNE4/NOS1/HCN4/KCND3/SCN3B/SCN5A/SCN7A/SCN2A/PLN,18
GO:0043651,linoleic acid metabolic process,8/1451,20/18986,0.4,5.233907649896623,5.449474535202521,6.245159838287968e-5,0.0033142206082992912,0.0028170891282927463,GSTM2/ELOVL3/ELOVL2/FADS2/ALOX15B/ALOXE3/ALOX12B/ALOX15,8
GO:0070633,transepithelial transport,11/1451,37/18986,0.2972972972972973,3.8900664965447875,5.061761420385894,6.6619435536056e-5,0.0034965807496200743,0.002972095337071445,CLDN19/CLCNKB/SLC1A1/SLC5A1/SLC12A2/CLCNKA/SLC1A2/RHBG/SLC1A3/RHCG/SCNN1B,11
GO:0072163,mesonephric epithelium development,20/1451,101/18986,0.19801980198019803,2.5910433910379322,4.611798652410002,6.78257858322756e-5,0.0034965807496200743,0.002972095337071445,ADAMTS16/BMP7/HOXA11/SALL1/LHX1/SHH/PAX2/EYA1/WT1/ROBO2/GLI3/NOG/KIF26B/FOXC2/HS3ST3B1/WNT6/TMEM59L/TCF21/WNT11/SIX1,20
GO:0072164,mesonephric tubule development,20/1451,101/18986,0.19801980198019803,2.5910433910379322,4.611798652410002,6.78257858322756e-5,0.0034965807496200743,0.002972095337071445,ADAMTS16/BMP7/HOXA11/SALL1/LHX1/SHH/PAX2/EYA1/WT1/ROBO2/GLI3/NOG/KIF26B/FOXC2/HS3ST3B1/WNT6/TMEM59L/TCF21/WNT11/SIX1,20
GO:0006941,striated muscle contraction,31/1451,194/18986,0.15979381443298968,2.090865169417465,4.393104764056242,7.029489010154137e-5,0.003589681510562674,0.003051231029134433,TRPM4/RYR1/TNNT1/FGF12/SCN8A/SCN4A/GSTM2/SLC8A1/ADRA1B/RANGRF/DTNA/TMEM38A/KCNH2/SCN11A/ATP8A2/SCN2B/KCNN2/KCNE4/MAP2K6/TNNI3/TNNT3/NOS1/HCN4/KCND3/SCN3B/SCN5A/TNF/SCN7A/SCN2A/PLN/CCDC78,31
GO:0008016,regulation of heart contraction,33/1451,213/18986,0.15492957746478872,2.027217751720523,4.336822020938824,7.776366592967942e-5,0.003933969380162193,0.003343875885672689,RNLS/TRPM4/MDM2/THRB/KCNJ12/GSTM2/SLC8A1/ADRA1B/RANGRF/SLC1A1/TMEM38A/S100A1/KCNH2/ADM/SCN2B/KCNN2/ATP2A3/KCNE4/TNNI3/ATP2B2/NOS1/GLP1R/HCN4/KCND3/ATP2B3/SCN3B/SCN5A/TH/DRD2/CHRM2/TNF/PLN/TBX18,33
GO:0051962,positive regulation of nervous system development,42/1451,297/18986,0.1414141414141414,1.8503713913775939,4.248933710294067,7.935606315208209e-5,0.003977355276316856,0.0033807539184965967,L1CAM/PLAG1/EPHB2/MAG/WNT7A/MAP3K13/TP73/SOX11/LRP8/CRABP2/SLITRK2/NEURL1/CHODL/LRP2/NLGN1/SHH/SLITRK6/RASSF10/LRRN1/SYNDIG1/GFAP/EPHB1/VSTM5/EPHA4/ROBO2/GLI3/ZNF488/TENM4/PLXNA4/LPAR3/FLRT3/PAX6/ST8SIA2/RND2/DRD2/IFNG/TNF/WNT2/SLITRK4/RELN/DMRTA2/CBLN2,42
GO:0048596,embryonic camera-type eye morphogenesis,9/1451,26/18986,0.34615384615384615,4.5293431585643855,5.180211793255118,8.205586448746298e-5,0.004074939398813184,0.0034637004700598813,BMP7/ALDH1A3/SOX11/IHH/SIX3/PAX2/PAX6/TH/FOXF2,9
GO:0070293,renal absorption,11/1451,38/18986,0.2894736842105263,3.7876963255830822,4.948136763658051,8.733077445852312e-5,0.004274812469867815,0.00363359267762642,CLDN19/KIRREL1/CLCNKB/CLDN16/SLC5A1/CLCNKA/WNK4/AQP3/SLC12A3/AMN/HNF1A,11
GO:0089718,amino acid import across plasma membrane,13/1451,51/18986,0.2549019607843137,3.335333306306671,4.80382777007285,8.766011161192083e-5,0.004274812469867815,0.00363359267762642,SLC6A13/SLC38A1/SLC43A1/SLC1A1/SLC47A1/SLC38A3/SLC6A14/SLC7A8/GFAP/NTSR1/SLC1A2/SLC1A3/TNF,13
GO:0048704,embryonic skeletal system morphogenesis,19/1451,95/18986,0.2,2.6169538249483115,4.544834452606907,8.881232558742912e-5,0.004292331414328159,0.0036484837889347063,DSCAML1/BMP7/SATB2/SOX11/HOXA4/HOXA11/LHX1/HOXB9/EYA1/PRRX1/GLI3/NOG/IRX5/HOXB2/HOXB8/FOXC2/PDGFRA/HOXC11/SIX1,19
GO:0034762,regulation of transmembrane transport,61/1451,487/18986,0.12525667351129363,1.6389546542284086,4.109098142914471,9.035510076863465e-5,0.004321068776700241,0.003672910560921905,RGS9/EPHB2/WNK3/FGF12/GRIN1/PTPN3/KCNS1/LRRC26/KCNJ12/GSTM2/SLC8A1/GNB5/RANGRF/SLC38A1/SLC43A1/KCNIP3/TMEM38A/CACNG8/PCSK9/IRS2/KCNH2/C1QTNF12/CACNG4/KCNN2/KCNJ4/JPH3/KCNE4/GRIN2B/NLGN1/KCNG1/FXYD6/KCNRG/TMC1/NOS1/KCNJ16/CACNA1F/CACNG6/ADRA2A/NTSR1/SCN3B/PIK3R1/TESC/KCNN4/CXCL9/WNK4/GRIN2A/GAL/ACSL5/SCN5A/ACTN2/CXCR3/SLC1A2/DRD2/IFNG/TNF/ERFE/CALCA/GRP/RELN/PLN/ADCYAP1R1,61
GO:1904062,regulation of monoatomic cation transmembrane transport,44/1451,318/18986,0.13836477987421383,1.810471199649775,4.192647713335763,9.100348061035054e-5,0.004321068776700241,0.003672910560921905,RGS9/WNK3/FGF12/GRIN1/PTPN3/KCNS1/LRRC26/GSTM2/SLC8A1/GNB5/RANGRF/KCNIP3/TMEM38A/PCSK9/KCNH2/KCNN2/JPH3/KCNE4/GRIN2B/KCNG1/FXYD6/KCNRG/TMC1/NOS1/CACNA1F/CACNG6/ADRA2A/NTSR1/SCN3B/TESC/KCNN4/CXCL9/WNK4/GRIN2A/GAL/SCN5A/ACTN2/CXCR3/DRD2/IFNG/CALCA/GRP/PLN/ADCYAP1R1,44
GO:0055081,monoatomic anion homeostasis,8/1451,21/18986,0.38095238095238093,4.984673952282498,5.255476960737341,9.41401985051448e-5,0.004431138213116077,0.003766469635386618,SLC12A5/SLC12A2/ATP6V1B1/CA12/WNK4/CPS1/SLC12A3/FASLG,8
GO:0032370,positive regulation of lipid transport,18/1451,88/18986,0.20454545454545456,2.6764300482425916,4.534244888616766,9.960232595535322e-5,0.004647822331002819,0.003950651240933294,ABCA7/ABCA3/ATP8A2/PLA2G4A/APOA1/ABCG4/MAP2K6/FABP3/PLTP/ECRG4/NTSR1/PLA2G10/PLA2G3/NKX3-1/GAL/ACSL5/FASLG/ERFE,18
GO:0010959,regulation of metal ion transport,53/1451,408/18986,0.12990196078431374,1.699737165713977,4.110093159173002,1.0097351591622089e-4,0.004671535398756442,0.003970807360052195,RGS9/WNK3/NKAIN4/FGF12/GCK/GRIN1/PTPN3/KCNS1/LRRC26/ATP2C2/GSTM2/SLC8A1/GNB5/RANGRF/KCNIP3/HFE/TMEM38A/PCSK9/KCNH2/SCN2B/KCNN2/JPH3/KCNE4/KCNG1/FXYD6/TRPV3/KCNRG/TMC1/NOS1/CACNA1F/CACNG6/ADRA2A/NTSR1/SCN3B/TESC/KCNN4/CXCL9/WNK4/GAL/SCN5A/NKAIN1/PTGS2/ACTN2/CXCR3/DRD2/IFNG/CNTN1/CALCA/EPPIN/PLPP4/GRP/PLN/ADCYAP1R1,53
GO:0030509,BMP signaling pathway,28/1451,172/18986,0.16279069767441862,2.13007869472537,4.282707980644956,1.1126341205700701e-4,0.005103973300547279,0.004338379786808008,HES5/TMPRSS6/HFE/CRB2/SMPD3/BMP7/DLX5/SOX11/SLC39A5/MSX1/LRP2/SCX/COMP/KCP/SMAD9/DLX3/GREM2/NOG/BMPR1B/MSX2/LEF1/TNFAIP6/FSTL4/SCUBE3/BMP5/SOSTDC1/TFAP2B/SFRP4,28
GO:0048566,embryonic digestive tract development,10/1451,33/18986,0.30303030303030304,3.9650815529519874,4.903890378224245,1.1934515244303735e-4,0.005385896978311474,0.0045780150499673215,SOX11/SALL1/IHH/SHH/PKDCC/GLI3/PDGFRA/TNF/FOXF2/TCF21,10
GO:0001823,mesonephros development,20/1451,105/18986,0.19047619047619047,2.492336976141249,4.410980877682657,1.193991571027853e-4,0.005385896978311474,0.0045780150499673215,ADAMTS16/BMP7/HOXA11/SALL1/LHX1/SHH/PAX2/EYA1/WT1/ROBO2/GLI3/NOG/KIF26B/FOXC2/HS3ST3B1/WNT6/TMEM59L/TCF21/WNT11/SIX1,20
GO:0007188,adenylate cyclase-modulating G protein-coupled receptor signaling pathway,39/1451,274/18986,0.14233576642335766,1.8624306418427763,4.1364280765572055,1.2219444410269223e-4,0.005466434098577463,0.004646471641347262,ADGRL2/ADCY9/ADRA1B/AVPR2/MRAP2/ADCY5/GNA14/ADORA2B/ADM/LPAR1/APLP1/OR51E2/RAPGEF3/GPR37L1/GRM2/ADGRL1/HTR6/ADRA2B/NOS1/GLP1R/PTGER1/TSHR/ADRA2A/CXCL9/CNR1/ADGRG2/GRM4/PALM/LPAR3/CALCB/ADGRF1/CXCR3/DRD2/GPR37/CHRM2/CALCA/CCR3/PLN/ADCYAP1R1,39
GO:0002028,regulation of sodium ion transport,17/1451,82/18986,0.2073170731707317,2.7126960380561767,4.470915757382971,1.2939682862635703e-4,0.005741188797987464,0.004880013269420247,WNK3/NKAIN4/FGF12/PTPN3/RANGRF/PCSK9/SCN2B/FXYD6/NOS1/SCN3B/TESC/WNK4/SCN5A/NKAIN1/DRD2/CNTN1/GRP,17
GO:0060560,developmental growth involved in morphogenesis,35/1451,238/18986,0.14705882352941177,1.9242307536384644,4.127409348079511,1.39741062364073e-4,0.006149742850217294,0.005227284412437853,L1CAM/MAG/RARG/ESR1/MAP3K13/TRIM46/WASF1/CRABP2/SEMA6C/SALL1/TMEM108/LHX1/ITGA4/SHH/RASAL1/COBL/ALCAM/KIF26B/CPNE6/SEMA6D/PLXNA4/LPAR3/FLRT3/NRN1/ST8SIA2/SLIT1/RND2/EPHA7/LHX2/FSTL4/MESP1/CCL11/WNT11/SIX1/MT3,35
GO:0002443,leukocyte mediated immunity,60/1451,485/18986,0.12371134020618557,1.6187343247102959,3.9706682120169337,1.4507140676047817e-4,0.006273259273266753,0.00533227343207852,MLH1/TRPM4/CEACAM1/UNC13D/HFE/SUSD4/RSAD2/TRAF3IP2/ADORA2B/SCN11A/BST2/CR2/HPX/C4BPB/SVEP1/TLR4/PIK3R1/IL9R/PLA2G3/CD2/CD8A/CD27/IL4I1/IGHV2-70/KLRB1/AZU1/TNF/IGHV1-69/IGHV4-34/IGHG3/IGHV3-13/GRP/IGHV3-20/C4BPA/IGHV3-21/IGHV3-53/IGHV4-39/IGLC2/IGHV1-18/IGHV3-30/IGHG4/IGHV4-31/IGHM/IGHV2-5/IGHV5-51/IGHV3-66/IGHV4-61/IGLL5/SCNN1B/IGHG2/IGHV1-24/IGHV1-69D/IGHA1/IGHG1/IGHV3-15/IGHV3-23/IGHV3-11/IGHV4-4/IGHV3-43/IGHV1-3,60
GO:0016266,O-glycan processing,11/1451,40/18986,0.275,3.5983115093039286,4.7320417542910995,1.4557626970912883e-4,0.006273259273266753,0.00533227343207852,GALNT10/GALNT12/GALNT4/B3GNT8/GCNT1/GCNT3/GALNT8/GALNT14/B3GNT7/GALNT13/B3GNT3,11
GO:0009952,anterior/posterior pattern specification,33/1451,220/18986,0.15,1.9627153687112338,4.13151668687012,1.464611127843795e-4,0.006273259273266753,0.00533227343207852,FOXA2/RARG/HES5/CRB2/HOXA4/HOXA11/DLL3/LHX1/MSX1/HES6/TCF15/SHH/MEOX1/COBL/TDRD5/HOXB9/WT1/NKX3-1/GLI3/NOG/MSX2/WIF1/LEF1/HOXB2/HOXB8/FOXC2/PAX6/HOXC11/WNT2/MESP1/HES2/TBX18/FOXB1,33
GO:0072009,nephron epithelium development,22/1451,123/18986,0.17886178861788618,2.3403652093033682,4.28999160081865,1.4718343390077176e-4,0.006273259273266753,0.00533227343207852,HES5/ADAMTS16/HOXA11/SALL1/LHX1/SHH/POU3F3/PAX2/EYA1/WT1/GLI3/WNK4/NOG/KIF26B/FOXC2/HS3ST3B1/WNT6/TMEM59L/TFAP2B/TCF21/WNT11/SIX1,22
GO:0007189,adenylate cyclase-activating G protein-coupled receptor signaling pathway,29/1451,184/18986,0.15760869565217392,2.0622733946603544,4.165137218437377,1.518230415701962e-4,0.006420454093902125,0.005457389101178681,ADGRL2/ADCY9/ADRA1B/MRAP2/ADCY5/ADORA2B/ADM/LPAR1/APLP1/OR51E2/RAPGEF3/ADGRL1/HTR6/ADRA2B/NOS1/GLP1R/PTGER1/TSHR/ADRA2A/CXCL9/CNR1/ADGRG2/LPAR3/CALCB/ADGRF1/CXCR3/DRD2/CALCA/PLN,29
GO:0003156,regulation of animal organ formation,9/1451,28/18986,0.32142857142857145,4.205818647238358,4.88323729466915,1.5773564487413347e-4,0.006568278840315878,0.00558304020749671,BMP7/HOXA11/SHH/WT1/ROBO2/HOXC11/WNT2/MESP1/SIX1,9
GO:0051588,regulation of neurotransmitter transport,19/1451,99/18986,0.1919191919191919,2.5112183168695914,4.336600722633035,1.5774547371902163e-4,0.006568278840315878,0.00558304020749671,GPR158/WNT7A/SNCG/FER1L5/OTOF/RIMS3/SYT11/NLGN1/SYNGR3/NOS1/CHRNB4/GFAP/RIMS4/KCNMB4/PRKCG/SV2B/SLC18A3/DRD2/SYT5,19
GO:0097120,receptor localization to synapse,16/1451,76/18986,0.21052631578947367,2.754688236787696,4.409071261966372,1.6750456790585205e-4,0.006921391038735703,0.005883185747822253,CACNG8/GPC4/CACNA2D2/CACNG4/SLC12A5/ERBB2/SHISA6/TMEM108/NLGN1/ERBB4/KIF5A/KIF5C/RAPSN/DLG2/NPTX1/RELN,16
GO:0007626,locomotory behavior,32/1451,213/18986,0.15023474178403756,1.9657869107592951,4.0774664720308955,1.779328165310517e-4,0.007296593453655931,0.006202107982912497,ALK/UCHL1/FGF12/FOXA2/SNCG/SLC1A1/NR4A2/ADCY5/ALDH1A3/ANKFN1/MCOLN3/SNAP25/NTF4/CHL1/SLITRK6/DAB1/CHRNB4/GAD1/CWH43/NTSR1/EPHA4/DMRT3/DMBX1/EFNB3/HOXB8/PPP1R1B/TH/DRD2/GPR37/CNTN1/RELN/PLN,32
GO:0070588,calcium ion transmembrane transport,46/1451,348/18986,0.13218390804597702,1.729595918787677,3.95146815315199,1.8915716192075075e-4,0.00769855426674454,0.006543774869454702,TRPM4/RYR1/RGS9/GRIN1/ATP2C2/GSTM2/SLC8A1/GNB5/CALHM3/CACNA1A/TMEM38A/CACNG8/CACNA2D2/SCN11A/CNGB1/CACNG4/MCOLN3/ATP2A3/TMCO1/TRPM5/CACNA2D3/JPH3/GRIN2B/TRPV3/TMC1/ATP2B2/NOS1/BHLHA15/CACNA1F/CACNA1B/CACNG6/ATP2B3/ADRA2A/NTSR1/KCNN4/CXCL9/GRIN2A/PKD1L1/CXCR3/FASLG/DRD2/CNGA4/GPM6A/CALCA/PLN/ADCYAP1R1,46
GO:0030534,adult behavior,25/1451,151/18986,0.16556291390728478,2.1663525040962845,4.13924954132073,1.9342093422912245e-4,0.007813339678971938,0.006641342525651958,ALK/UCHL1/FGF12/FOXA2/SNCG/SLC1A1/NR4A2/NTF4/GRM2/CHL1/SLITRK6/DAB1/CHRNB4/ATP6V1B1/NTSR1/EPHA4/DMRT3/DMBX1/EFNB3/HOXB8/PPP1R1B/SLC1A2/DRD2/SDK1/NRXN3,25
GO:0002920,regulation of humoral immune response,12/1451,48/18986,0.25,3.2711922811853893,4.532038472823215,1.9866824880815292e-4,0.007965860968878012,0.006770985696221728,KLK7/SUSD4/CR2/KLK5/HPX/C4BPB/SVEP1/CXCL13/KLK3/TNF/C4BPA/SPINK5,12
GO:0048048,embryonic eye morphogenesis,10/1451,35/18986,0.2857142857142857,3.7385054642118734,4.66463525193808,2.0561275218014557e-4,0.008183689908464176,0.006956140400769477,RARG/BMP7/ALDH1A3/SOX11/IHH/SIX3/PAX2/PAX6/TH/FOXF2,10
GO:0007611,learning or memory,39/1451,282/18986,0.13829787234042554,1.8095957300174494,3.940139861215569,2.2462860450647124e-4,0.008790561449550014,0.00747198150572853,EPHB2/KLK8/GRIN1/FOXO6/SLC1A1/ABCA7/SYT11/SLC12A5/SLC2A4/JPH3/RAPGEF3/GRIN2B/SNAP25/NTF4/BRINP1/LRRN4/GLP1R/KCNK2/NTSR1/MEIS2/CNR1/NOG/GRIN2A/PRKCG/PTGS2/NPTX2/PPP1R1B/PAX6/ADGRF1/TH/DRD2/DNAH11/RELN/NRXN3/CCL11/SCN2A/PLN/RASGRF1/FOXB1,39
GO:0002923,regulation of humoral immune response mediated by circulating immunoglobulin,7/1451,18/18986,0.3888888888888889,5.088521326288383,4.992037870788459,2.251029032709994e-4,0.008790561449550014,0.00747198150572853,SUSD4/CR2/HPX/C4BPB/SVEP1/TNF/C4BPA,7
GO:0015711,organic anion transport,57/1451,462/18986,0.12337662337662338,1.614354632273309,3.845553526415603,2.2573213402687085e-4,0.008790561449550014,0.00747198150572853,SLC6A12/SLC6A11/SLC6A13/SLCO3A1/SLC43A3/CD47/ANXA1/CALHM3/CEACAM1/SLC38A1/SLC43A1/SLC1A1/IRS2/SLC47A1/CRABP2/SLC38A3/SLC39A5/SLC12A2/PLA2G4A/SLC16A10/SLC6A14/SLC2A4/LRP2/MAP2K6/SLC27A2/GRM2/PLA2G2C/FABP3/ABCC6/SLC7A8/GFAP/SLC7A9/KCNK2/NTSR1/SLC46A2/FOLR1/PLA2G10/SLC16A1/ABCC3/SLCO4C1/PLA2G3/FABP4/CRABP1/ACSL5/SLC13A5/PTGS2/SLC1A2/DRD2/SLC1A3/TNF/SLCO1B3/ERFE/SLC17A7/SLC23A1/SLCO1A2/SLC16A12/FABP6,57
GO:0007586,digestion,24/1451,144/18986,0.16666666666666666,2.180794854123593,4.091460097362997,2.3216410417516885e-4,0.00897645925642992,0.007629994731952355,SST/TFF3/WNK3/PPARGC1A/SLC5A1/PRSS1/APOA1/TFF1/GCNT3/TLR4/ADRA2A/KCNN4/INAVA/RBP4/WNK4/MUC13/NPC1L1/CYP8B1/MUC4/MUC6/AQP5/SERPINA3/PRSS2/LRCOL1,24
GO:0006958,"complement activation, classical pathway",11/1451,42/18986,0.2619047619047619,3.426963342194218,4.529373565876956,2.339263857954705e-4,0.008980450541211927,0.007633387325957458,SUSD4/CR2/C4BPB/SVEP1/IGHG3/C4BPA/IGHG4/IGHM/IGHG2/IGHA1/IGHG1,11
GO:0010466,negative regulation of peptidase activity,30/1451,198/18986,0.15151515151515152,1.9825407764759937,3.9978732808330832,2.4027456437684155e-4,0.009135935629130223,0.007765549726278493,PCSK1N/CRB2/BIRC7/CPAMD8/LAMP3/CD44/PAPLN/IFI6/RARRES1/PAX2/SERPINA4/SPINK4/PTGS2/SERPINA6/TNF/SERPINA11/COL28A1/SLCO1B3/AMBP/EPPIN/SERPIND1/CST2/SERPINA3/SPOCK3/ITIH2/A2ML1/CST1/SERPINA5/SPINK5/PZP,30
GO:0030902,hindbrain development,26/1451,162/18986,0.16049382716049382,2.1000246743412374,4.044735239800838,2.4285445627126958e-4,0.009135935629130223,0.007765549726278493,EPHB2/WNT7A/BMP7/EN2/SSTR1/LPAR1/LHX1/GPR37L1/SHH/GLI1/TRNP1/DAB1/EPHB1/SSTR3/NANOS1/NOG/SCN5A/LEF1/HOXB2/CBS/CD3E/PAX6/CNTN1/FAIM2/BMP5/MYO16,26
GO:0002455,humoral immune response mediated by circulating immunoglobulin,13/1451,56/18986,0.23214285714285715,3.0375356896721475,4.392482632342604,2.4303985416492742e-4,0.009135935629130223,0.007765549726278493,SUSD4/CR2/HPX/C4BPB/SVEP1/TNF/IGHG3/C4BPA/IGHG4/IGHM/IGHG2/IGHA1/IGHG1,13
GO:0030850,prostate gland development,12/1451,49/18986,0.24489795918367346,3.2044332550387487,4.444526768773093,2.45003173379157e-4,0.009146221913802597,0.007774293073250783,PLAG1/RARG/ESR1/BMP7/HOXA11/ALOX15B/SHH/GLI1/NKX3-1/NOG/FOXA1/HOXB13,12
GO:0170040,proteinogenic amino acid catabolic process,15/1451,71/18986,0.2112676056338028,2.7643878432552587,4.284559518787589,2.546112690231551e-4,0.009439799994673552,0.008023834584716736,GLDC/PIPOX/HPD/AADAT/ASRGL1/ADHFE1/HGD/NOS1/GAD1/AASS/CBS/IL4I1/MAT1A/FTCD/THNSL2,15
GO:0008544,epidermis development,50/1451,393/18986,0.1272264631043257,1.664728896277552,3.830471370333028,2.596019147480991e-4,0.009559354860758233,0.008125456279011395,CDKN1A/POU2F3/FOXI3/FA2H/KLK7/WNT10A/ANXA1/HES5/MYCL/SFN/CRABP2/KRT7/TECTA/MCOLN3/KAZN/FOXN1/ALOX15B/KLK5/NTF4/TMC1/SHH/SLITRK6/GLI1/COL17A1/DLX3/CLDN1/TGM1/HRNR/SVEP1/PLA2G10/SULT2B1/ALOXE3/MSX2/GAL/AQP3/EDA2R/ALOX12B/PAX6/SCEL/FLG/TNF/LHX2/SOSTDC1/FGF7/KRTDAP/HOXB13/FGF20/SPINK5/SFRP4/LRP4,50
GO:0006821,chloride transport,22/1451,128/18986,0.171875,2.248944693314955,4.078368821507938,2.6603954382959993e-4,0.00967303445996433,0.008222083993602943,CLCN4/GABRE/CLCNKB/GABRQ/ANO1/SLC1A1/SLC12A5/SLC12A2/GABRG3/SLC6A14/ANO2/CLCNKA/GABRA3/KCNK2/WNK4/CLCA4/ANO5/SLC12A3/OCA2/SLC1A3/SLC17A7/GABRP,22
GO:0120254,olefinic compound metabolic process,26/1451,163/18986,0.15950920245398773,2.087141087382089,4.009788008239374,2.6835467765977844e-4,0.00967303445996433,0.008222083993602943,GRIN1/GSTM2/ELOVL3/PTGS1/SDR16C5/ALDH1A3/ELOVL2/AKR1B1/DGAT2/ADM/PLA2G4A/FADS2/CYP2S1/ALOX15B/ABCA4/PLA2G10/RBP4/ALOXE3/ADH6/PTGS2/ALOX12B/CYP11A1/ALOX15/BMP5/ADH1C/SCNN1B,26
GO:0035265,organ growth,28/1451,181/18986,0.15469613259668508,2.024163179518031,3.982519386005996,2.6902365963568165e-4,0.00967303445996433,0.008222083993602943,PLAG1/SORBS2/RARG/ESR1/TP73/TSKU/SMPD3/CACNA2D2/THBS3/ZFPM2/IGF2/MIR17HG/COMP/SHH/ERBB4/GLI1/KCNK2/WT1/RBP4/NOG/MSX2/TENM4/FGFR3/FOXC2/WNT2/MESP1/FGF7/FGF20,28
GO:0043279,response to alkaloid,19/1451,103/18986,0.18446601941747573,2.413695275437763,4.13832928406539,2.6983709651849506e-4,0.00967303445996433,0.008222083993602943,RYR1/MDM2/GSTM2/SLC8A1/SLC1A1/TMEM38A/NQO1/CACNG4/GRM2/ADRA2A/CNR1/PRKCG/PPP1R1B/ST8SIA2/TH/SLC1A2/DRD2/SLC1A3/SDK1,19
GO:2000193,positive regulation of fatty acid transport,8/1451,24/18986,0.3333333333333333,4.361589708247186,4.740175017094812,2.766010034941686e-4,0.009848165501374751,0.008370945463943342,PLA2G4A/MAP2K6/FABP3/NTSR1/PLA2G10/PLA2G3/ACSL5/ERFE,8
GO:0048565,digestive tract development,23/1451,137/18986,0.1678832116788321,2.1967130647376334,4.043824326591587,2.7836122699248793e-4,0.009848165501374751,0.008370945463943342,SPDEF/CDKN1A/ASS1/FOXL1/AGR2/SOX11/SALL1/IHH/SHH/PKDCC/GLI1/COBL/MIXL1/GLI3/CPS1/SFRP5/PDGFRA/TNF/FOXF2/DNAAF1/TCF21/WNT11/MYOCD,23
GO:0007269,neurotransmitter secretion,24/1451,146/18986,0.1643835616438356,2.1509209520123105,4.0157585878575794,2.873019797364614e-4,0.010033326556861068,0.008528332451124434,GPR158/GRIK5/WNT7A/SNCG/FER1L5/OTOF/RIMS3/SYT11/SYT12/NLGN1/CADPS2/SNAP25/SYNGR3/CHRNB4/ERC2/STX19/RIMS4/KCNMB4/GRM4/PRKCG/SV2B/SLC18A3/SYN2/SYT5,24
GO:0099643,signal release from synapse,24/1451,146/18986,0.1643835616438356,2.1509209520123105,4.0157585878575794,2.873019797364614e-4,0.010033326556861068,0.008528332451124434,GPR158/GRIK5/WNT7A/SNCG/FER1L5/OTOF/RIMS3/SYT11/SYT12/NLGN1/CADPS2/SNAP25/SYNGR3/CHRNB4/ERC2/STX19/RIMS4/KCNMB4/GRM4/PRKCG/SV2B/SLC18A3/SYN2/SYT5,24
GO:1902476,chloride transmembrane transport,20/1451,112/18986,0.17857142857142858,2.336565915132421,4.0808773229763915,2.956700450345673e-4,0.010259371498539185,0.008720470761444629,CLCN4/GABRE/CLCNKB/GABRQ/ANO1/SLC1A1/SLC12A5/SLC12A2/GABRG3/ANO2/CLCNKA/GABRA3/KCNK2/CLCA4/ANO5/SLC12A3/OCA2/SLC1A3/SLC17A7/GABRP,20
GO:0015837,amine transport,18/1451,96/18986,0.1875,2.453394210889042,4.10666413523078,3.143014157921445e-4,0.010836392125368651,0.009210938574773474,SLC38A1/SNCG/SLC43A1/SYT11/SLC22A16/SLC38A3/SLC12A2/GRM2/ADRA2B/ADRA2A/NTSR1/CNR1/SLC18A3/TH/DRD2/TNF/RHCG/FGF20,18
GO:0003407,neural retina development,17/1451,88/18986,0.19318181818181818,2.527739490006892,4.132081133336574,3.1651707810306947e-4,0.01084371483399946,0.009217162880669665,THRB/TGIF2/SLC1A1/CRB2/FJX1/ATP8A2/IHH/LHX1/SIX3/ATP2B2/SAMD11/SDK1/SDK2/FAT3/SLC17A7/GPM6A/TFAP2B,17
GO:0060048,cardiac muscle contraction,24/1451,147/18986,0.16326530612244897,2.136288836692499,3.9783648231785382,3.189672245158844e-4,0.01085892821575146,0.009230094262554988,TRPM4/FGF12/SCN8A/SCN4A/GSTM2/SLC8A1/ADRA1B/RANGRF/TMEM38A/KCNH2/SCN11A/SCN2B/KCNN2/KCNE4/MAP2K6/TNNI3/NOS1/HCN4/KCND3/SCN3B/SCN5A/SCN7A/SCN2A/PLN,24
GO:0055064,chloride ion homeostasis,7/1451,19/18986,0.3684210526315789,4.8207044143784685,4.792995711176691,3.329875356732361e-4,0.011265384566245169,0.009575582358077072,SLC12A5/SLC12A2/ATP6V1B1/CA12/WNK4/SLC12A3/FASLG,7
GO:0010092,specification of animal organ identity,10/1451,37/18986,0.2702702702702703,3.5364240877679887,4.442379996637052,3.38971386432531e-4,0.011326247621970929,0.009627315985033094,HOXA11/LRP2/PAX2/ROBO2/GLI3/HOXC11/WNT2/MESP1/WNT11/SIX1,10
GO:0031076,embryonic camera-type eye development,10/1451,37/18986,0.2702702702702703,3.5364240877679887,4.442379996637052,3.38971386432531e-4,0.011326247621970929,0.009627315985033094,RARG/BMP7/ALDH1A3/SOX11/IHH/SIX3/PAX2/PAX6/TH/FOXF2,10
GO:0072075,metanephric mesenchyme development,6/1451,14/18986,0.42857142857142855,5.60775819631781,4.961160325923888,3.463969767845924e-4,0.011503354818006127,0.00977785718776528,BMP7/SHH/PAX2/WT1/TCF21/SIX1,6
GO:0055123,digestive system development,24/1451,148/18986,0.16216216216216217,2.121854452660793,3.941269198471512,3.5366241782138223e-4,0.011560702787156043,0.009826602989422943,SPDEF/CDKN1A/ASS1/FOXL1/AGR2/SOX11/SALL1/IGF2/IHH/SHH/PKDCC/GLI1/COBL/MIXL1/GLI3/CPS1/SFRP5/PDGFRA/TNF/FOXF2/DNAAF1/TCF21/WNT11/MYOCD,24
GO:0071772,response to BMP,28/1451,184/18986,0.15217391304347827,1.991160518982411,3.886306093902798,3.5453106644520654e-4,0.011560702787156043,0.009826602989422943,HES5/TMPRSS6/HFE/CRB2/SMPD3/BMP7/DLX5/SOX11/SLC39A5/MSX1/LRP2/SCX/COMP/KCP/SMAD9/DLX3/GREM2/NOG/BMPR1B/MSX2/LEF1/TNFAIP6/FSTL4/SCUBE3/BMP5/SOSTDC1/TFAP2B/SFRP4,28
GO:0071773,cellular response to BMP stimulus,28/1451,184/18986,0.15217391304347827,1.991160518982411,3.886306093902798,3.5453106644520654e-4,0.011560702787156043,0.009826602989422943,HES5/TMPRSS6/HFE/CRB2/SMPD3/BMP7/DLX5/SOX11/SLC39A5/MSX1/LRP2/SCX/COMP/KCP/SMAD9/DLX3/GREM2/NOG/BMPR1B/MSX2/LEF1/TNFAIP6/FSTL4/SCUBE3/BMP5/SOSTDC1/TFAP2B/SFRP4,28
GO:0006636,unsaturated fatty acid biosynthetic process,12/1451,51/18986,0.23529411764705882,3.078769205821543,4.276070234398679,3.656108621350986e-4,0.011850608363696339,0.010073022870422416,ELOVL3/PTGS1/ELOVL2/ELOVL7/PLA2G4A/FADS2/ALOX15B/ELOVL4/PLA2G10/PLA2G3/PTGS2/ALOX15,12
GO:0010842,retina layer formation,8/1451,25/18986,0.32,4.187126119917298,4.586957926772646,3.79688954551764e-4,0.012197607039725748,0.010367971913743959,SLC1A1/FJX1/ATP8A2/LHX1/SDK1/SDK2/FAT3/TFAP2B,8
GO:0045664,regulation of neuron differentiation,29/1451,194/18986,0.14948453608247422,1.9559706423582741,3.8498609186364585,3.8082312760274366e-4,0.012197607039725748,0.010367971913743959,ALK/MAG/GDPD5/TGIF2/HES5/MAP3K13/MYCL/TP73/BMP7/SOX11/GPRC5B/BEND6/NLGN1/GPR37L1/BRINP1/SIX3/ADRA2B/SHH/DAB1/TUNAR/EYA1/GLI3/PAX6/DISP3/FOXA1/RELN/FGF20/DUOXA1/SIX1,29
GO:0007498,mesoderm development,23/1451,140/18986,0.16428571428571428,2.1496406419218275,3.9273775641290536,3.840963393353094e-4,0.012230079322482528,0.010395573369873918,AMH/CRB2/BMP7/ZFPM2/HOXA11/DLL3/RPS6KA6/LHX1/SCX/TCF15/SHH/EYA2/PAX2/MIXL1/EYA1/NOG/BMX/LEF1/FOXC2/HMGA2/LHX2/MESP1/WNT11,23
GO:0051963,regulation of synapse assembly,26/1451,168/18986,0.15476190476190477,2.025023793114765,3.8387336268031644,4.347333707966279e-4,0.013761472141065188,0.011697258010169657,EPHB2/WNT7A/GPC4/LRFN1/SLITRK2/SLC12A5/NEURL1/NLGN1/SNAP25/SLITRK6/LRRN1/SYNDIG1/EPHB1/VSTM5/PTPN13/ROBO2/EFNB3/LRFN5/FLRT3/ST8SIA2/SLIT1/EPHA7/SLITRK4/CBLN2/SIX1/LRP4,26
GO:0032526,response to retinoic acid,19/1451,107/18986,0.17757009345794392,2.3234636763559773,3.9491219370679986,4.4596766902059925e-4,0.01403501739772386,0.011929771611316031,PCK1/RARG/IGFBP2/BRINP1/HSD17B2/FZD7/FZD10/PAX2/EPHA3/TESC/GJB3/RBP4/AQP3/GJB2/DRD2/TNF/WNT2/WNT6/WNT11,19
GO:0010463,mesenchymal cell proliferation,11/1451,45/18986,0.24444444444444444,3.1984991193812693,4.247341907020986,4.486304354774526e-4,0.014037205475372549,0.01193163147838117,BMP7/IRS2/IHH/MSX1/SHH/PRRX1/WNT2/FGF7/WNT11/SIX1/DCHS2,11
GO:0006956,complement activation,14/1451,67/18986,0.208955223880597,2.734130861886295,4.090310734469765,4.5590270066702245e-4,0.014182766199486165,0.012055358164643409,SUSD4/CFB/CR2/CFD/C4BPB/SVEP1/COLEC10/IGHG3/C4BPA/IGHG4/IGHM/IGHG2/IGHA1/IGHG1,14
GO:0002778,antibacterial peptide production,5/1451,10/18986,0.5,6.542384562370779,5.0429009996432725,4.7091476187548816e-4,0.014566066320182957,0.012381163453580505,KLK7/KLK5/KLK3/MMP7/SPINK5,5
GO:0170035,L-amino acid catabolic process,15/1451,75/18986,0.2,2.6169538249483115,4.036055450131271,4.7555810651178523e-4,0.014626113809933484,0.012432203849061085,GLDC/PIPOX/HPD/AADAT/ASRGL1/ADHFE1/HGD/NOS1/GAD1/AASS/CBS/IL4I1/MAT1A/FTCD/THNSL2,15
GO:0098656,monoatomic anion transmembrane transport,24/1451,151/18986,0.15894039735099338,2.0796984039324333,3.8317242064866455,4.7842501649954667e-4,0.014631156013062408,0.012436489724171981,CLCN4/GABRE/CLCNKB/GABRQ/ANO1/SLC1A1/SLC12A5/MCOLN3/SLC12A2/GABRG3/ANO2/CLCNKA/ABCC6/GABRA3/KCNK2/ABCC3/CLCA4/ANO5/SLC12A3/OCA2/SLC1A2/SLC1A3/SLC17A7/GABRP,24
GO:0060350,endochondral bone morphogenesis,13/1451,60/18986,0.21666666666666667,2.8350333103606706,4.095210983466079,4.99107415994691e-4,0.015177912599883497,0.012901233088780571,RARG/TSKU/SMPD3/DLX5/THBS3/HOXA11/IHH/PHOSPHO1/SCX/COMP/BMPR1B/FGFR3/CBS,13
GO:0003333,amino acid transmembrane transport,19/1451,108/18986,0.17592592592592593,2.3019501237971256,3.9031420389456093,5.031136105064898e-4,0.01521426800933871,0.012932135204492014,SLC6A12/SLC6A11/SLC6A13/SLC38A1/SLC43A1/SLC1A1/SLC47A1/SLC38A3/SLC16A10/SLC6A14/SLC7A4/SLC7A8/GFAP/SLC7A9/NTSR1/SLC1A2/SLC1A3/TNF/SLC17A7,19
GO:0008045,motor neuron axon guidance,8/1451,26/18986,0.3076923076923077,4.026082807612787,4.441548793384737,5.11970327913675e-4,0.01531102422650123,0.013014378036119068,ERBB2/LHX1/EPHA4/NOG/ALCAM/KIF5C/PLXNA4/SLIT1,8
GO:0060740,prostate gland epithelium morphogenesis,8/1451,26/18986,0.3076923076923077,4.026082807612787,4.441548793384737,5.11970327913675e-4,0.01531102422650123,0.013014378036119068,RARG/ESR1/BMP7/SHH/NKX3-1/NOG/FOXA1/HOXB13,8
GO:0071312,cellular response to alkaloid,10/1451,39/18986,0.2564102564102564,3.3550690063439887,4.2349845940657636,5.376499883570086e-4,0.015975709285021546,0.013579360659003996,RYR1/MDM2/GSTM2/SLC8A1/SLC1A1/TMEM38A/PPP1R1B/TH/SLC1A2/SLC1A3,10
GO:0072176,nephric duct development,6/1451,15/18986,0.4,5.233907649896623,4.718761423032545,5.400987990317648e-4,0.015975709285021546,0.013579360659003996,EFNB2/LHX1/PAX2/EPHA4/EPHA7/WNT11,6
GO:0060021,roof of mouth development,17/1451,92/18986,0.18478260869565216,2.41783777305007,3.921431402886885,5.443027207579534e-4,0.016012557757950012,0.013610681878907405,EPHB2/WNT7A/COL11A2/DLX5/SATB2/SOX11/MSX1/SHH/PKDCC/PRRX1/GLI3/DLX6/LEF1/PDGFRA/FOXF2/TCF21/WNT11,17
GO:0008344,adult locomotory behavior,16/1451,84/18986,0.19047619047619047,2.492336976141249,3.943109024823298,5.535083868264741e-4,0.016195356204820027,0.013766060647616037,UCHL1/FGF12/FOXA2/SNCG/NR4A2/NTF4/CHL1/SLITRK6/DAB1/NTSR1/EPHA4/DMRT3/DMBX1/EFNB3/HOXB8/DRD2,16
GO:0051216,cartilage development,30/1451,209/18986,0.14354066985645933,1.87819652508252,3.6722976614091203,6.115366204761134e-4,0.017797030788372054,0.01512748482230386,RARG/WNT7A/HES5/MBOAT2/COL11A2/TSKU/SMPD3/BMP7/SATB2/THBS3/CD44/HOXA11/IHH/MSX1/SCX/COMP/PKDCC/BARX2/PRRX1/GLI3/NOG/BMPR1B/MSX2/FGFR3/CBS/CYTL1/HMGA2/BMP5/BMP3/WNT11,30
GO:0022612,gland morphogenesis,21/1451,127/18986,0.16535433070866143,2.163623241098998,3.7847834756344034,6.185820027120567e-4,0.017905798827167717,0.015219937708158741,PLAG1/PGR/RARG/CEACAM1/ESR1/BMP7/SHH/FGL1/GLI1/NKX3-1/GLI3/NOG/MSX2/HPN/PAX6/TNF/FOXA1/SOSTDC1/FGF7/CCL11/HOXB13,21
GO:0071300,cellular response to retinoic acid,14/1451,69/18986,0.2028985507246377,2.6548806919765484,3.9614230498809158,6.239417942998862e-4,0.017964877300772786,0.015270154439444586,PCK1/RARG/BRINP1/FZD7/FZD10/PAX2/EPHA3/TESC/GJB3/DRD2/TNF/WNT2/WNT6/WNT11,14
GO:0061844,antimicrobial humoral immune response mediated by antimicrobial peptide,22/1451,136/18986,0.16176470588235295,2.116653829002311,3.759399317309697,6.323929907710747e-4,0.017993515510423774,0.015294496931570648,KLK7/ANG/ADM/KLK5/CXCL14/CXCL9/CCL22/CXCL13/CCL25/CCL24/RNASE7/KLK3/MUC7/CXCL3/CCL13/PGLYRP4/DEFB4A/CALCA/CCL11/MMP7/SPINK5/CCL20,22
GO:0001708,cell fate specification,19/1451,110/18986,0.17272727272727273,2.2600964851826326,3.812688111868871,6.366372554323023e-4,0.017993515510423774,0.015294496931570648,FOXI3/MNX1/FOXA2/HOXA11/IHH/SHH/EYA2/FZD7/PAX2/EYA1/GLI3/DMRT3/TENM4/PAX6/FOXA1/MESP1/DMRTA2/TBX18/SIX1,19
GO:0009880,embryonic pattern specification,15/1451,77/18986,0.19480519480519481,2.5489809983262774,3.917809308147127,6.371135292773877e-4,0.017993515510423774,0.015294496931570648,EFNB1/WNT7A/BMP7/SATB2/IHH/LHX1/SHH/MEOX1/ERBB4/COBL/TDRD5/MEIS2/WT1/MESP1/OOEP,15
GO:0050771,negative regulation of axonogenesis,12/1451,54/18986,0.2222222222222222,2.9077264721647906,4.038321210281701,6.382329536304017e-4,0.017993515510423774,0.015294496931570648,EPHB2/MAG/TRIM46/SEMA6C/DAB1/SEMA6D/EFNB3/SLIT1/EPHA7/FSTL4/MT3/LRP4,12
GO:0032892,positive regulation of organic acid transport,11/1451,47/18986,0.23404255319148937,3.0623927738756835,4.072188819060431,6.683898873563403e-4,0.01874608528632057,0.015934181606951533,SLC38A1/SLC38A3/SLC12A2/PLA2G4A/MAP2K6/FABP3/NTSR1/PLA2G10/PLA2G3/ACSL5/ERFE,11
GO:0098659,inorganic cation import across plasma membrane,21/1451,128/18986,0.1640625,2.146719934527912,3.7445587887220335,6.877725787544069e-4,0.019091861378449256,0.016228091453363094,KCNK9/TRPM4/KCNJ12/SLC8A1/CACNA1A/KCNH2/SLC5A1/SLC12A5/SLC39A5/SLC12A2/KCNJ4/TRPV3/HCN4/KCNJ16/CACNA1F/CACNA1B/STEAP2/KCNN4/SLC12A3/IFNG/SCNN1B,21
GO:0099587,inorganic ion import across plasma membrane,21/1451,128/18986,0.1640625,2.146719934527912,3.7445587887220335,6.877725787544069e-4,0.019091861378449256,0.016228091453363094,KCNK9/TRPM4/KCNJ12/SLC8A1/CACNA1A/KCNH2/SLC5A1/SLC12A5/SLC39A5/SLC12A2/KCNJ4/TRPV3/HCN4/KCNJ16/CACNA1F/CACNA1B/STEAP2/KCNN4/SLC12A3/IFNG/SCNN1B,21
GO:0071248,cellular response to metal ion,27/1451,183/18986,0.14754098360655737,1.9305397069290822,3.6385890086079358,7.309972265288521e-4,0.020168823786898805,0.01714351002412023,RYR1/HFE/SLC1A1/SMPD3/FBP1/NQO1/SLC12A2/NLGN1/KCNQ3/SHH/RASAL1/CLDN1/KCNK3/CPNE7/FABP4/CPNE6/MT1H/SCN5A/DLG2/SLC13A5/PTGS2/NPTX1/ALOX15/TH/CPNE4/CHP2/MT3,27
GO:0032890,regulation of organic acid transport,15/1451,78/18986,0.19230769230769232,2.516301754757992,3.8600796306394694,7.340214827302908e-4,0.020168823786898805,0.01714351002412023,SLC38A1/SLC43A1/IRS2/SLC38A3/SLC12A2/PLA2G4A/MAP2K6/GRM2/FABP3/NTSR1/PLA2G10/PLA2G3/ACSL5/TNF/ERFE,15
GO:0015908,fatty acid transport,20/1451,120/18986,0.16666666666666666,2.180794854123593,3.7325985383292473,7.439969355169848e-4,0.020339673797744637,0.017288732616399474,SLCO3A1/SLC43A3/ANXA1/IRS2/CRABP2/PLA2G4A/MAP2K6/SLC27A2/PLA2G2C/FABP3/NTSR1/PLA2G10/PLA2G3/FABP4/CRABP1/ACSL5/PTGS2/DRD2/ERFE/FABP6,20
GO:0170039,proteinogenic amino acid metabolic process,26/1451,174/18986,0.14942528735632185,1.955195386455635,3.6411240658715207,7.488738982858247e-4,0.020370122670458134,0.01731461417300894,SRR/GLDC/SLC38A1/PIPOX/BHMT2/HPD/AADAT/ASS1/ASRGL1/NAT8L/ADHFE1/HGD/NOS1/GAD1/AASS/RIMKLA/CPS1/CBS/OCA2/IL4I1/MAT1A/FTCD/TH/ASPG/THNSL2/GLYATL1,26
GO:0006865,amino acid transport,25/1451,165/18986,0.15151515151515152,1.9825407764759937,3.6463414110571537,7.630563334774564e-4,0.020562880089653453,0.017478458073035722,SLC6A12/SLC6A11/SLC6A13/SLC38A1/SLC43A1/SLC1A1/SLC47A1/SLC22A15/SLC38A3/SLC12A2/SLC16A10/SLC6A14/GRM2/SLC7A4/SLC7A8/GFAP/SLC7A9/KCNK2/NTSR1/SLC6A2/XK/SLC1A2/SLC1A3/TNF/SLC17A7,25
GO:0007613,memory,21/1451,129/18986,0.16279069767441862,2.13007869472537,3.7047027160826076,7.635578972880739e-4,0.020562880089653453,0.017478458073035722,KLK8/FOXO6/SLC1A1/ABCA7/SYT11/SLC2A4/JPH3/SNAP25/NTF4/BRINP1/LRRN4/KCNK2/CNR1/GRIN2A/PTGS2/ADGRF1/TH/DRD2/RELN/SCN2A/RASGRF1,21
GO:0061448,connective tissue development,38/1451,290/18986,0.1310344827586207,1.7145559542764803,3.527337484547972,7.762573425354179e-4,0.020801391065070382,0.01768119251809438,TRPM4/RARG/WNT7A/HES5/MBOAT2/COL11A2/PPARGC1A/TSKU/SMPD3/BMP7/SATB2/THBS3/CD44/DGAT2/HOXA11/ZNF516/IHH/MSX1/SCX/COMP/PKDCC/UBB/BARX2/WT1/PRRX1/GLI3/NOG/BMPR1B/MSX2/FGFR3/CBS/FOXC2/CYTL1/HMGA2/FOXA1/BMP5/BMP3/WNT11,38
GO:2000191,regulation of fatty acid transport,9/1451,34/18986,0.2647058823529412,3.463615356549236,4.135908851255456,7.889370625756873e-4,0.020940676679316605,0.017799585357918635,IRS2/PLA2G4A/MAP2K6/FABP3/NTSR1/PLA2G10/PLA2G3/ACSL5/ERFE,9
GO:0022600,digestive system process,19/1451,112/18986,0.16964285714285715,2.2197376193758,3.724170678405152,7.996453632685339e-4,0.020940676679316605,0.017799585357918635,TFF3/WNK3/SLC5A1/APOA1/TFF1/GCNT3/TLR4/ADRA2A/KCNN4/INAVA/RBP4/WNK4/MUC13/NPC1L1/CYP8B1/MUC4/MUC6/AQP5/SERPINA3,19
GO:0009100,glycoprotein metabolic process,48/1451,392/18986,0.12244897959183673,1.6022166275193743,3.465736055285185,8.036815659405399e-4,0.020940676679316605,0.017799585357918635,PTX3/GALNT10/FBXO17/PMM1/GAL3ST3/MGAT4A/ST8SIA5/ITM2C/ABCA7/FBXO2/GALNT12/FOXL1/CHST13/FBXO27/TMTC1/CHST15/GALNT4/ABO/B3GNT8/UST/IHH/GCNT1/SRD5A3/HS3ST1/MGAT3/PHLDA1/GCNT3/CWH43/GALNT8/GALNT14/B3GNT7/BMPR1B/NEU4/B3GALT5/NCCRP1/GALNT13/FUT6/ST8SIA2/CYTL1/GALNT17/HS3ST3B1/NECAB1/CHST8/B3GNT3/ST6GALNAC1/FUT3/GALNT16/HS3ST6,48
GO:0002924,negative regulation of humoral immune response mediated by circulating immunoglobulin,5/1451,11/18986,0.45454545454545453,5.947622329427981,4.721588267976165,8.090678409322649e-4,0.020940676679316605,0.017799585357918635,SUSD4/CR2/C4BPB/SVEP1/C4BPA,5
GO:0019372,lipoxygenase pathway,5/1451,11/18986,0.45454545454545453,5.947622329427981,4.721588267976165,8.090678409322649e-4,0.020940676679316605,0.017799585357918635,ALOX15B/PLA2G3/ALOXE3/ALOX12B/ALOX15,5
GO:0072178,nephric duct morphogenesis,5/1451,11/18986,0.45454545454545453,5.947622329427981,4.721588267976165,8.090678409322649e-4,0.020940676679316605,0.017799585357918635,EFNB2/LHX1/PAX2/EPHA4/EPHA7,5
GO:0060485,mesenchyme development,43/1451,341/18986,0.12609970674486803,1.649985549454214,3.484061551969193,8.129357677859675e-4,0.020940676679316605,0.017799585357918635,MDM2/VASN/WNT10A/FOXA2/EFNB1/AMH/CRB2/BMP7/ZFPM2/SEMA6C/DLL3/MSX1/SCX/TCF15/SHH/MEOX1/ERBB4/PAX2/FOLR1/EPHA3/EPHA4/WT1/ROBO2/NOG/MSX2/HPN/SEMA6D/LEF1/FOXC2/PAX6/NRTN/RBM24/WNT2/HMGA2/TGFBR3L/FOXA1/FOXF2/BMP5/MESP1/SEMA3D/TCF21/WNT11/SIX1,43
GO:0071867,response to monoamine,13/1451,63/18986,0.20634920634920634,2.7000317241530194,3.8879299156913683,8.162724513829306e-4,0.020940676679316605,0.017799585357918635,RNLS/ALK/RGS9/GNB5/SLC1A1/ADCY5/GNA14/APLP1/HTR6/PTGER1/HTR3A/PALM/DRD2,13
GO:0071869,response to catecholamine,13/1451,63/18986,0.20634920634920634,2.7000317241530194,3.8879299156913683,8.162724513829306e-4,0.020940676679316605,0.017799585357918635,RNLS/ALK/RGS9/GNB5/SLC1A1/ADCY5/GNA14/APLP1/HTR6/PTGER1/HTR3A/PALM/DRD2,13
GO:0014706,striated muscle tissue development,51/1451,424/18986,0.12028301886792453,1.5738755315137252,3.437750658933934,8.432726565260277e-4,0.021531296649883905,0.018301612620036087,RYR1/SORBS2/SLC8A1/MYOZ1/TP73/BMP7/EFNB2/SOX11/ZFPM2/NEURL1/IGF2/MSX1/LRP2/SCX/TNNI3/MIR17HG/SHH/EYA2/ERBB4/GLI1/FZD7/HCN4/EPHB1/KCNK2/BARX2/MYOM2/EYA1/WT1/RBP4/NOG/XK/MSX2/TENM4/SCN5A/LEF1/FOXC2/ACTN2/PDGFRA/RBM24/WNT2/BMP5/MESP1/DNER/MYH11/DMRTA2/TCF21/PLN/MYOCD/FGF20/TBX18/SIX1,51
GO:0009101,glycoprotein biosynthetic process,41/1451,322/18986,0.12732919254658384,1.666073087311813,3.4676366237457623,8.772462752779207e-4,0.022293587267978334,0.018949560016010832,GALNT10/PMM1/GAL3ST3/MGAT4A/ST8SIA5/ITM2C/ABCA7/GALNT12/FOXL1/CHST13/TMTC1/CHST15/GALNT4/ABO/B3GNT8/UST/GCNT1/SRD5A3/HS3ST1/MGAT3/PHLDA1/GCNT3/CWH43/GALNT8/GALNT14/B3GNT7/BMPR1B/B3GALT5/GALNT13/FUT6/ST8SIA2/CYTL1/GALNT17/HS3ST3B1/NECAB1/CHST8/B3GNT3/ST6GALNAC1/FUT3/GALNT16/HS3ST6,41
GO:0015740,C4-dicarboxylate transport,8/1451,28/18986,0.2857142857142857,3.7385054642118734,4.171406272782962,8.878000287593367e-4,0.022295171138317416,0.018950906306569062,SLC1A1/SLC12A2/GFAP/NTSR1/SLC16A1/SLC13A5/SLC1A2/SLC1A3,8
GO:0060512,prostate gland morphogenesis,8/1451,28/18986,0.2857142857142857,3.7385054642118734,4.171406272782962,8.878000287593367e-4,0.022295171138317416,0.018950906306569062,RARG/ESR1/BMP7/SHH/NKX3-1/NOG/FOXA1/HOXB13,8
GO:0007218,neuropeptide signaling pathway,19/1451,113/18986,0.168141592920354,2.2000939236291117,3.680612616301396,8.937838789977607e-4,0.022295171138317416,0.018950906306569062,PNOC/PCSK1N/NMU/SSTR1/SORCS2/TENM1/NPFFR1/ECRG4/KISS1R/NTSR1/NPW/SSTR3/GAL/NXPH4/ECEL1/PROK2/GPR37/CALCA/GRP,19
GO:1905954,positive regulation of lipid localization,19/1451,113/18986,0.168141592920354,2.2000939236291117,3.680612616301396,8.937838789977607e-4,0.022295171138317416,0.018950906306569062,ABCA7/PLIN3/ABCA3/ATP8A2/PLA2G4A/APOA1/ABCG4/MAP2K6/FABP3/PLTP/ECRG4/NTSR1/PLA2G10/PLA2G3/NKX3-1/GAL/ACSL5/FASLG/ERFE,19
GO:0086012,membrane depolarization during cardiac muscle cell action potential,7/1451,22/18986,0.3181818181818182,4.163335630599587,4.270490519169123,9.195911287060381e-4,0.022833700824246718,0.019408656801420055,TRPM4/SLC8A1/RANGRF/SCN2B/HCN4/SCN3B/SCN5A,7
GO:0060537,muscle tissue development,53/1451,447/18986,0.1185682326621924,1.5514379499134288,3.393855770819897,9.394150131167617e-4,0.023019146898231545,0.019566286054463446,RYR1/SORBS2/SLC8A1/MYOZ1/TP73/BMP7/EFNB2/SOX11/ZFPM2/NEURL1/IGF2/IHH/MSX1/LRP2/SCX/TNNI3/MIR17HG/SHH/EYA2/ERBB4/GLI1/FZD7/HCN4/EPHB1/KCNK2/BARX2/MYOM2/EYA1/WT1/RBP4/NOG/XK/MSX2/TENM4/SCN5A/LEF1/FOXC2/ACTN2/PDGFRA/RBM24/WNT2/BMP5/MESP1/DNER/MYH11/DMRTA2/TFAP2B/TCF21/PLN/MYOCD/FGF20/TBX18/SIX1,53
GO:0010232,vascular transport,16/1451,88/18986,0.18181818181818182,2.3790489317711923,3.7299173780563817,9.39817377518783e-4,0.023019146898231545,0.019566286054463446,SLC6A13/SLCO3A1/SLC38A1/SLC1A1/SLC5A1/SLC38A3/SLC12A2/ATP2A3/SLC2A4/LRP2/SLC7A8/SLC16A1/ABCC3/SLC1A2/SLC1A3/SLC16A12,16
GO:0150104,transport across blood-brain barrier,16/1451,88/18986,0.18181818181818182,2.3790489317711923,3.7299173780563817,9.39817377518783e-4,0.023019146898231545,0.019566286054463446,SLC6A13/SLCO3A1/SLC38A1/SLC1A1/SLC5A1/SLC38A3/SLC12A2/ATP2A3/SLC2A4/LRP2/SLC7A8/SLC16A1/ABCC3/SLC1A2/SLC1A3/SLC16A12,16
GO:0006820,monoatomic anion transport,26/1451,177/18986,0.14689265536723164,1.922056481600455,3.5452545809927445,9.69707654941603e-4,0.023644268181076112,0.020097639448789697,CLCN4/GABRE/CLCNKB/GABRQ/ANO1/SLC1A1/SLC12A5/MCOLN3/SLC12A2/GABRG3/SLC6A14/ANO2/CLCNKA/ABCC6/GABRA3/KCNK2/ABCC3/WNK4/CLCA4/ANO5/SLC12A3/OCA2/SLC1A2/SLC1A3/SLC17A7/GABRP,26
GO:0007156,homophilic cell adhesion via plasma membrane adhesion molecules,25/1451,168/18986,0.1488095238095238,1.9471382626103506,3.547050831733428,9.952858317076375e-4,0.0241591130360244,0.02053525782579223,L1CAM/TRO/DSCAML1/CDH6/CEACAM1/PCDH10/PTPRT/ROBO3/PCDHB6/CEACAM5/PCDHB1/ROBO2/CDH18/CDH13/SDK1/SDK2/CEACAM6/FAT3/PCDHGA10/PCDH19/DSG3/CDHR3/CDHR4/CDH22/DCHS2,25
GO:0030326,embryonic limb morphogenesis,20/1451,123/18986,0.16260162601626016,2.1276047357303343,3.6090274588972893,0.0010228424104393892,0.024607315412037395,0.020916230063300914,RARG/WNT7A/BMP7/DLX5/CRABP2/SALL4/HOXA11/SALL1/IHH/MSX1/SHH/PRRX1/GLI3/NOG/MSX2/DLX6/LEF1/HOXC11/FREM2/LRP4,20
GO:0035113,embryonic appendage morphogenesis,20/1451,123/18986,0.16260162601626016,2.1276047357303343,3.6090274588972893,0.0010228424104393892,0.024607315412037395,0.020916230063300914,RARG/WNT7A/BMP7/DLX5/CRABP2/SALL4/HOXA11/SALL1/IHH/MSX1/SHH/PRRX1/GLI3/NOG/MSX2/DLX6/LEF1/HOXC11/FREM2/LRP4,20
GO:0098773,skin epidermis development,21/1451,132/18986,0.1590909090909091,2.0816678152997934,3.5872797310879316,0.001035717805564254,0.024806816289908436,0.02108580590648046,FOXI3/FA2H/WNT10A/SFN/FOXN1/SHH/DLX3/CLDN1/HRNR/PLA2G10/ALOXE3/MSX2/GAL/ALOX12B/FLG/TNF/LHX2/SOSTDC1/FGF7/SPINK5/LRP4,21
GO:0046928,regulation of neurotransmitter secretion,15/1451,81/18986,0.18518518518518517,2.423105393470659,3.692133153148838,0.00110301084166555,0.026029739314797035,0.022125291072170865,GPR158/WNT7A/SNCG/FER1L5/OTOF/RIMS3/SYT11/NLGN1/CHRNB4/RIMS4/KCNMB4/PRKCG/SV2B/SLC18A3/SYT5,15
GO:0050673,epithelial cell proliferation,56/1451,482/18986,0.11618257261410789,1.5202221389741228,3.3278647039318616,0.0011075086429250126,0.026029739314797035,0.022125291072170865,CDKN1A/KLK8/FA2H/PGR/WNT7A/HES5/CEACAM1/ESR1/CDKN2B/SDR16C5/IRS2/COL4A3/DLX5/SFN/EFNB2/SOX11/ANG/EPPK1/ERBB2/IGF2/OR51E2/APOA1/IHH/HMX2/COL8A2/ITGA4/SHH/RGN/FGL1/GLI1/FZD7/CLDN1/TGM1/PAX2/EYA1/NKX3-1/NOG/HPN/DLX6/SCN5A/EGR3/PAX6/CXCR3/CCL24/CDH13/DRD2/PROK2/TNF/WNT2/BMP5/CALCA/CCR3/FGF7/CCL11/RASGRF1/SIX1,56
GO:0021545,cranial nerve development,13/1451,65/18986,0.2,2.6169538249483115,3.7563701029650125,0.0011102944992976344,0.026029739314797035,0.022125291072170865,EPHB2/SCN8A/CNGB1/LPAR1/SALL1/SLITRK6/EPHB1/PAX2/GLI3/PLXNA4/HOXB2/SLC1A3/SIX1,13
GO:0051965,positive regulation of synapse assembly,13/1451,65/18986,0.2,2.6169538249483115,3.7563701029650125,0.0011102944992976344,0.026029739314797035,0.022125291072170865,EPHB2/WNT7A/SLITRK2/NLGN1/SLITRK6/LRRN1/SYNDIG1/EPHB1/VSTM5/FLRT3/ST8SIA2/SLITRK4/CBLN2,13
GO:0048477,oogenesis,19/1451,115/18986,0.16521739130434782,2.1618314206094746,3.594849408276503,0.0011108202072266978,0.026029739314797035,0.022125291072170865,MLH1/PTX3/CDC25B/TAF4B/AMH/YBX2/MAJIN/ANG/NPM2/DMRT1/IHH/TDRD5/PAQR5/KASH5/NANOS1/BMPR1B/TNFAIP6/FUT6/HORMAD1,19
GO:0030324,lung development,28/1451,198/18986,0.1414141414141414,1.8503713913775939,3.460087505545272,0.0011526393982958575,0.026817553638259672,0.022794933630117174,SPDEF/THRB/PGR/TP73/HHIP/SMPD3/AGR2/SOX11/ABCA3/ZFPM2/MIR17HG/SHH/PKDCC/GLI1/GLI3/RBP4/NOG/PDGFRA/SFTPD/TNF/WNT2/FOXA1/SLC23A1/DNAAF1/FGF7/TCF21/WNT11/MYOCD,28
GO:0099054,presynapse assembly,11/1451,50/18986,0.22,2.878649207443143,3.826244295986205,0.001160223007748415,0.026817553638259672,0.022794933630117174,WNT7A/GPC4/BSN/SLITRK2/NLGN1/SLITRK6/EFNB3/LRFN5/SLITRK4/CNTN5/LRP4,11
GO:0010470,regulation of gastrulation,6/1451,17/18986,0.35294117647058826,4.618153808732314,4.293143341658272,0.0011692116494788996,0.026817553638259672,0.022794933630117174,FOXA2/TGIF2/CRB2/LHX1/SCX/TENM4,6
GO:0048557,embryonic digestive tract morphogenesis,6/1451,17/18986,0.35294117647058826,4.618153808732314,4.293143341658272,0.0011692116494788996,0.026817553638259672,0.022794933630117174,SOX11/IHH/SHH/GLI3/PDGFRA/TCF21,6
GO:0072074,kidney mesenchyme development,6/1451,17/18986,0.35294117647058826,4.618153808732314,4.293143341658272,0.0011692116494788996,0.026817553638259672,0.022794933630117174,BMP7/SHH/PAX2/WT1/TCF21/SIX1,6
GO:0010765,positive regulation of sodium ion transport,9/1451,36/18986,0.25,3.2711922811853893,3.923617551719411,0.0012326884378804901,0.02798174924436942,0.023784500461294687,WNK3/FGF12/SCN2B/FXYD6/NOS1/SCN3B/TESC/SCN5A/CNTN1,9
GO:0031290,retinal ganglion cell axon guidance,7/1451,23/18986,0.30434782608695654,3.982321037964822,4.116716020159115,0.0012354771973774785,0.02798174924436942,0.023784500461294687,EPHB2/EPHB1/ROBO2/ALCAM/BMPR1B/SLIT1/EPHA7,7
GO:0060571,morphogenesis of an epithelial fold,7/1451,23/18986,0.30434782608695654,3.982321037964822,4.116716020159115,0.0012354771973774785,0.02798174924436942,0.023784500461294687,BMP7/CECR2/SHH/NOG/WNT2/BMP5/SOSTDC1,7
GO:0043271,negative regulation of monoatomic ion transport,21/1451,134/18986,0.15671641791044777,2.0505981464147216,3.5107219590510987,0.001260242163345064,0.02842371179244513,0.024160168842023138,EPHB2/GABRE/GSTM2/GNB5/PCSK9/KCNH2/KCNE4/KCNRG/NOS1/CACNA1F/ADRA2A/NTSR1/CNR1/WNK4/PTGS2/ACTN2/DRD2/CALCA/EPPIN/GRP/PLN,21
GO:0060996,dendritic spine development,17/1451,99/18986,0.1717171717171717,2.2468795466727927,3.578052676292562,0.0012839156492454164,0.028721088450436607,0.024412939145888247,EPHB2/TANC2/FOXO6/WNT7A/LRP8/LPAR1/SLC12A5/NEURL1/KIF1A/NLGN1/EPHB1/EPHA4/SDK1/FSTL4/PAK3/RELN/CTNND2,17
GO:1903532,positive regulation of secretion by cell,38/1451,298/18986,0.12751677852348994,1.6685276065106687,3.346048156884117,0.0012917479748214983,0.028721088450436607,0.024412939145888247,GPR158/TRPM4/PARD6A/GCK/ANO1/UNC13D/HFE/GPR68/SMPD3/IRS2/SOX11/ANG/C1QTNF12/ADORA2B/SLC12A2/OR51E2/PLA2G4A/TRPM5/NLGN1/MAP2K6/CADPS2/SNAP25/ECRG4/RASL10B/TUNAR/TLR4/NTSR1/PLA2G10/KCNN4/PLA2G3/NKX3-1/RBP4/GAL/SLC18A3/DRD2/IFNG/GRP/VSNL1,38
GO:0002775,antimicrobial peptide production,5/1451,12/18986,0.4166666666666667,5.451987135308983,4.437631109516199,0.0012999568945791554,0.028721088450436607,0.024412939145888247,KLK7/KLK5/KLK3/MMP7/SPINK5,5
GO:0060442,branching involved in prostate gland morphogenesis,5/1451,12/18986,0.4166666666666667,5.451987135308983,4.437631109516199,0.0012999568945791554,0.028721088450436607,0.024412939145888247,ESR1/BMP7/SHH/NKX3-1/HOXB13,5
GO:0098976,excitatory chemical synaptic transmission,5/1451,12/18986,0.4166666666666667,5.451987135308983,4.437631109516199,0.0012999568945791554,0.028721088450436607,0.024412939145888247,GRIN1/SHISA6/GRIN2B/KCNQ3/GRIN2A,5
GO:0170033,L-amino acid metabolic process,26/1451,181/18986,0.143646408839779,1.879580095266743,3.4202994708258148,0.001350621111784714,0.029719154788986412,0.025261296018874564,SRR/GLDC/SLC38A1/PIPOX/BHMT2/HPD/AADAT/ASS1/ASRGL1/NAT8L/ADHFE1/HGD/NOS1/GAD1/AASS/RIMKLA/CPS1/CBS/OCA2/IL4I1/MAT1A/FTCD/TH/ASPG/THNSL2/GLYATL1,26
GO:0003012,muscle system process,54/1451,465/18986,0.11612903225806452,1.519521575776439,3.2627512969812593,0.001359172132346567,0.029726349041397742,0.025267411136921745,TRPM4/RYR1/SORBS2/TNNT1/FGF12/SCN8A/DOCK5/SCN4A/KCNJ12/GSTM2/SLC8A1/ADRA1B/RANGRF/MYOZ1/DTNA/TMEM38A/ANKRD2/KCNH2/NMU/ADORA2B/SCN11A/ATP8A2/SCN2B/KCNN2/KCNE4/MAP2K6/TNNI3/MIR17HG/COMP/ADRA2B/TNNT3/NOS1/HCN4/GAMT/CHRNB4/KCND3/ADRA2A/SCN3B/MYOM2/CRYAB/SCN5A/PTGS2/DRD2/PROK2/CHRM2/TNF/MYH11/CALCA/SCN7A/SCN2A/PLN/MYOCD/SCNN1B/CCDC78,54
GO:0010469,regulation of signaling receptor activity,16/1451,91/18986,0.17582417582417584,2.300618747207307,3.5775307846310396,0.0013619313804298244,0.029726349041397742,0.025267411136921745,EPHB2/HFE/CACNG8/PCSK9/CACNG4/SHISA6/NLGN1/ADRA2B/SHISA8/ADRA2A/GREM2/NOG/IFNG/TNF/SHISA9/RELN,16
GO:0051952,regulation of amine transport,15/1451,83/18986,0.18072289156626506,2.3647173117002818,3.584284726069159,0.0014272633748247017,0.03096051954814228,0.026316456667657768,SLC38A1/SNCG/SLC43A1/SYT11/SLC38A3/SLC12A2/GRM2/ADRA2B/ADRA2A/NTSR1/CNR1/SLC18A3/DRD2/TNF/FGF20,15
GO:0006493,protein O-linked glycosylation,17/1451,100/18986,0.17,2.224410751206065,3.5313703276420942,0.001439013946785272,0.03096051954814228,0.026316456667657768,GALNT10/GALNT12/TMTC1/GALNT4/B3GNT8/GCNT1/GCNT3/GALNT8/GALNT14/B3GNT7/B3GALT5/GALNT13/FUT6/GALNT17/B3GNT3/FUT3/GALNT16,17
GO:0060349,bone morphogenesis,17/1451,100/18986,0.17,2.224410751206065,3.5313703276420942,0.001439013946785272,0.03096051954814228,0.026316456667657768,RARG/TSKU/SMPD3/DLX5/THBS3/HOXA11/IHH/MSX1/PHOSPHO1/SCX/COMP/GLI3/BMPR1B/MSX2/FGFR3/CBS/SFRP4,17
GO:0006816,calcium ion transport,52/1451,445/18986,0.11685393258426967,1.5290067291832834,3.2483345160492973,0.0014413543185168769,0.03096051954814228,0.026316456667657768,TRPM4/BSPRY/RYR1/RGS9/WNK3/GCK/GRIN1/ATP2C2/GSTM2/SLC8A1/GNB5/CALHM3/CACNA1A/TMEM38A/CACNG8/CACNA2D2/SCN11A/CNGB1/CACNG4/MCOLN3/ATP2A3/TMCO1/TRPM5/CACNA2D3/JPH3/GRIN2B/TRPV3/TMC1/ATP2B2/NOS1/BHLHA15/CACNA1F/CACNA1B/CACNG6/ATP2B3/ADRA2A/NTSR1/KCNN4/CXCL9/GRIN2A/PKD1L1/PTGS2/CXCR3/FASLG/DRD2/CNGA4/GPM6A/CALCA/EPPIN/PLPP4/PLN/ADCYAP1R1,52
GO:0042733,embryonic digit morphogenesis,12/1451,59/18986,0.2033898305084746,2.661308974523707,3.6763906065313607,0.0014612892209413405,0.031264658312076976,0.02657497476486207,WNT7A/HOXA11/SALL1/IHH/MSX1/SHH/GLI3/NOG/MSX2/HOXC11/FREM2/LRP4,12
GO:0035296,regulation of tube diameter,23/1451,154/18986,0.14935064935064934,1.9542187653834793,3.4201583389507286,0.0014783953164799323,0.03138256411021911,0.02667519475060386,TRPM4/NPR1/DOCK5/SLC8A1/ADRA1B/AVPR2/ADORA2B/ADM/COMP/ADRA2B/ITGA4/NOS1/SMTNL1/SVEP1/ADRA2A/KCNMB4/CPS1/PTGS2/CBS/FOXC2/TNF/CALCA/SCNN1B,23
GO:0097746,blood vessel diameter maintenance,23/1451,154/18986,0.14935064935064934,1.9542187653834793,3.4201583389507286,0.0014783953164799323,0.03138256411021911,0.02667519475060386,TRPM4/NPR1/DOCK5/SLC8A1/ADRA1B/AVPR2/ADORA2B/ADM/COMP/ADRA2B/ITGA4/NOS1/SMTNL1/SVEP1/ADRA2A/KCNMB4/CPS1/PTGS2/CBS/FOXC2/TNF/CALCA/SCNN1B,23
GO:0060042,retina morphogenesis in camera-type eye,13/1451,67/18986,0.19402985074626866,2.5388358003229885,3.6296664403981995,0.0014878057300445064,0.03139501034707083,0.02668577405797867,THRB/SLC1A1/CRB2/FJX1/ATP8A2/IHH/LHX1/RBP4/SAMD11/SDK1/SDK2/FAT3/TFAP2B,13
GO:0006939,smooth muscle contraction,18/1451,109/18986,0.1651376146788991,2.160787561883927,3.4961143484477017,0.0014905814999440611,0.03139501034707083,0.02668577405797867,DOCK5/SLC8A1/NMU/ADORA2B/SCN11A/TNNI3/COMP/ADRA2B/CHRNB4/ADRA2A/PTGS2/DRD2/PROK2/CHRM2/MYH11/CALCA/MYOCD/SCNN1B,18
GO:0007212,G protein-coupled dopamine receptor signaling pathway,9/1451,37/18986,0.24324324324324326,3.18278167899119,3.8229985728882094,0.0015199546329887667,0.03176646497439457,0.02700151067178988,ALK/RGS9/GNB5/SLC1A1/ADCY5/GNA14/PTGER1/PALM/DRD2,9
GO:0099601,regulation of neurotransmitter receptor activity,9/1451,37/18986,0.24324324324324326,3.18278167899119,3.8229985728882094,0.0015199546329887667,0.03176646497439457,0.02700151067178988,EPHB2/CACNG8/CACNG4/SHISA6/NLGN1/SHISA8/IFNG/SHISA9/RELN,9
GO:0042445,hormone metabolic process,32/1451,241/18986,0.13278008298755187,1.7373967302561404,3.314004763214614,0.0015608227298032791,0.03247831691389901,0.02760658516644192,PCSK1N/KLK6/ESR1/HFE/SDR16C5/ALDH1A3/AKR1B1/DGAT2/ADM/CRABP2/SLC16A10/CYP2S1/HSD17B2/SRD5A3/SHH/CYP2W1/RBP4/ADH6/DIO2/PCSK4/HPN/GAL/IL4I1/CYP11A1/PDGFRA/CHST8/FOXA1/BMP5/DIO1/ADH1C/DUOXA1/SCNN1B,32
GO:0030323,respiratory tube development,28/1451,202/18986,0.13861386138613863,1.8137303737265529,3.3446316395677034,0.0015660152807182048,0.03247831691389901,0.02760658516644192,SPDEF/THRB/PGR/TP73/HHIP/SMPD3/AGR2/SOX11/ABCA3/ZFPM2/MIR17HG/SHH/PKDCC/GLI1/GLI3/RBP4/NOG/PDGFRA/SFTPD/TNF/WNT2/FOXA1/SLC23A1/DNAAF1/FGF7/TCF21/WNT11/MYOCD,28
GO:0051047,positive regulation of secretion,40/1451,322/18986,0.12422360248447205,1.6254371583529883,3.2560823090890194,0.0016082985147090525,0.03320628262192141,0.02822535637216807,GPR158/TRPM4/NPR1/PARD6A/GCK/ANO1/UNC13D/HFE/GPR68/SMPD3/IRS2/SOX11/ANG/C1QTNF12/ADORA2B/SLC12A2/OR51E2/PLA2G4A/TRPM5/NLGN1/MAP2K6/CADPS2/SNAP25/ECRG4/RASL10B/TUNAR/TLR4/NTSR1/PLA2G10/KCNN4/PLA2G3/NKX3-1/RBP4/GAL/ALOX12B/SLC18A3/DRD2/IFNG/GRP/VSNL1,40
GO:0035150,regulation of tube size,23/1451,155/18986,0.14838709677419354,1.941610902381005,3.3859984702398314,0.001613384875219902,0.03320628262192141,0.02822535637216807,TRPM4/NPR1/DOCK5/SLC8A1/ADRA1B/AVPR2/ADORA2B/ADM/COMP/ADRA2B/ITGA4/NOS1/SMTNL1/SVEP1/ADRA2A/KCNMB4/CPS1/PTGS2/CBS/FOXC2/TNF/CALCA/SCNN1B,23
GO:0021871,forebrain regionalization,7/1451,24/18986,0.2916666666666667,3.816390994716288,3.9713907377727136,0.0016303085713294304,0.03328718627823582,0.028294124519367362,LHX1/SIX3/SHH/GLI3/PAX6/LHX2/DMRTA2,7
GO:0001710,mesodermal cell fate commitment,6/1451,18/18986,0.3333333333333333,4.361589708247186,4.104462662753644,0.0016412660225828427,0.03328718627823582,0.028294124519367362,HOXA11/EYA2/PAX2/EYA1/FOXC2/MESP1,6
GO:0002921,negative regulation of humoral immune response,6/1451,18/18986,0.3333333333333333,4.361589708247186,4.104462662753644,0.0016412660225828427,0.03328718627823582,0.028294124519367362,SUSD4/CR2/C4BPB/SVEP1/C4BPA/SPINK5,6
GO:0006937,regulation of muscle contraction,25/1451,174/18986,0.14367816091954022,1.879995563899649,3.3544686992937156,0.0016480631669254016,0.03328718627823582,0.028294124519367362,TRPM4/TNNT1/DOCK5/SCN4A/GSTM2/SLC8A1/ADRA1B/RANGRF/TMEM38A/NMU/ADORA2B/TNNI3/ADRA2B/TNNT3/NOS1/HCN4/CHRNB4/ADRA2A/SCN5A/PTGS2/PROK2/CHRM2/CALCA/PLN/MYOCD,25
GO:0015698,inorganic anion transport,25/1451,174/18986,0.14367816091954022,1.879995563899649,3.3544686992937156,0.0016480631669254016,0.03328718627823582,0.028294124519367362,CLCN4/GABRE/CLCNKB/GABRQ/ANO1/SLC1A1/SLC12A5/SLC12A2/GABRG3/SLC6A14/ANO2/CLCNKA/ABCC6/GABRA3/KCNK2/WNK4/CLCA4/ANO5/SLC12A3/OCA2/SLC1A3/SLC17A7/ADAMTS8/SFRP4/GABRP,25
GO:0051346,negative regulation of hydrolase activity,33/1451,252/18986,0.13095238095238096,1.713481671097109,3.279849795334816,0.001678965159371419,0.033743703591573346,0.02868216445764429,PTX3/PCSK1N/CRB2/BIRC7/CPAMD8/LAMP3/CD44/NEIL1/PAPLN/IFI6/ANGPTL4/RARRES1/PAX2/SERPINA4/SPINK4/PTGS2/SERPINA6/TNF/SERPINA11/COL28A1/SLCO1B3/AMBP/EPPIN/SERPIND1/CST2/SERPINA3/SPOCK3/ITIH2/A2ML1/CST1/SERPINA5/SPINK5/PZP,33
GO:0048168,regulation of neuronal synaptic plasticity,12/1451,60/18986,0.2,2.6169538249483115,3.6085269004649962,0.0017018346721780016,0.033743703591573346,0.02868216445764429,EPHB2/GRIN1/NEURL1/SHISA6/JPH3/GRIN2B/SHISA8/NOG/GRIN2A/DRD2/SHISA9/RASGRF1,12
GO:0071868,cellular response to monoamine stimulus,12/1451,60/18986,0.2,2.6169538249483115,3.6085269004649962,0.0017018346721780016,0.033743703591573346,0.02868216445764429,ALK/RGS9/GNB5/SLC1A1/ADCY5/GNA14/APLP1/HTR6/PTGER1/HTR3A/PALM/DRD2,12
GO:0071870,cellular response to catecholamine stimulus,12/1451,60/18986,0.2,2.6169538249483115,3.6085269004649962,0.0017018346721780016,0.033743703591573346,0.02868216445764429,ALK/RGS9/GNB5/SLC1A1/ADCY5/GNA14/APLP1/HTR6/PTGER1/HTR3A/PALM/DRD2,12
GO:0099172,presynapse organization,12/1451,60/18986,0.2,2.6169538249483115,3.6085269004649962,0.0017018346721780016,0.033743703591573346,0.02868216445764429,WNT7A/GPC4/BSN/SLITRK2/CACNA2D3/NLGN1/SLITRK6/EFNB3/LRFN5/SLITRK4/CNTN5/LRP4,12
GO:0045861,negative regulation of proteolysis,38/1451,303/18986,0.1254125412541254,1.640994147657357,3.23547608124899,0.001748258437277727,0.034537674894103414,0.029357040450791183,CDKN2A/MDM2/PCSK1N/PTPN3/HFE/CRB2/BIRC7/CPAMD8/LAMP3/CD44/NLRP7/PAPLN/IFI6/SHH/RARRES1/PAX2/SERPINA4/EPHA4/PRKCG/SPINK4/PTGS2/SERPINA6/TNF/SERPINA11/COL28A1/SLCO1B3/AMBP/EPPIN/SERPIND1/CST2/SERPINA3/SPOCK3/ITIH2/A2ML1/CST1/SERPINA5/SPINK5/PZP,38
GO:0014855,striated muscle cell proliferation,15/1451,85/18986,0.17647058823529413,2.309076904366157,3.479512126957375,0.0018278297092774055,0.035978335332067624,0.030581602523450872,TP73/ZFPM2/MIR17HG/SHH/ERBB4/GLI1/EPHB1/KCNK2/RBP4/NOG/TENM4/FOXC2/WNT2/FGF20/SIX1,15
GO:0060037,pharyngeal system development,8/1451,31/18986,0.25806451612903225,3.3767146128365306,3.809623971082137,0.0018347681418479994,0.035984057796460946,0.03058646662096722,FOXI3/BMP7/FOLR1/EYA1/NKX3-1/NOG/BMP5/SIX1,8
GO:0042303,molting cycle,19/1451,120/18986,0.15833333333333333,2.071755111417413,3.387914122722637,0.0018584791420030381,0.03605902882360052,0.03065019203048371,FOXI3/FA2H/WNT10A/TSKU/FOXN1/TRPV3/TSPEAR/SHH/DLX3/PLA2G10/MSX2/GAL/PTGS2/TNF/LHX2/SOSTDC1/FGF7/SPINK5/LRP4,19
GO:0042633,hair cycle,19/1451,120/18986,0.15833333333333333,2.071755111417413,3.387914122722637,0.0018584791420030381,0.03605902882360052,0.03065019203048371,FOXI3/FA2H/WNT10A/TSKU/FOXN1/TRPV3/TSPEAR/SHH/DLX3/PLA2G10/MSX2/GAL/PTGS2/TNF/LHX2/SOSTDC1/FGF7/SPINK5/LRP4,19
GO:0010669,epithelial structure maintenance,9/1451,38/18986,0.23684210526315788,3.0990242663861585,3.725749840468475,0.0018585754741889055,0.03605902882360052,0.03065019203048371,TFF3/TFF1/TLR4/INAVA/RBP4/MUC13/MUC4/MUC6/SERPINA3,9
GO:0006935,chemotaxis,54/1451,472/18986,0.11440677966101695,1.496986298169585,3.145222739850078,0.0018933270160610923,0.036602068349781046,0.031111775891740735,L1CAM/TRPM4/MTUS1/ANXA1/EFNB2/LPAR1/SEMA6C/SLC12A2/C5AR2/APOA1/NTF3/ROBO3/EPHB1/CXCL14/HOXB9/CXCL9/CXCR6/ROBO2/COLEC10/LBP/SEMA6D/PLXNA4/LEF1/TNFAIP6/CCL22/CXCL13/FLRT3/EGR3/CXCR3/CCL25/SLIT1/CCL24/PDGFRA/AZU1/CDH13/CXCL3/SFTPD/PROK2/CCL13/EPHA7/PRSS56/TUBB2B/DEFB4A/CALCA/CCR3/FGF7/SEMA3D/PIK3C2G/SERPIND1/CCL11/CCL20/CXCR1/LGR6/CXCL17,54
GO:0014075,response to amine,11/1451,53/18986,0.20754716981132076,2.7157067994746633,3.597968954069585,0.0019171774513859529,0.03693125104751659,0.0313915813448511,RGS9/GLDC/SLC1A1/NR4A2/ASS1/NQO1/GRIN2A/CPS1/PPP1R1B/TH/DRD2,11
GO:0050806,positive regulation of synaptic transmission,25/1451,176/18986,0.14204545454545456,1.8586319779462444,3.291964299928566,0.001934918204239434,0.03708888001358027,0.03152556604263797,GPR158/EPHB2/GRIN1/SLC1A1/CACNG8/NMU/CACNG4/SYT12/FAM107A/GRIN2B/NLGN1/SNAP25/GFAP/EPHA4/NOG/GRIN2A/RAPSN/PRKCG/PTGS2/EFNB3/SLC18A3/DRD2/SLC1A3/TNF/RELN,25
GO:0060038,cardiac muscle cell proliferation,12/1451,61/18986,0.19672131147540983,2.5740529425721097,3.542031595411854,0.0019739849571186303,0.03708888001358027,0.03152556604263797,TP73/ZFPM2/MIR17HG/ERBB4/GLI1/KCNK2/RBP4/NOG/TENM4/FOXC2/WNT2/FGF20,12
GO:0007501,mesodermal cell fate specification,5/1451,13/18986,0.38461538461538464,5.032603509515984,4.183842414831951,0.00198017482429793,0.03708888001358027,0.03152556604263797,HOXA11/EYA2/PAX2/EYA1/MESP1,5
GO:0009068,aspartate family amino acid catabolic process,5/1451,13/18986,0.38461538461538464,5.032603509515984,4.183842414831951,0.00198017482429793,0.03708888001358027,0.03152556604263797,PIPOX/AADAT/ASRGL1/AASS/MAT1A,5
GO:0021978,telencephalon regionalization,5/1451,13/18986,0.38461538461538464,5.032603509515984,4.183842414831951,0.00198017482429793,0.03708888001358027,0.03152556604263797,SIX3/SHH/PAX6/LHX2/DMRTA2,5
GO:0033604,negative regulation of catecholamine secretion,5/1451,13/18986,0.38461538461538464,5.032603509515984,4.183842414831951,0.00198017482429793,0.03708888001358027,0.03152556604263797,SYT11/ADRA2B/ADRA2A/CNR1/DRD2,5
GO:0045986,negative regulation of smooth muscle contraction,5/1451,13/18986,0.38461538461538464,5.032603509515984,4.183842414831951,0.00198017482429793,0.03708888001358027,0.03152556604263797,DOCK5/ADORA2B/ADRA2A/PTGS2/CALCA,5
GO:0071377,cellular response to glucagon stimulus,5/1451,13/18986,0.38461538461538464,5.032603509515984,4.183842414831951,0.00198017482429793,0.03708888001358027,0.03152556604263797,PCK1/ASS1/GLP1R/CPS1/GJB2,5
GO:0042330,taxis,54/1451,474/18986,0.11392405063291139,1.490669900287013,3.111988900070625,0.002076359863700418,0.038756330835208144,0.03294290005166797,L1CAM/TRPM4/MTUS1/ANXA1/EFNB2/LPAR1/SEMA6C/SLC12A2/C5AR2/APOA1/NTF3/ROBO3/EPHB1/CXCL14/HOXB9/CXCL9/CXCR6/ROBO2/COLEC10/LBP/SEMA6D/PLXNA4/LEF1/TNFAIP6/CCL22/CXCL13/FLRT3/EGR3/CXCR3/CCL25/SLIT1/CCL24/PDGFRA/AZU1/CDH13/CXCL3/SFTPD/PROK2/CCL13/EPHA7/PRSS56/TUBB2B/DEFB4A/CALCA/CCR3/FGF7/SEMA3D/PIK3C2G/SERPIND1/CCL11/CCL20/CXCR1/LGR6/CXCL17,54
GO:0003351,epithelial cilium movement involved in extracellular fluid movement,10/1451,46/18986,0.21739130434782608,2.8445150271177297,3.602941810596644,0.0021132588352959416,0.03904119479678134,0.033185034557494386,SPA17/CWH43/SPAG16/DNAH9/NEK10/NME5/DNAAF1/DNAH11/SPAG17/ROPN1L,10
GO:0008038,neuron recognition,10/1451,46/18986,0.21739130434782608,2.8445150271177297,3.602941810596644,0.0021132588352959416,0.03904119479678134,0.033185034557494386,CRTAC1/EPHB2/DSCAML1/ROBO3/EPHA3/EPHA4/CNR1/ROBO2/EFNB3/OPCML,10
GO:0021517,ventral spinal cord development,10/1451,46/18986,0.21739130434782608,2.8445150271177297,3.602941810596644,0.0021132588352959416,0.03904119479678134,0.033185034557494386,MNX1/LRP8/LHX1/SHH/DAB1/VSTM5/GLI3/DMRT3/PAX6/RELN,10
GO:0050679,positive regulation of epithelial cell proliferation,29/1451,216/18986,0.13425925925925927,1.7567514102662278,3.217615164597859,0.0021341602839956802,0.03929322999070958,0.03339926459486258,WNT7A/IRS2/DLX5/SOX11/ANG/ERBB2/IGF2/IHH/HMX2/ITGA4/SHH/FZD7/CLDN1/TGM1/PAX2/EYA1/NOG/HPN/DLX6/SCN5A/EGR3/CCL24/CDH13/TNF/WNT2/BMP5/CCR3/FGF7/CCL11,29
GO:0007281,germ cell development,46/1451,390/18986,0.11794871794871795,1.543331742918235,3.11870096779947,0.0021853025545496675,0.04009844992466898,0.034083701930193035,MLH1/CTCFL/PTX3/CDC25B/CELF4/TAF4B/AMH/YBX2/POC1B/MAJIN/ANG/NPM2/DMRT1/NEURL1/IGF2/DDX25/IHH/ZDBF2/GLI1/SOX30/TDRD5/TDRD12/PAQR5/PLA2G3/WT1/KASH5/NANOS1/CHD5/BMPR1B/PCSK4/KLC3/TNFAIP6/OCA2/SPAG16/FUT6/CCDC146/NME5/HORMAD1/SPAG17/DMRTA2/CATSPERD/PLN/CFAP65/CFAP73/ROPN1L/PAEP,46
GO:1902305,regulation of sodium ion transmembrane transport,11/1451,54/18986,0.2037037037037037,2.6654159328177247,3.525392441510321,0.0022443492996489984,0.04098334389391749,0.03483586223425347,WNK3/FGF12/PTPN3/RANGRF/PCSK9/FXYD6/NOS1/SCN3B/TESC/SCN5A/GRP,11
GO:0042886,amide transport,40/1451,328/18986,0.12195121951219512,1.595703551797751,3.130550319261348,0.002259182899750516,0.04098334389391749,0.03483586223425347,TRPM4/GCK/FOXA2/ANO1/HFE/GPR68/SMPD3/ADCY5/IRS2/C1QTNF12/SLC38A3/SLC14A2/SLC16A10/TRPM5/LRP2/RAPGEF3/SNAP25/PLTP/ECRG4/RASL10B/POU3F3/TUNAR/CWH43/ADRA2A/FOLR1/SLC16A1/CNR1/RBP4/GAL/AQP3/HNF1A/DRD2/IFNG/TNF/FAM3D/GRP/VSNL1/TFAP2B/MMP7/FAM3B,40
GO:0007612,learning,23/1451,159/18986,0.14465408805031446,1.8927653450884014,3.251857053210153,0.002263813010212697,0.04098334389391749,0.03483586223425347,EPHB2/GRIN1/SLC1A1/ABCA7/SYT11/SLC12A5/JPH3/RAPGEF3/SNAP25/LRRN4/NTSR1/MEIS2/NOG/GRIN2A/PTGS2/NPTX2/PPP1R1B/TH/DRD2/RELN/NRXN3/PLN/FOXB1,23
GO:1903825,organic acid transmembrane transport,23/1451,159/18986,0.14465408805031446,1.8927653450884014,3.251857053210153,0.002263813010212697,0.04098334389391749,0.03483586223425347,SLC6A11/SLC6A13/SLC38A1/SLC43A1/SLC1A1/IRS2/SLC47A1/SLC38A3/SLC6A14/LRP2/SLC7A8/GFAP/SLC7A9/NTSR1/SLC16A1/ACSL5/SLC13A5/SLC1A2/SLC1A3/TNF/SLC17A7/SLC23A1/SLC16A12,23
GO:0006940,regulation of smooth muscle contraction,12/1451,62/18986,0.1935483870967742,2.532535959627398,3.4768517294366217,0.002280762249410077,0.04115255352018916,0.03497969049884719,DOCK5/NMU/ADORA2B/TNNI3/ADRA2B/CHRNB4/ADRA2A/PTGS2/PROK2/CHRM2/CALCA/MYOCD,12
GO:0002790,peptide secretion,33/1451,257/18986,0.12840466926070038,1.6801454518150638,3.1578913738681917,0.002317842300334328,0.041630856113158074,0.0353862479354019,TRPM4/GCK/FOXA2/ANO1/HFE/GPR68/SMPD3/ADCY5/IRS2/C1QTNF12/SLC16A10/TRPM5/RAPGEF3/SNAP25/ECRG4/RASL10B/TUNAR/CWH43/ADRA2A/SLC16A1/CNR1/RBP4/GAL/HNF1A/DRD2/IFNG/TNF/FAM3D/GRP/VSNL1/TFAP2B/MMP7/FAM3B,33
GO:0031345,negative regulation of cell projection organization,26/1451,188/18986,0.13829787234042554,1.8095957300174494,3.2090570117103745,0.0023303435067960274,0.041630856113158074,0.0353862479354019,FIGNL2/EPHB2/MAG/MDM2/TRIM46/ITM2C/TSKU/EFNB2/VIM/LPAR1/SEMA6C/GRIN2B/NLGN1/DAB1/GFAP/EPHA4/NEU4/SEMA6D/EFNB3/SLIT1/RTN4RL2/EPHA7/FSTL4/FAT3/MT3/LRP4,26
GO:0032412,regulation of monoatomic ion transmembrane transporter activity,26/1451,188/18986,0.13829787234042554,1.8095957300174494,3.2090570117103745,0.0023303435067960274,0.041630856113158074,0.0353862479354019,EPHB2/WNK3/FGF12/PTPN3/LRRC26/GSTM2/GNB5/RANGRF/CACNG8/PCSK9/CACNG4/JPH3/KCNE4/NLGN1/KCNRG/CACNA1F/ADRA2A/SCN3B/TESC/GAL/ACTN2/DRD2/IFNG/GRP/RELN/PLN,26
GO:0002027,regulation of heart rate,17/1451,105/18986,0.1619047619047619,2.1184864297200616,3.3059706569756493,0.0024722351676698235,0.04383897866415592,0.037263153177248834,RNLS/TRPM4/MDM2/SLC8A1/RANGRF/SLC1A1/KCNH2/ADM/SCN2B/KCNE4/HCN4/KCND3/SCN3B/SCN5A/DRD2/TNF/PLN,17
GO:0048608,reproductive structure development,38/1451,309/18986,0.12297734627831715,1.6091301836251752,3.1054312740615826,0.0024758817022161464,0.04383897866415592,0.037263153177248834,PLAG1/PTX3/PGR/RARG/WNT7A/ESR1/AMH/BMP7/ANG/ZFPM2/TNFSF10/HOXA11/SALL1/DMRT1/LHX1/ALOX15B/LRP2/SCX/SHH/GLI1/UBB/SYCP2/WT1/ROBO2/NKX3-1/RBP4/NOG/BMPR1B/IRX5/TNFAIP6/PDGFRA/GFRA1/FOXA1/FOXF2/BMP5/TCF21/HOXB13/MYOCD,38
GO:0033559,unsaturated fatty acid metabolic process,18/1451,114/18986,0.15789473684210525,2.066016177590772,3.283926127763342,0.0024927633817634492,0.04383897866415592,0.037263153177248834,GSTM2/ELOVL3/PTGS1/ELOVL2/AKR1B1/ELOVL7/PLA2G4A/FADS2/CYP2S1/ALOX15B/ELOVL4/ATP6V1B1/PLA2G10/PLA2G3/ALOXE3/PTGS2/ALOX12B/ALOX15,18
GO:0006775,fat-soluble vitamin metabolic process,10/1451,47/18986,0.2127659574468085,2.783993430796076,3.522490087333356,0.0025037639563607003,0.04383897866415592,0.037263153177248834,NQO1/LRP2/PLTP/CBR3/CYP2W1/CYP11A1/NPC1L1/IFNG/TNF/CYP24A1,10
GO:0050919,negative chemotaxis,10/1451,47/18986,0.2127659574468085,2.783993430796076,3.522490087333356,0.0025037639563607003,0.04383897866415592,0.037263153177248834,SEMA6C/APOA1/ROBO2/SEMA6D/PLXNA4/FLRT3/SLIT1/EPHA7/SEMA3D/LGR6,10
GO:0048736,appendage development,26/1451,189/18986,0.13756613756613756,1.8000211494353464,3.179612688610643,0.0025106379800274034,0.04383897866415592,0.037263153177248834,RSPO4/RARG/WNT7A/BMP7/DLX5/CRABP2/SALL4/HOXA11/SALL1/IHH/FOXN1/MSX1/SCX/COMP/SHH/PKDCC/PRRX1/GLI3/NOG/MSX2/DLX6/LEF1/HOXC11/FREM2/TFAP2B/LRP4,26
GO:0060173,limb development,26/1451,189/18986,0.13756613756613756,1.8000211494353464,3.179612688610643,0.0025106379800274034,0.04383897866415592,0.037263153177248834,RSPO4/RARG/WNT7A/BMP7/DLX5/CRABP2/SALL4/HOXA11/SALL1/IHH/FOXN1/MSX1/SCX/COMP/SHH/PKDCC/PRRX1/GLI3/NOG/MSX2/DLX6/LEF1/HOXC11/FREM2/TFAP2B/LRP4,26
GO:0035107,appendage morphogenesis,22/1451,151/18986,0.1456953642384106,1.90639020360473,3.2166735368184773,0.002544688324008788,0.04414871121108836,0.03752642599272069,RARG/WNT7A/BMP7/DLX5/CRABP2/SALL4/HOXA11/SALL1/IHH/MSX1/SHH/PKDCC/PRRX1/GLI3/NOG/MSX2/DLX6/LEF1/HOXC11/FREM2/TFAP2B/LRP4,22
GO:0035108,limb morphogenesis,22/1451,151/18986,0.1456953642384106,1.90639020360473,3.2166735368184773,0.002544688324008788,0.04414871121108836,0.03752642599272069,RARG/WNT7A/BMP7/DLX5/CRABP2/SALL4/HOXA11/SALL1/IHH/MSX1/SHH/PKDCC/PRRX1/GLI3/NOG/MSX2/DLX6/LEF1/HOXC11/FREM2/TFAP2B/LRP4,22
GO:0007204,positive regulation of cytosolic calcium ion concentration,24/1451,170/18986,0.1411764705882353,1.847261523492926,3.1920112599362818,0.0025568994694453034,0.04421883970641351,0.03758603524784067,TRPM4/GRIN1/SLC8A1/ADRA1B/ESR1/CACNA1A/ADCY5/RIC3/ADM/LPAR1/C5AR2/JPH3/NOS1/GLP1R/PTGER1/CXCR6/LPAR3/CXCL13/CXCR3/PROK2/CALCA/CCR3/CXCR1/ADCYAP1R1,24
GO:0042310,vasoconstriction,15/1451,88/18986,0.17045454545454544,2.2303583735354926,3.3277536227761897,0.002601158718182963,0.04484099408128783,0.03811486676894982,TRPM4/DOCK5/SLC8A1/ADRA1B/AVPR2/ADM/COMP/ADRA2B/ITGA4/SMTNL1/SVEP1/ADRA2A/KCNMB4/PTGS2/SCNN1B,15
GO:0046394,carboxylic acid biosynthetic process,40/1451,331/18986,0.12084592145015106,1.5812409818418802,3.0687302878753835,0.002662642649249315,0.045755189398052516,0.03889193323264414,SRR/NANS/FA2H/GSTM2/ELOVL3/CEACAM1/SLC38A1/BHMT2/ASS1/PTGS1/ALDH1A3/ELOVL2/AKR1B1/ELOVL7/PLA2G4A/GGTA1/LIPC/FADS2/UST/ALOX15B/ELOVL4/SLC27A2/RGN/GAMT/GAD1/PLA2G10/ACSM1/AASS/PLA2G3/HOGA1/ALOXE3/CPS1/PTGS2/CBS/ALOX12B/ALOX15/LDHC/SLC1A3/CYP8B1/THNSL2,40
GO:0098661,inorganic anion transmembrane transport,20/1451,133/18986,0.15037593984962405,1.9676344548483544,3.2213137961888725,0.0026844258521264144,0.04583961018365856,0.038963690941451204,CLCN4/GABRE/CLCNKB/GABRQ/ANO1/SLC1A1/SLC12A5/SLC12A2/GABRG3/ANO2/CLCNKA/GABRA3/KCNK2/CLCA4/ANO5/SLC12A3/OCA2/SLC1A3/SLC17A7/GABRP,20
GO:0051899,membrane depolarization,16/1451,97/18986,0.16494845360824742,2.158312432947061,3.289979740681023,0.0026929606573810132,0.04583961018365856,0.038963690941451204,CDKN2A/TRPM4/PTPN3/SLC8A1/RANGRF/KCNH2/SCN11A/CNGB1/SCN2B/KCNQ3/IFI6/HCN4/CHRNB4/NTSR1/SCN3B/SCN5A,16
GO:0061337,cardiac conduction,16/1451,97/18986,0.16494845360824742,2.158312432947061,3.289979740681023,0.0026929606573810132,0.04583961018365856,0.038963690941451204,TRPM4/SLC8A1/RANGRF/KCNH2/SCN2B/KCNN2/ATP2A3/KCNE4/ATP2B2/HCN4/KCND3/ATP2B3/SCN3B/SCN5A/PLN/TBX18,16
GO:0072337,modified amino acid transport,9/1451,40/18986,0.225,2.944073053066851,3.540543475085089,0.002715453346657488,0.04607758296381499,0.03916596792027679,SLC6A12/SLC6A13/SLC22A15/SLC22A16/SLC6A14/LRP2/SLC7A9/FOLR1/SLC16A12,9
GO:0031644,regulation of nervous system process,19/1451,124/18986,0.1532258064516129,2.00492430137169,3.229508580483169,0.002728726915369921,0.046158121227804313,0.03923442548382212,MAG/FGF12/GRIN1/WNT7A/CELF4/SHISA6/TMEM108/GRIN2B/NLGN1/CHRNB4/SHISA8/NTSR1/ZNF488/GRIN2A/TENM4/NCMAP/TNF/SHISA9/RELN,19
GO:0070252,actin-mediated cell contraction,18/1451,115/18986,0.1565217391304348,2.0480508195247658,3.242798224923116,0.0027492064450795567,0.0463596712997372,0.039405743142950464,TRPM4/FGF12/SCN8A/SCN4A/RANGRF/KCNH2/SCN11A/SCN2B/KCNN2/KCNE4/NOS1/HCN4/KCND3/SCN3B/SCN5A/SCN7A/SCN2A/PLN,18
GO:0030900,forebrain development,48/1451,416/18986,0.11538461538461539,1.509781052854795,3.0242001124336926,0.0027688408069552364,0.04641727135879657,0.03945470322115373,ALK/EPHB2/IGF2BP1/WNT7A/HES5/AVPR2/NR4A2/TSKU/ALDH1A3/DLX5/SSTR1/LRP8/LPAR1/SALL1/APLP1/TMEM108/LHX1/MSX1/LRP2/SIX3/HTR6/SHH/ERBB4/GLI1/UBB/DAB1/POU3F3/NEUROG2/SSTR3/ROBO2/GLI3/NOG/CHD5/SCN5A/PLXNA4/LEF1/PAX6/SLIT1/TH/SLC1A2/DRD2/LHX2/TUBB2B/FOXP2/RELN/DMRTA2/SCN2A/FOXB1,48
GO:0009636,response to toxic substance,34/1451,270/18986,0.1259259259259259,1.6477116675600478,3.083494697688126,0.0027697725196547743,0.04641727135879657,0.03945470322115373,CDKN1A/MDM2/GSR/GSTM2/ASS1/PTGS1/BMP7/SLC47A1/SCN11A/NQO1/SCN2B/SLC6A14/CYGB/CLDN1/PTPN13/INMT/MT1H/CPS1/DDC/PRKCG/PTGS2/LPO/PXDN/TH/DRD2/TNF/SLC23A1/MB/GPX3/AMBP/GPX2/HP/CP/MT3,34
GO:0006869,lipid transport,52/1451,459/18986,0.11328976034858387,1.4823703583585206,3.009334932223049,0.00279058910629851,0.04662178651973406,0.03962854120737748,SLCO3A1/SLC43A3/ANXA1/MFSD2B/CEACAM1/GULP1/ESYT3/ATP8B3/PCSK9/TSKU/ABCA7/IRS2/CRABP2/ABCA3/ATP8A2/PLA2G4A/APOA1/LIPC/ABCG4/MAP2K6/XKR6/SLC27A2/PLA2G2C/FABP3/ABCA4/SHH/PLTP/ECRG4/NTSR1/PLA2G10/ABCC3/KCNN4/PLA2G3/NKX3-1/RBP4/WNK4/LBP/FABP4/CRABP1/GAL/ACSL5/PTGS2/ABCA10/FASLG/DISP3/DRD2/NPC1L1/SLCO1B3/ERFE/SLCO1A2/SERPINA5/FABP6,52
GO:0022412,cellular process involved in reproduction in multicellular organism,49/1451,427/18986,0.11475409836065574,1.501530883167064,3.0152300630670608,0.002812463509395196,0.04662978485182304,0.039635339793541585,MLH1/CTCFL/PTX3/CDC25B/SPACA6/CELF4/TAF4B/AMH/YBX2/POC1B/MAJIN/ANG/NPM2/DMRT1/NEURL1/IGF2/DDX25/IHH/ZDBF2/GLI1/SOX30/TDRD5/TDRD12/PAQR5/FOLR1/PLA2G3/WT1/KASH5/NANOS1/CHD5/BMPR1B/PCSK4/KLC3/TNFAIP6/OCA2/SPAG16/FUT6/CCDC146/NME5/HORMAD1/SPAG17/DMRTA2/CATSPERD/PLN/SERPINA5/CFAP65/CFAP73/ROPN1L/PAEP,49
GO:0060351,cartilage development involved in endochondral bone morphogenesis,8/1451,33/18986,0.24242424242424243,3.17206524236159,3.5923362149306763,0.0028169110745512906,0.04662978485182304,0.039635339793541585,RARG/TSKU/SMPD3/THBS3/HOXA11/IHH/COMP/CBS,8
GO:0099560,synaptic membrane adhesion,8/1451,33/18986,0.24242424242424243,3.17206524236159,3.5923362149306763,0.0028169110745512906,0.04662978485182304,0.039635339793541585,CDH6/GPC4/SLITRK2/ELFN2/TENM4/LRFN5/FLRT3/NTNG1,8
GO:0016331,morphogenesis of embryonic epithelium,21/1451,143/18986,0.14685314685314685,1.9215395218151938,3.1819480285537978,0.002857062778010043,0.04715024639441574,0.04007773235777246,RARG/HES5/BMP7/ALDH1A3/SOX11/ADM/SALL4/CECR2/TRIM71/LRP2/SHH/COBL/PAX2/FOLR1/NOG/WNT2/WNT6/LHX2/BMP5/TBX18/SIX1,21
GO:0045916,negative regulation of complement activation,5/1451,14/18986,0.35714285714285715,4.673131830264842,3.95485073907755,0.002887829184027562,0.04722604040223925,0.04014215730127039,SUSD4/CR2/C4BPB/SVEP1/C4BPA,5
GO:0060572,morphogenesis of an epithelial bud,5/1451,14/18986,0.35714285714285715,4.673131830264842,3.95485073907755,0.002887829184027562,0.04722604040223925,0.04014215730127039,BMP7/SHH/NOG/WNT2/SOSTDC1,5
GO:2001053,regulation of mesenchymal cell apoptotic process,5/1451,14/18986,0.35714285714285715,4.673131830264842,3.95485073907755,0.002887829184027562,0.04722604040223925,0.04014215730127039,BMP7/MSX1/SHH/PAX2/MSX2,5
GO:0021537,telencephalon development,35/1451,281/18986,0.12455516014234876,1.6297755137578454,3.059469981491156,0.002905720736189235,0.047340633084286834,0.04023956113672111,ALK/EPHB2/IGF2BP1/HES5/AVPR2/TSKU/ALDH1A3/DLX5/LRP8/LPAR1/SALL1/TMEM108/LHX1/SIX3/HTR6/SHH/ERBB4/DAB1/POU3F3/ROBO2/GLI3/SCN5A/PLXNA4/LEF1/PAX6/TH/SLC1A2/DRD2/LHX2/TUBB2B/FOXP2/RELN/DMRTA2/SCN2A/FOXB1,35
GO:0035418,protein localization to synapse,15/1451,89/18986,0.16853932584269662,2.2052981670912737,3.2785302095198894,0.0029123278804854083,0.047340633084286834,0.04023956113672111,WNT7A/GPC4/CACNA2D2/BSN/ERBB2/TMEM108/NLGN1/ERBB4/KIF5A/GRIN2A/KIF5C/RAPSN/DLG2/NPTX1/RELN,15
GO:0048806,genitalia development,10/1451,48/18986,0.20833333333333334,2.7259935676544913,3.444124620031257,0.0029500079288296292,0.047809559636990365,0.040638148934492,ESR1/LHX1/LRP2/SHH/SYCP2/WT1/RBP4/PDGFRA/FOXF2/BMP5,10
GO:0003205,cardiac chamber development,24/1451,172/18986,0.13953488372093023,1.8257817383360313,3.129500677740006,0.002985822048459203,0.048245536562118406,0.04100872953280496,MDM2/BMP7/SOX11/ZFPM2/SALL4/SALL1/LRP2/TNNI3/MIR17HG/ADAMTS19/KCNK2/ROBO2/RBP4/NOG/MSX2/SCN5A/FOXC2/WNT2/BMP5/MESP1/DNAH11/WNT11/MYOCD/ADAMTS6,24
GO:1901606,alpha-amino acid catabolic process,16/1451,98/18986,0.16326530612244897,2.136288836692499,3.244105077522363,0.0029953530074105267,0.048255493539027326,0.041017192968018215,GLDC/PIPOX/HPD/AADAT/ASRGL1/ADHFE1/HGD/NOS1/GAD1/AASS/HOGA1/CBS/IL4I1/MAT1A/FTCD/THNSL2,16
GO:0071715,icosanoid transport,12/1451,64/18986,0.1875,2.453394210889042,3.3502407421306026,0.003011079876217274,0.04836491207704482,0.041110198778527896,SLCO3A1/ANXA1/PLA2G4A/MAP2K6/PLA2G2C/ABCC6/NTSR1/PLA2G10/ABCC3/PLA2G3/PTGS2/DRD2,12
GO:0060840,artery development,18/1451,116/18986,0.15517241379310345,2.0303952090116213,3.2020860389057484,0.003027283067281529,0.04839294808885013,0.041134029402192365,EFNB2/SCN11A/LRP2/COMP/SHH/FOLR1/EYA1/ROBO2/PRRX1/NKX3-1/GLI3/NOG/FOXC2/TFAP2B/WNT11/MYOCD/ADAMTS6/SIX1,18
GO:0043266,regulation of potassium ion transport,17/1451,107/18986,0.1588785046728972,2.0788885525290324,3.2193270783035333,0.0030307055980270075,0.04839294808885013,0.041134029402192365,GCK/KCNS1/LRRC26/KCNIP3/KCNH2/KCNN2/KCNE4/KCNG1/KCNRG/NOS1/ADRA2A/KCNN4/WNK4/GAL/ACTN2/DRD2/GRP,17
GO:0061458,reproductive system development,38/1451,313/18986,0.12140575079872204,1.588566219617186,3.0202756022630486,0.0030947848987144047,0.049270796049238445,0.04188020059529617,PLAG1/PTX3/PGR/RARG/WNT7A/ESR1/AMH/BMP7/ANG/ZFPM2/TNFSF10/HOXA11/SALL1/DMRT1/LHX1/ALOX15B/LRP2/SCX/SHH/GLI1/UBB/SYCP2/WT1/ROBO2/NKX3-1/RBP4/NOG/BMPR1B/IRX5/TNFAIP6/PDGFRA/GFRA1/FOXA1/FOXF2/BMP5/TCF21/HOXB13/MYOCD,38
GO:0009581,detection of external stimulus,21/1451,144/18986,0.14583333333333334,1.908195497358144,3.1469019576677897,0.0031100419022560286,0.049368495064257716,0.04196324480555981,NR2F6/PDE6B/ANO1/SCN11A/ATP8A2/CNGB1/REEP6/ELOVL4/TULP1/TMC1/ABCA4/EPHB1/CACNA1F/KCNK2/NTSR1/HPN/PKD1L1/TNF/CALCA/GNGT1/RGR,21
GO:0016053,organic acid biosynthetic process,40/1451,334/18986,0.11976047904191617,1.567038218531923,3.0075231802081297,0.0031267833331592547,0.04948911749237148,0.042065773928098196,SRR/NANS/FA2H/GSTM2/ELOVL3/CEACAM1/SLC38A1/BHMT2/ASS1/PTGS1/ALDH1A3/ELOVL2/AKR1B1/ELOVL7/PLA2G4A/GGTA1/LIPC/FADS2/UST/ALOX15B/ELOVL4/SLC27A2/RGN/GAMT/GAD1/PLA2G10/ACSM1/AASS/PLA2G3/HOGA1/ALOXE3/CPS1/PTGS2/CBS/ALOX12B/ALOX15/LDHC/SLC1A3/CYP8B1/THNSL2,40
