ID,Description,GeneRatio,BgRatio,RichFactor,FoldEnrichment,zScore,pvalue,p.adjust,qvalue,geneID,Count
GO:0003341,cilium movement,85/1923,258/18986,0.32945736434108525,3.252770420894355,12.230616120184107,7.177704045239345e-24,4.1307686780352426e-20,3.412809386562749e-20,KLC3/SPA17/SPACA9/DNAH9/JHY/KIF27/BBOF1/CFAP69/DNAI4/EPPIN/DNAAF1/NME5/POC1B/GAS2L2/TEKT3/NEURL1/CFAP161/NEK10/CFAP251/CFAP53/DNAH11/DNAH10/RIBC1/CFAP43/ENKUR/DNAH3/CCDC40/EFCAB6/DNAAF6/DNAAF4/TMEM232/CFAP157/TEKT4/CATSPERD/CFAP57/TTC21A/ARMC3/CFAP58/CFAP65/TCTE1/IQUB/DNAH6/DNAH7/ROPN1B/SLC22A16/SPAG8/PACRG/LRRC23/CFAP73/DNAI3/DNAI2/CCDC65/RSPH4A/TEKT1/ROPN1L/SPEF2/CFAP70/CFAP46/CWH43/ZMYND12/TTC29/CFAP221/ZMYND10/CFAP61/CFAP45/CFAP52/DRC7/CFAP126/HOATZ/CFAP77/EFHB/DNAI1/CCDC146/RIBC2/CELF3/DRC1/CFAP100/SPEF1/TEKT2/SPAG17/HYDIN/DNAH5/CFAP47/TTLL6/DEFB1,85
GO:0001578,microtubule bundle formation,57/1923,136/18986,0.41911764705882354,4.137996696338441,12.329160505212055,3.1199805112556074e-22,8.977743921138011e-19,7.417343141758727e-19,PSRC1/PLK1/SPACA9/KIF20A/JHY/BBOF1/CFAP69/DNAI4/TRIM46/DNAAF1/LRGUK/GAS2L2/NEURL1/RSPH1/CFAP43/CCDC40/TPPP3/DNAAF6/CC2D2A/DNAAF4/CFAP157/CFAP57/CFAP58/CFAP65/RP1/DNAH7/LRRC23/CFAP73/DNAI3/DNAI2/CCDC65/RSPH4A/SPEF2/CFAP46/ZMYND12/ZMYND10/CFAP74/DNAJB13/DNAAF3/DRC7/HOATZ/LRRC43/DNAI1/CCDC146/DRC1/MAP1B/CFAP100/SPEF1/TEKT2/SPAG17/FOXJ1/HYDIN/DNAH5/CFAP47/MTCL1/TTLL6/CAPN6,57
GO:0035082,axoneme assembly,47/1923,105/18986,0.44761904761904764,4.419394299581507,11.79501735502886,5.241969037698912e-20,1.005584393731908e-16,8.308061102907364e-17,SPACA9/JHY/BBOF1/CFAP69/DNAI4/DNAAF1/LRGUK/NEURL1/RSPH1/CFAP43/CCDC40/DNAAF6/CC2D2A/DNAAF4/CFAP157/CFAP57/CFAP58/CFAP65/RP1/DNAH7/LRRC23/CFAP73/DNAI3/DNAI2/CCDC65/RSPH4A/SPEF2/CFAP46/ZMYND12/ZMYND10/CFAP74/DNAJB13/DNAAF3/DRC7/HOATZ/LRRC43/DNAI1/CCDC146/DRC1/CFAP100/SPEF1/TEKT2/SPAG17/FOXJ1/HYDIN/DNAH5/CFAP47,47
GO:0007018,microtubule-based movement,114/1923,480/18986,0.2375,2.3448647945917838,10.01867323731553,1.5892422379726695e-18,2.2865222698831783e-15,1.889107154979618e-15,KIF2C/UCHL1/KLC3/KIFC1/SPA17/KIF18B/SPACA9/DNAH9/KIF4A/AP3B2/KIF23/CDR2L/KIF20A/JHY/KIF27/BBOF1/LCA5L/DLGAP5/CFAP69/DNAI4/TRIM46/KIF3C/DYNLRB2/UBB/EPPIN/KIF13B/DNAAF1/NME5/KIF1A/POC1B/GAS2L2/CENPE/TEKT3/NEURL1/DNAH12/CFAP161/NEK10/CFAP251/CFAP53/DNAH11/DNAH10/RIBC1/CFAP43/ENKUR/DNAH3/CCDC40/EFCAB6/DNAAF6/DNAAF4/TMEM232/CFAP157/TEKT4/CATSPERD/CFAP57/TTC21A/ARMC3/CFAP58/CFAP65/KIF5A/TCTE1/IQUB/DNAH6/FMN2/DNAH7/ROPN1B/SLC22A16/SPAG8/PACRG/LRRC23/CFAP73/DNAI3/DYNC1I1/DNAI2/CCDC65/RSPH4A/TEKT1/ROPN1L/SPEF2/CFAP70/CFAP46/CWH43/ZMYND12/TTC29/KIF26B/CFAP221/ZMYND10/CFAP61/CFAP45/CFAP52/KIF19/DRC7/CFAP126/HOATZ/CFAP77/EFHB/DNAI1/CCDC146/RIBC2/CELF3/DRC1/TUB/TMEM108/MAP1B/CFAP100/RAB27B/SPEF1/TEKT2/MGARP/SPAG17/HYDIN/DNAH5/CFAP47/TTLL6/DEFB1,114
GO:0001539,cilium or flagellum-dependent cell motility,67/1923,218/18986,0.3073394495412844,3.0343977061834764,10.141970766223393,2.604014759210607e-17,2.4976841565428403e-14,2.0635674855007565e-14,KLC3/SPACA9/DNAH9/BBOF1/CFAP69/EPPIN/POC1B/GAS2L2/TEKT3/NEURL1/CFAP161/CFAP251/CFAP53/DNAH11/DNAH10/RIBC1/CFAP43/ENKUR/DNAH3/CCDC40/EFCAB6/DNAAF6/TMEM232/CFAP157/TEKT4/CATSPERD/CFAP57/TTC21A/ARMC3/CFAP58/CFAP65/TCTE1/IQUB/DNAH6/DNAH7/ROPN1B/SLC22A16/SPAG8/PACRG/LRRC23/DNAI3/CCDC65/RSPH4A/TEKT1/ROPN1L/SPEF2/CFAP46/ZMYND12/CFAP221/CFAP61/CFAP45/CFAP52/DRC7/CFAP126/HOATZ/CFAP77/EFHB/DNAI1/CCDC146/RIBC2/CELF3/DRC1/TEKT2/DNAH5/CFAP47/TTLL6/DEFB1,67
GO:0060285,cilium-dependent cell motility,67/1923,218/18986,0.3073394495412844,3.0343977061834764,10.141970766223393,2.604014759210607e-17,2.4976841565428403e-14,2.0635674855007565e-14,KLC3/SPACA9/DNAH9/BBOF1/CFAP69/EPPIN/POC1B/GAS2L2/TEKT3/NEURL1/CFAP161/CFAP251/CFAP53/DNAH11/DNAH10/RIBC1/CFAP43/ENKUR/DNAH3/CCDC40/EFCAB6/DNAAF6/TMEM232/CFAP157/TEKT4/CATSPERD/CFAP57/TTC21A/ARMC3/CFAP58/CFAP65/TCTE1/IQUB/DNAH6/DNAH7/ROPN1B/SLC22A16/SPAG8/PACRG/LRRC23/DNAI3/CCDC65/RSPH4A/TEKT1/ROPN1L/SPEF2/CFAP46/ZMYND12/CFAP221/CFAP61/CFAP45/CFAP52/DRC7/CFAP126/HOATZ/CFAP77/EFHB/DNAI1/CCDC146/RIBC2/CELF3/DRC1/TEKT2/DNAH5/CFAP47/TTLL6/DEFB1,67
GO:0060294,cilium movement involved in cell motility,66/1923,215/18986,0.30697674418604654,3.030816674527446,10.053412287468456,4.817030185388277e-17,3.9602869595585046e-14,3.27195869885697e-14,KLC3/SPACA9/DNAH9/BBOF1/CFAP69/EPPIN/POC1B/GAS2L2/TEKT3/NEURL1/CFAP161/CFAP251/CFAP53/DNAH11/DNAH10/RIBC1/CFAP43/ENKUR/DNAH3/CCDC40/EFCAB6/DNAAF6/TMEM232/CFAP157/TEKT4/CATSPERD/CFAP57/TTC21A/ARMC3/CFAP58/CFAP65/TCTE1/IQUB/DNAH6/DNAH7/ROPN1B/SLC22A16/SPAG8/PACRG/LRRC23/DNAI3/RSPH4A/TEKT1/ROPN1L/SPEF2/CFAP46/ZMYND12/CFAP221/CFAP61/CFAP45/CFAP52/DRC7/CFAP126/HOATZ/CFAP77/EFHB/DNAI1/CCDC146/RIBC2/CELF3/DRC1/TEKT2/DNAH5/CFAP47/TTLL6/DEFB1,66
GO:0007389,pattern specification process,107/1923,476/18986,0.22478991596638656,2.2193766742266328,9.044933901760244,1.1147453891649559e-15,8.019199643305402e-13,6.625401214286982e-13,AURKA/PTCH1/DLL3/EFNB1/TCTN1/MLLT3/FOXA2/RARG/IHH/HES5/DNAAF1/DSCAML1/HOXA4/TCF15/MSX1/MEOX1/AXIN2/CFAP53/DNAH11/ROBO2/LEF1/ENKUR/CCDC40/GREM2/SHH/CC2D2A/DMRT3/DNAAF4/WIF1/BMP7/CDON/HHIP/WNT7A/BMP4/BARX1/FOXB1/SATB2/BMPR1B/CRB2/DNAI2/PAX2/LRP2/GLI1/FGF8/HOXA5/CFAP45/CFAP52/DNAAF3/NOG/CDX2/NDRG4/WT1/HES6/NTF4/TDRD5/COBL/NKD1/SIX3/MSX2/WNT3/HOXA7/DNAI1/MEIS2/HOXA2/BMP5/VAX2/DZIP1L/GLI3/DRC1/GJA1/FUT6/HOXA6/HOXA3/TP63/GDNF/HOXD4/OTX1/EYA1/LHX1/HEY1/CXXC4/HEY2/FOXJ1/ERBB4/SIX2/OOEP/WNT3A/DNAH5/SFRP2/FST/FOXG1/HOXA9/SIX1/FOLR1/HES2/TBX18/GSC/DKK1/HNF1B/HOXC10/LEFTY2/HOXC8/CHRDL1/FOXN4/HOXC9/LRP4/FOXA1,107
GO:0003002,regionalization,96/1923,430/18986,0.22325581395348837,2.2042303087472335,8.47947271215665,5.309092546126472e-14,3.394869733661983e-11,2.804815325245997e-11,AURKA/PTCH1/DLL3/TCTN1/MLLT3/FOXA2/RARG/IHH/HES5/DNAAF1/DSCAML1/HOXA4/TCF15/MSX1/MEOX1/AXIN2/CFAP53/DNAH11/ROBO2/LEF1/ENKUR/CCDC40/GREM2/SHH/CC2D2A/DMRT3/DNAAF4/WIF1/CDON/HHIP/WNT7A/BMP4/BARX1/FOXB1/BMPR1B/CRB2/DNAI2/PAX2/LRP2/GLI1/FGF8/HOXA5/CFAP45/CFAP52/DNAAF3/NOG/CDX2/NDRG4/WT1/HES6/NTF4/TDRD5/COBL/NKD1/SIX3/MSX2/WNT3/HOXA7/DNAI1/HOXA2/VAX2/DZIP1L/GLI3/DRC1/GJA1/HOXA6/HOXA3/TP63/GDNF/HOXD4/OTX1/LHX1/HEY1/CXXC4/HEY2/FOXJ1/SIX2/WNT3A/DNAH5/SFRP2/FOXG1/HOXA9/SIX1/FOLR1/HES2/TBX18/GSC/DKK1/HNF1B/HOXC10/LEFTY2/HOXC8/FOXN4/HOXC9/LRP4/FOXA1,96
GO:0030317,flagellated sperm motility,56/1923,196/18986,0.2857142857142857,2.820889978456281,8.602320096122039,3.291967326213107e-13,1.7222974511233116e-10,1.4229489389956557e-10,KLC3/SPACA9/BBOF1/CFAP69/EPPIN/POC1B/TEKT3/NEURL1/CFAP161/CFAP251/CFAP53/DNAH11/RIBC1/CFAP43/ENKUR/CCDC40/EFCAB6/DNAAF6/TMEM232/CFAP157/TEKT4/CATSPERD/CFAP57/TTC21A/ARMC3/CFAP58/CFAP65/TCTE1/IQUB/ROPN1B/SLC22A16/SPAG8/PACRG/LRRC23/TEKT1/ROPN1L/SPEF2/ZMYND12/CFAP221/CFAP61/CFAP45/CFAP52/DRC7/CFAP126/HOATZ/CFAP77/EFHB/DNAI1/CCDC146/RIBC2/CELF3/DRC1/TEKT2/DNAH5/CFAP47/DEFB1,56
GO:0097722,sperm motility,56/1923,196/18986,0.2857142857142857,2.820889978456281,8.602320096122039,3.291967326213107e-13,1.7222974511233116e-10,1.4229489389956557e-10,KLC3/SPACA9/BBOF1/CFAP69/EPPIN/POC1B/TEKT3/NEURL1/CFAP161/CFAP251/CFAP53/DNAH11/RIBC1/CFAP43/ENKUR/CCDC40/EFCAB6/DNAAF6/TMEM232/CFAP157/TEKT4/CATSPERD/CFAP57/TTC21A/ARMC3/CFAP58/CFAP65/TCTE1/IQUB/ROPN1B/SLC22A16/SPAG8/PACRG/LRRC23/TEKT1/ROPN1L/SPEF2/ZMYND12/CFAP221/CFAP61/CFAP45/CFAP52/DRC7/CFAP126/HOATZ/CFAP77/EFHB/DNAI1/CCDC146/RIBC2/CELF3/DRC1/TEKT2/DNAH5/CFAP47/DEFB1,56
GO:0007409,axonogenesis,97/1923,459/18986,0.2113289760348584,2.0864752672895586,7.9102622852383755,1.29397792564708e-12,6.205702468415787e-10,5.127103763287597e-10,L1CAM/UCHL1/APLP1/PTCH1/EFNB1/ROBO3/TCTN1/EPHB2/EPHB1/TRIM46/PARD6B/EDN3/KIF13B/DSCAML1/SLITRK2/SEMA6C/ROBO2/PLEKHG4/ERBB2/MAG/TSKU/ARHGAP4/SHH/PALLD/DLX5/CDK5R1/BMP7/RAC3/SLITRK6/RTN4R/SNAP25/BDNF/NTN1/KIF5A/WNT7A/ALCAM/EPHB6/SPTBN4/ETV1/FOXB1/UST/BMPR1B/RPS6KA5/PLPPR4/MT3/APOE/PAX2/CDH11/NDP/FGF8/EPHA6/KEL/NOG/CTNNA2/COBL/SLIT1/WNT3/NTNG1/NFASC/HOXA2/NPTX1/SEMA3D/PLA2G10/VAX2/GLI3/CHODL/MAP1B/GDNF/EFNA5/LHX1/XK/SEMA3E/EPHA3/CNTN2/CRABP2/CNTN1/LMX1A/EFNA2/RND2/SHOX2/GDF7/NKX6-1/EPHA10/DAB1/EPHA7/WNT3A/ISLR2/RET/FOXG1/UNC5A/ADCY1/SEMA3A/GFRA3/PLXNA4/VAX1/LGR6/LRP4,97
GO:0044782,cilium organization,88/1923,427/18986,0.20608899297423888,2.034740312329121,7.259977389673633,5.847538375668191e-11,2.58866025784388e-8,2.138731242339532e-8,AURKA/KLC3/ERICH3/CLCN4/SPACA9/DNMBP/LPAR1/TCTN1/RILPL2/JHY/KIF27/BBOF1/LCA5L/CFAP69/DNAI4/UBXN10/DNAAF1/NME5/LRGUK/TBC1D30/POC1B/TEKT3/NEURL1/RSPH1/CCNO/CFAP161/CFAP53/CFAP43/CCDC40/DNAAF6/TMEM231/CC2D2A/DNAAF4/CFAP157/TEKT4/CFAP57/TTC21A/CFAP58/CFAP65/IQUB/ADAMTS16/RP1/DNAH7/ROPN1B/LRRC23/CFAP73/DNAI3/DNAI2/CCDC65/RSPH4A/TEKT1/CEP126/SPEF2/CFAP70/CFAP46/CWH43/ZMYND12/TTC29/CFAP221/ZMYND10/CFAP74/CFAP61/DNAJB13/CIBAR2/DNAAF3/CATIP/KIF19/DRC7/CFAP126/SNX10/HOATZ/LRRC43/RFX2/DNAI1/CCDC146/MCIDAS/DZIP1L/DRC1/TUB/CFAP100/SPEF1/TEKT2/SPAG17/FOXJ1/GMNC/HYDIN/DNAH5/CFAP47,88
GO:0007411,axon guidance,58/1923,236/18986,0.2457627118644068,2.426443498417903,7.402479047481059,1.0738413964051312e-10,4.41425516879395e-8,3.647023750046599e-8,L1CAM/PTCH1/EFNB1/ROBO3/EPHB2/EPHB1/EDN3/DSCAML1/SEMA6C/ROBO2/PLEKHG4/ERBB2/SHH/PALLD/DLX5/CDK5R1/BMP7/RAC3/BDNF/NTN1/KIF5A/ALCAM/EPHB6/ETV1/BMPR1B/RPS6KA5/NDP/FGF8/EPHA6/NOG/SLIT1/WNT3/NFASC/HOXA2/SEMA3D/PLA2G10/GLI3/GDNF/EFNA5/LHX1/SEMA3E/EPHA3/CNTN2/CNTN1/LMX1A/EFNA2/GDF7/EPHA10/EPHA7/WNT3A/RET/FOXG1/UNC5A/SEMA3A/GFRA3/PLXNA4/VAX1/LGR6,58
GO:0097485,neuron projection guidance,58/1923,237/18986,0.24472573839662448,2.41620534019673,7.365099079922798,1.2839059885252856e-10,4.925919309308679e-8,4.069756736960502e-8,L1CAM/PTCH1/EFNB1/ROBO3/EPHB2/EPHB1/EDN3/DSCAML1/SEMA6C/ROBO2/PLEKHG4/ERBB2/SHH/PALLD/DLX5/CDK5R1/BMP7/RAC3/BDNF/NTN1/KIF5A/ALCAM/EPHB6/ETV1/BMPR1B/RPS6KA5/NDP/FGF8/EPHA6/NOG/SLIT1/WNT3/NFASC/HOXA2/SEMA3D/PLA2G10/GLI3/GDNF/EFNA5/LHX1/SEMA3E/EPHA3/CNTN2/CNTN1/LMX1A/EFNA2/GDF7/EPHA10/EPHA7/WNT3A/RET/FOXG1/UNC5A/SEMA3A/GFRA3/PLXNA4/VAX1/LGR6,58
GO:0003351,epithelial cilium movement involved in extracellular fluid movement,21/1923,46/18986,0.45652173913043476,4.507291596011666,7.995176407674217,6.68701221165733e-10,2.4052347048804956e-7,1.9871864578984314e-7,SPA17/DNAH9/JHY/KIF27/DNAAF1/NME5/NEK10/CFAP53/DNAH11/CFAP43/CCDC40/DNAAF4/RSPH4A/ROPN1L/SPEF2/CWH43/CFAP221/CFAP45/DNAI1/SPAG17/DNAH5,21
GO:0044458,motile cilium assembly,28/1923,79/18986,0.35443037974683544,3.499331872009057,7.472972919278939,1.2958188717999294e-9,4.31239915279851e-7,3.5628710911684795e-7,KLC3/JHY/BBOF1/CFAP69/DNAAF1/POC1B/NEURL1/CFAP53/CFAP43/CCDC40/CC2D2A/CFAP157/CFAP57/CFAP58/CFAP65/SPEF2/ZMYND12/CFAP221/ZMYND10/CFAP61/DNAAF3/DRC7/CCDC146/MCIDAS/DRC1/SPAG17/FOXJ1/CFAP47,28
GO:0048705,skeletal system morphogenesis,55/1923,232/18986,0.23706896551724138,2.3406091416070436,6.89709901209706,1.3487955647328094e-9,4.31239915279851e-7,3.5628710911684795e-7,SMPD3/RARG/IHH/DSCAML1/HOXA4/TCF15/MSX1/CSGALNACT1/AXIN2/SOX11/FGFR3/BARX2/TSKU/PHOSPHO1/FMN1/DLX5/COMP/BMP7/SCX/HHIP/WNT7A/BMP4/FGF18/SATB2/BMPR1B/CBS/SPEF2/FGF8/HOXA5/NOG/SP5/PRRX1/MSX2/RUNX2/HOXA7/HOXA2/HOXA1/MMP2/FGF4/GLI3/HOXA3/HOXD4/EYA1/LHX1/PDGFRA/LTF/SHOX2/SIX2/SFRP4/HAS2/HOXA9/SIX1/GSC/HOXC8/HOXC9,55
GO:0043583,ear development,54/1923,229/18986,0.23580786026200873,2.3281581044901185,6.788175721821362,2.3291906322486065e-9,7.054995836100385e-7,5.828783427073106e-7,EYA4/ESRRB/EPHB2/CCNA2/ALDH1A3/HES5/TCF15/TMIE/FGF20/CEBPA/MSX1/TSKU/DIAPH3/SHH/DLX5/ATP6V1B1/SLITRK6/TMC1/NTN1/BMP4/PROX1/FREM2/PLPPR4/PAX2/KCNK2/FGF8/USH1G/NOG/KCNQ4/MCM2/PRRX1/HOXA2/HOXA1/LIN7A/GJB2/BMP5/HPCA/DLX6/ROR1/GLI3/MCOLN3/OTX1/EYA1/HEY2/KCNK3/SIX2/HMX2/WNT3A/HPN/FOXG1/SIX1/TBX18/GSC/GJB6,54
GO:0051783,regulation of nuclear division,41/1923,151/18986,0.271523178807947,2.680779549062757,6.961192826639619,2.5325789444951383e-9,7.287495912784761e-7,6.020873206465547e-7,AURKA/ESPL1/SPC24/UBE2C/BIRC5/CDCA8/BUB1/CDC20/TTK/TRIP13/NDC80/CDC25C/PLK1/SPC25/SMPD3/SKA1/RAD51AP1/PKMYT1/DLGAP5/SPDL1/MKI67/EDN3/DMRT1/NUF2/MSX1/CENPF/PLCB1/BMP7/BMP4/HASPIN/NPM2/FGF8/GPR3/IGF2/MSX2/CCDC8/SYCP2L/SYCP2/OOEP/IGF1/HORMAD1,41
GO:0006858,extracellular transport,21/1923,49/18986,0.42857142857142855,4.231334967684421,7.6031170800951475,2.785248302729031e-9,7.632906658193129e-7,6.306248913998512e-7,SPA17/DNAH9/JHY/KIF27/DNAAF1/NME5/NEK10/CFAP53/DNAH11/CFAP43/CCDC40/DNAAF4/RSPH4A/ROPN1L/SPEF2/CWH43/CFAP221/CFAP45/DNAI1/SPAG17/DNAH5,21
GO:0009952,anterior/posterior pattern specification,52/1923,220/18986,0.23636363636363636,2.333645345813833,6.679332841615301,4.207289150140401e-9,1.1005885935935458e-6,9.092978512528321e-7,AURKA/DLL3/MLLT3/FOXA2/RARG/HES5/HOXA4/TCF15/MSX1/MEOX1/AXIN2/LEF1/SHH/WIF1/CDON/BMP4/BARX1/FOXB1/CRB2/FGF8/HOXA5/NOG/CDX2/WT1/HES6/TDRD5/COBL/NKD1/MSX2/WNT3/HOXA7/HOXA2/GLI3/HOXA6/HOXA3/HOXD4/OTX1/LHX1/HEY1/HEY2/SIX2/WNT3A/SFRP2/HOXA9/HES2/TBX18/DKK1/HNF1B/HOXC10/LEFTY2/HOXC8/HOXC9,52
GO:0048568,embryonic organ development,87/1923,458/18986,0.18995633187772926,1.8754606952837065,6.366817014498889,5.189748470399282e-9,1.2985653237890377e-6,1.072864706672474e-6,PTCH1/ADA/EPHB2/RARG/CEBPB/IHH/ALDH1A3/DNAAF1/DSCAML1/HOXA4/TMIE/CEBPA/MSX1/PLCD3/SOX11/LEF1/CCDC40/SHH/CC2D2A/DLX5/ID3/ATP6V1B1/BMP7/SLITRK6/E2F8/NTN1/BMP4/PROX1/SATB2/CRB2/PAX2/GLI1/FGF8/ZFPM2/HOXA5/USH1G/EN2/NOG/KCNQ4/CDX2/NDRG4/COBL/IGF2/RSPO3/PRRX1/SIX3/RBP4/RUNX2/HOXA7/HOXA2/TH/HOXA1/PLG/BMP5/VAX2/DLX6/GLI3/GJA1/HOXA3/GDNF/HOXD4/TCF21/OTX1/EYA1/LHX1/HEY1/PKDCC/PDGFRA/HEY2/SHOX2/SIX2/HMX2/WNT3A/HPN/CXCL8/FOXG1/HOXA9/SIX1/FOLR1/TBX18/PLXNA4/GSC/HNF1B/FOXN4/GJB5/HOXC9/GJB6,87
GO:0060271,cilium assembly,78/1923,398/18986,0.19597989949748743,1.9349320706496602,6.328087987615884,7.816548079205855e-9,1.874343091492904e-6,1.5485678804286339e-6,KLC3/ERICH3/CLCN4/SPACA9/DNMBP/LPAR1/TCTN1/RILPL2/JHY/KIF27/BBOF1/CFAP69/DNAI4/UBXN10/DNAAF1/NME5/LRGUK/TBC1D30/POC1B/TEKT3/NEURL1/RSPH1/CCNO/CFAP161/CFAP53/CFAP43/CCDC40/DNAAF6/TMEM231/CC2D2A/DNAAF4/CFAP157/TEKT4/CFAP57/CFAP58/CFAP65/IQUB/ADAMTS16/RP1/DNAH7/LRRC23/CFAP73/DNAI3/DNAI2/CCDC65/RSPH4A/TEKT1/CEP126/SPEF2/CFAP70/CFAP46/ZMYND12/CFAP221/ZMYND10/CFAP74/CFAP61/DNAJB13/CIBAR2/DNAAF3/DRC7/SNX10/HOATZ/LRRC43/RFX2/DNAI1/CCDC146/MCIDAS/DZIP1L/DRC1/CFAP100/SPEF1/TEKT2/SPAG17/FOXJ1/GMNC/HYDIN/DNAH5/CFAP47,78
GO:0048839,inner ear development,48/1923,202/18986,0.2376237623762376,2.346086714755719,6.45686833208321,1.370570189117669e-8,3.094193227667336e-6,2.556398703072542e-6,EYA4/ESRRB/EPHB2/CCNA2/ALDH1A3/HES5/TMIE/FGF20/CEBPA/MSX1/TSKU/DIAPH3/SHH/DLX5/ATP6V1B1/SLITRK6/TMC1/NTN1/BMP4/PROX1/FREM2/PLPPR4/PAX2/KCNK2/FGF8/USH1G/KCNQ4/MCM2/PRRX1/HOXA1/LIN7A/GJB2/HPCA/DLX6/ROR1/GLI3/MCOLN3/OTX1/EYA1/HEY2/KCNK3/HMX2/WNT3A/HPN/FOXG1/SIX1/TBX18/GJB6,48
GO:0001656,metanephros development,29/1923,92/18986,0.31521739130434784,3.1121775305794843,6.817570284266929,1.4384128080768796e-8,3.094193227667336e-6,2.556398703072542e-6,PTCH1/HES5/STAT1/ROBO2/SHH/FMN1/ID3/CTSH/BMP7/AKR1B1/POU3F3/BMP4/PAX2/KIF26B/FGF8/WT1/GLI3/GDNF/TCF21/EYA1/LHX1/PDGFRA/FOXJ1/SIX2/RET/TFAP2B/SIX1/HNF1B/AGTR2,29
GO:0048562,embryonic organ morphogenesis,63/1923,300/18986,0.21,2.0733541341653665,6.290899337162205,1.4696317327171029e-8,3.094193227667336e-6,2.556398703072542e-6,EPHB2/RARG/IHH/ALDH1A3/DNAAF1/DSCAML1/HOXA4/TMIE/MSX1/SOX11/CCDC40/SHH/DLX5/ATP6V1B1/BMP7/SLITRK6/NTN1/BMP4/PROX1/SATB2/CRB2/PAX2/GLI1/FGF8/HOXA5/USH1G/NOG/KCNQ4/NDRG4/PRRX1/SIX3/RBP4/RUNX2/HOXA7/HOXA2/TH/HOXA1/VAX2/DLX6/GLI3/GJA1/HOXA3/HOXD4/TCF21/OTX1/EYA1/LHX1/PDGFRA/SHOX2/SIX2/HMX2/WNT3A/HPN/FOXG1/HOXA9/SIX1/FOLR1/TBX18/GSC/HNF1B/FOXN4/HOXC9/GJB6,63
GO:0045229,external encapsulating structure organization,69/1923,341/18986,0.20234604105571846,1.997785717880328,6.241666015639516,1.5054285034697724e-8,3.094193227667336e-6,2.556398703072542e-6,APLP1/EGFL6/SMPD3/TMPRSS6/COL23A1/IHH/PTX3/KLK7/TCF15/ADAMTS15/CREB3L1/CSGALNACT1/ADAMTS19/AXIN2/B4GALT1/KLK4/COL11A2/COL9A2/ADAMTSL4/COL8A2/COMP/SCX/COL28A1/COL9A1/MELTF/COL4A4/KLK5/ADAMTS16/COL9A3/PRSS1/COL4A3/COL17A1/COL22A1/GFAP/ADAMTS6/TGM1/WT1/ITGA2/HAS3/MMP26/MATN4/HMCN1/ADAMTS18/ECM2/ADAMTS8/MMP2/GAS2/PLG/SPINK5/FBLN1/NPHS1/CTSV/ADAMTSL2/PDGFRA/PXDN/MMP1/C6orf15/FGFR4/DPT/WDR72/HAS2/SMOC1/WNT3A/SFRP2/HPN/MMP10/MFAP4/COLGALT2/PRSS2,69
GO:0070286,axonemal dynein complex assembly,18/1923,41/18986,0.43902439024390244,4.334538259579164,7.175424114056644,2.39113404316366e-8,4.745164282209263e-6,3.9204183204973694e-6,DNAI4/DNAAF1/CCDC40/DNAAF6/DNAAF4/CFAP57/DNAH7/CFAP73/DNAI3/DNAI2/CCDC65/ZMYND10/DNAAF3/DNAI1/DRC1/CFAP100/TEKT2/DNAH5,18
GO:0030198,extracellular matrix organization,68/1923,339/18986,0.20058997050147492,1.9804478314825806,6.114868210979424,2.7420216531738577e-8,5.260111538005184e-6,4.345863792065373e-6,APLP1/EGFL6/SMPD3/TMPRSS6/COL23A1/IHH/PTX3/KLK7/TCF15/ADAMTS15/CREB3L1/CSGALNACT1/ADAMTS19/AXIN2/B4GALT1/KLK4/COL11A2/COL9A2/ADAMTSL4/COL8A2/COMP/SCX/COL28A1/COL9A1/MELTF/COL4A4/KLK5/ADAMTS16/COL9A3/PRSS1/COL4A3/COL17A1/COL22A1/GFAP/ADAMTS6/WT1/ITGA2/HAS3/MMP26/MATN4/HMCN1/ADAMTS18/ECM2/ADAMTS8/MMP2/GAS2/PLG/SPINK5/FBLN1/NPHS1/CTSV/ADAMTSL2/PDGFRA/PXDN/MMP1/C6orf15/FGFR4/DPT/WDR72/HAS2/SMOC1/WNT3A/SFRP2/HPN/MMP10/MFAP4/COLGALT2/PRSS2,68
GO:0090596,sensory organ morphogenesis,60/1923,285/18986,0.21052631578947367,2.0785505104414703,6.158823398402938,2.9292526695397103e-8,5.438015842968076e-6,4.492846963772791e-6,EPHB2/PRKCI/EPHB1/RARG/IHH/ALDH1A3/SLC1A1/TMIE/TULP1/MSX1/SOX11/TSKU/DLX5/ATP6V1B1/COL8A2/BMP7/SLITRK6/NTN1/CDON/THRB/BMP4/PROX1/RP1/FAT1/CRB2/PAX2/NDP/FGF8/USH1G/NOG/KCNQ4/HCN1/NKD1/PRRX1/SIX3/FSCN2/RBP4/HOXA2/TH/HOXA1/VAX2/DLX6/GLI3/OTX1/EYA1/LHX1/SIX2/HMX2/WNT3A/AQP5/HPN/TENM3/TFAP2B/FOXG1/SIX1/TBX18/GSC/PROM1/FOXN4/GJB6,60
GO:0043062,extracellular structure organization,68/1923,340/18986,0.2,1.974622984919397,6.087661774008748,3.095074308541081e-8,5.566297701766851e-6,4.598832451210548e-6,APLP1/EGFL6/SMPD3/TMPRSS6/COL23A1/IHH/PTX3/KLK7/TCF15/ADAMTS15/CREB3L1/CSGALNACT1/ADAMTS19/AXIN2/B4GALT1/KLK4/COL11A2/COL9A2/ADAMTSL4/COL8A2/COMP/SCX/COL28A1/COL9A1/MELTF/COL4A4/KLK5/ADAMTS16/COL9A3/PRSS1/COL4A3/COL17A1/COL22A1/GFAP/ADAMTS6/WT1/ITGA2/HAS3/MMP26/MATN4/HMCN1/ADAMTS18/ECM2/ADAMTS8/MMP2/GAS2/PLG/SPINK5/FBLN1/NPHS1/CTSV/ADAMTSL2/PDGFRA/PXDN/MMP1/C6orf15/FGFR4/DPT/WDR72/HAS2/SMOC1/WNT3A/SFRP2/HPN/MMP10/MFAP4/COLGALT2/PRSS2,68
GO:0030326,embryonic limb morphogenesis,34/1923,123/18986,0.2764227642276423,2.7291537189942883,6.458743297809878,3.5008597633964304e-8,5.775278901204684e-6,4.77149111468134e-6,PTCH1/RARG/IHH/AFF3/MSX1/LEF1/TMEM231/SHH/DLX5/BMP7/WNT7A/BMP4/FREM2/FGF8/NOG/PRRX1/MSX2/WNT3/RUNX2/FGF4/DLX6/GLI3/GJA1/SALL4/TP63/CRABP2/GDF5/SHOX2/SFRP2/SP9/HOXA9/DKK1/HOXC10/LRP4,34
GO:0035113,embryonic appendage morphogenesis,34/1923,123/18986,0.2764227642276423,2.7291537189942883,6.458743297809878,3.5008597633964304e-8,5.775278901204684e-6,4.77149111468134e-6,PTCH1/RARG/IHH/AFF3/MSX1/LEF1/TMEM231/SHH/DLX5/BMP7/WNT7A/BMP4/FREM2/FGF8/NOG/PRRX1/MSX2/WNT3/RUNX2/FGF4/DLX6/GLI3/GJA1/SALL4/TP63/CRABP2/GDF5/SHOX2/SFRP2/SP9/HOXA9/DKK1/HOXC10/LRP4,34
GO:0048736,appendage development,45/1923,189/18986,0.23809523809523808,2.3507416487135675,6.265073493622813,3.612685324819611e-8,5.775278901204684e-6,4.77149111468134e-6,RSPO4/PTCH1/RARG/IHH/AFF3/MSX1/LEF1/TMEM231/SHH/FMN1/DLX5/COMP/BMP7/SCX/WNT7A/BMP4/FREM2/FGF8/NOG/PRRX1/MSX2/WNT3/RUNX2/FOXN1/FGF4/DLX6/GLI3/SLC7A11/GJA1/SALL4/B4GALNT1/TP63/KREMEN2/PKDCC/CRABP2/GDF5/SHOX2/SMOC1/SFRP2/TFAP2B/SP9/HOXA9/DKK1/HOXC10/LRP4,45
GO:0060173,limb development,45/1923,189/18986,0.23809523809523808,2.3507416487135675,6.265073493622813,3.612685324819611e-8,5.775278901204684e-6,4.77149111468134e-6,RSPO4/PTCH1/RARG/IHH/AFF3/MSX1/LEF1/TMEM231/SHH/FMN1/DLX5/COMP/BMP7/SCX/WNT7A/BMP4/FREM2/FGF8/NOG/PRRX1/MSX2/WNT3/RUNX2/FOXN1/FGF4/DLX6/GLI3/SLC7A11/GJA1/SALL4/B4GALNT1/TP63/KREMEN2/PKDCC/CRABP2/GDF5/SHOX2/SMOC1/SFRP2/TFAP2B/SP9/HOXA9/DKK1/HOXC10/LRP4,45
GO:1903046,meiotic cell cycle process,50/1923,222/18986,0.22522522522522523,2.2236745325668883,6.156685142840066,4.422811331644589e-8,6.879264652328273e-6,5.683595671419234e-6,AURKA/ESPL1/ANKLE1/CCNE1/RAD54L/CDC25B/CDC20/NCAPH/TTK/TRIP13/NDC80/EME1/CDC25C/PLK1/RNF212/CDC25A/SKA1/CCNB2/RAD51AP1/PKMYT1/MAJIN/PTTG1/SGO1/UBB/BRCA2/DMRT1/SPIRE1/NUF2/ASPM/MSX1/HSF2BP/MEIOC/PLCB1/OVOL1/HFM1/FMN2/TDRD12/SMC4/SHOC1/SPATA17/NPM2/GPR3/MSX2/KCTD19/SYCP2L/SYCP2/SYCE1L/OOEP/HORMAD1/CCNA1,50
GO:0000280,nuclear division,83/1923,451/18986,0.18403547671840353,1.8170034118437908,5.894990280720109,5.084183436147657e-8,7.699862019744675e-6,6.361566919966473e-6,KIF2C/TPX2/AURKA/ESPL1/SPC24/ANKLE1/UBE2C/CCNE1/RAD54L/BIRC5/CDCA8/RANGRF/CDC25B/CDCA5/BUB1/CDC20/NCAPH/TTK/MYBL2/KIFC1/TRIP13/NDC80/EME1/CDC25C/PSRC1/SPAG5/KIF18B/PLK1/RNF212/CENPI/SPC25/SMPD3/KIF4A/KIF23/SKA1/EPS8/UBE2S/CCNB2/RAD51AP1/PKMYT1/MAJIN/PTTG1/DLGAP5/SGO1/SPDL1/UBB/MKI67/EDN3/BRCA2/DMRT1/NCAPG/SPIRE1/NUF2/ASPM/MSX1/CENPE/CENPF/HSF2BP/MEIOC/PLCB1/HFM1/BMP7/ANLN/BMP4/HASPIN/FMN2/TDRD12/SMC4/SHOC1/NPM2/FGF8/GPR3/IGF2/MSX2/KCTD19/CCDC8/SYCP2L/SYCP2/SYCE1L/OOEP/IGF1/HORMAD1/CCNA1,83
GO:0072001,renal system development,66/1923,332/18986,0.19879518072289157,1.9627276657331354,5.940920699117787,6.255938446771082e-8,9.231519425940404e-6,7.6270105166167285e-6,GLIS2/TRAF3IP2/PTCH1/GCNT1/HES5/STAT1/CENPF/SOX11/ROBO2/OVOL1/SHH/CC2D2A/FMN1/ID3/ASS1/HS3ST3B1/CTSH/BMP7/AKR1B1/POU3F3/TP73/COL4A4/PODXL/BMP4/PROX1/PDGFD/ADAMTS16/GCNT3/FREM2/COL4A3/PAX2/KIF26B/LRP2/ADAMTS6/FGF8/NOG/WT1/DDC/DACT2/PCSK9/RBP4/GLI3/MME/NPHS1/GDNF/GFRA1/TCF21/HPGD/EYA1/LHX1/HS3ST3A1/DCHS2/PDGFRA/FOXJ1/ERBB4/SIX2/EPHA7/HAS2/RET/TFAP2B/SIX1/TBX18/HNF1B/PROM1/AGTR2/LRP4,66
GO:0006814,sodium ion transport,54/1923,251/18986,0.2151394422310757,2.124096437961104,6.01839698322116,6.690546942810588e-8,9.626024413968733e-6,7.95294751070406e-6,RANGRF/SLC6A12/SLC6A13/SLC6A11/TRPM4/WNK3/PTPN3/SCN8A/NKAIN4/SCN4A/SLC38A1/FGF12/CLCNKB/SLC5A1/SLC8A1/TESC/FXYD6/CNGA4/SLC6A14/ATP6V1B1/GRIN1/SLC6A2/SCN2B/CNGB1/SCNN1B/SPTBN4/SCNN1G/SLC6A9/NALCN/SLC38A3/HCN1/PCSK9/SCNN1D/SLC22A4/FXYD4/SLC23A1/NKAIN1/TRPM5/MCOLN3/ASIC2/SCN1A/SLC8A2/FGF14/SLC6A17/SLC9A4/SCN2A/CNTN1/ADRB2/SLC12A3/NOS1/SLC17A7/SLC4A4/SLC6A20/SLC5A12,54
GO:0001654,eye development,77/1923,411/18986,0.1873479318734793,1.8497076622724276,5.846464025591458,7.181416799318792e-8,1.0080256995141378e-5,8.328230983959689e-6,VIM/CLDN19/CLCN2/EPHB2/PRKCI/EPHB1/RARG/IHH/ALDH1A3/HES5/BIRC7/SLC1A1/TULP1/SLC39A5/SOX11/PDE6B/TSKU/CRYAB/TMEM231/SHH/CC2D2A/COL8A2/BMP7/SLITRK6/ACHE/CDON/THRB/WNT7A/BMP4/PROX1/PRSS56/ATP2B2/RP1/FAT1/FREM2/BMPR1B/CRB2/PAX2/NDP/WT1/HCN1/NKD1/SIX3/FSCN2/MYOM2/CPAMD8/RBP4/ADAMTS18/MEIS2/TH/RD3/CRYBA4/VAX2/HPCA/GLI3/TUB/CACNA1S/HSF4/SLC7A11/GJA1/LHX1/PDGFRA/PXDN/CRYBB1/CELF4/TMOD1/SMOC1/AQP5/PLAAT1/SLC17A7/RET/TENM3/TFAP2B/PROM1/VAX1/CHRDL1/FOXN4,77
GO:0001822,kidney development,64/1923,322/18986,0.19875776397515527,1.9623582458826303,5.846952858285755,9.944603100919553e-8,1.3626474010902864e-5,1.1258088272394392e-5,GLIS2/TRAF3IP2/PTCH1/GCNT1/HES5/STAT1/CENPF/SOX11/ROBO2/OVOL1/SHH/CC2D2A/FMN1/ID3/ASS1/HS3ST3B1/CTSH/BMP7/AKR1B1/POU3F3/TP73/COL4A4/PODXL/BMP4/PROX1/PDGFD/ADAMTS16/GCNT3/FREM2/COL4A3/PAX2/KIF26B/LRP2/ADAMTS6/FGF8/NOG/WT1/DDC/DACT2/PCSK9/GLI3/MME/NPHS1/GDNF/GFRA1/TCF21/HPGD/EYA1/LHX1/HS3ST3A1/DCHS2/PDGFRA/FOXJ1/ERBB4/SIX2/EPHA7/HAS2/RET/TFAP2B/SIX1/HNF1B/PROM1/AGTR2/LRP4,64
GO:0048880,sensory system development,78/1923,422/18986,0.1848341232227488,1.8248885405653192,5.752848848816323,1.0628220644314607e-7,1.4224513908844317e-5,1.1752184247336372e-5,VIM/CLDN19/CLCN2/EPHB2/PRKCI/EPHB1/RARG/IHH/ALDH1A3/HES5/BIRC7/SLC1A1/TULP1/SLC39A5/SOX11/PDE6B/TSKU/CRYAB/TMEM231/SHH/CC2D2A/COL8A2/BMP7/SLITRK6/ACHE/CDON/THRB/WNT7A/BMP4/PROX1/PRSS56/ATP2B2/RP1/FAT1/FREM2/BMPR1B/CRB2/PAX2/NDP/WT1/HCN1/NKD1/SIX3/FSCN2/MYOM2/CPAMD8/RBP4/ADAMTS18/MEIS2/TH/RD3/CRYBA4/VAX2/HPCA/GLI3/TUB/CACNA1S/HSF4/SLC7A11/GJA1/LHX1/PDGFRA/PXDN/CRYBB1/CELF4/TMOD1/SMOC1/AQP5/PLAAT1/SLC17A7/RET/TENM3/TFAP2B/SEMA3A/PROM1/VAX1/CHRDL1/FOXN4,78
GO:0150063,visual system development,77/1923,415/18986,0.1855421686746988,1.8318791546842597,5.752198872969686,1.088626052334637e-7,1.4238733934513263e-5,1.1763932723434344e-5,VIM/CLDN19/CLCN2/EPHB2/PRKCI/EPHB1/RARG/IHH/ALDH1A3/HES5/BIRC7/SLC1A1/TULP1/SLC39A5/SOX11/PDE6B/TSKU/CRYAB/TMEM231/SHH/CC2D2A/COL8A2/BMP7/SLITRK6/ACHE/CDON/THRB/WNT7A/BMP4/PROX1/PRSS56/ATP2B2/RP1/FAT1/FREM2/BMPR1B/CRB2/PAX2/NDP/WT1/HCN1/NKD1/SIX3/FSCN2/MYOM2/CPAMD8/RBP4/ADAMTS18/MEIS2/TH/RD3/CRYBA4/VAX2/HPCA/GLI3/TUB/CACNA1S/HSF4/SLC7A11/GJA1/LHX1/PDGFRA/PXDN/CRYBB1/CELF4/TMOD1/SMOC1/AQP5/PLAAT1/SLC17A7/RET/TENM3/TFAP2B/PROM1/VAX1/CHRDL1/FOXN4,77
GO:0006836,neurotransmitter transport,47/1923,209/18986,0.22488038277511962,2.220269863426116,5.955019297543466,1.167221929465694e-7,1.4927471564611264e-5,1.2332962468763838e-5,SLC6A12/SLC6A13/SYNGR3/SLC6A11/GRIK5/GPR158/OTOF/CADPS2/SLC38A1/SLC29A2/SNCG/CSPG5/RIMS3/GABRQ/SLC1A1/ICA1/P2RY1/SLC1A2/STX19/SYN1/SNAP25/SLC6A2/GRM4/WNT7A/STX1B/CHRNA3/SYT12/GFAP/BAIAP3/MICU3/SLC6A9/SLC22A4/KMO/FER1L5/TH/RIMS4/NLGN1/LIN7A/GDNF/SLC6A17/UNC13A/SLC18A2/NOS1/SLC17A7/RIMS2/PRKCG/DOC2A,47
GO:0009953,dorsal/ventral pattern formation,27/1923,90/18986,0.3,2.961934477379095,6.263081472898608,1.4163025722664504e-7,1.771917674650744e-5,1.4639447869399443e-5,PTCH1/TCTN1/DSCAML1/AXIN2/GREM2/SHH/DMRT3/HHIP/WNT7A/BMP4/BMPR1B/GLI1/FGF8/NOG/SIX3/WNT3/HOXA2/VAX2/GLI3/LHX1/CXXC4/WNT3A/FOXG1/GSC/FOXN4/LRP4/FOXA1,27
GO:0140013,meiotic nuclear division,45/1923,200/18986,0.225,2.2214508580343217,5.8296312587332935,2.118816924020917e-7,2.5944237016468885e-5,2.143492955386894e-5,AURKA/ESPL1/ANKLE1/CCNE1/RAD54L/CDC25B/CDC20/NCAPH/TTK/TRIP13/NDC80/EME1/PLK1/RNF212/SKA1/CCNB2/RAD51AP1/MAJIN/PTTG1/SGO1/UBB/BRCA2/DMRT1/SPIRE1/NUF2/ASPM/MSX1/HSF2BP/MEIOC/PLCB1/HFM1/FMN2/TDRD12/SMC4/SHOC1/NPM2/GPR3/MSX2/KCTD19/SYCP2L/SYCP2/SYCE1L/OOEP/HORMAD1/CCNA1,45
GO:0045664,regulation of neuron differentiation,44/1923,194/18986,0.2268041237113402,2.2392631787745736,5.824319042623094,2.2667373327121198e-7,2.7177236145329684e-5,2.245362397337861e-5,GDPD5/ALK/HES5/WDR62/FGF20/ASPM/ADRA2B/SOX11/MAG/SHH/CDK5R1/BMP7/BEND6/RAC3/GPRC5B/TP73/CDON/BMP4/PROX1/BRINP1/DISP3/SIX3/HOXA2/BRINP2/NLGN1/GLI3/MAP1B/EYA1/HEY1/CNTN2/GDF5/HEY2/LMX1A/DUOXA1/GDF7/NKX6-1/DAB1/WNT3A/SFRP2/RET/FOXG1/SIX1/DKK1/FOXA1,44
GO:0035725,sodium ion transmembrane transport,43/1923,188/18986,0.22872340425531915,2.2582124561578207,5.820286054398005,2.415701728496919e-7,2.8372170301019935e-5,2.344086940412585e-5,RANGRF/SLC6A12/SLC6A13/SLC6A11/TRPM4/WNK3/PTPN3/SCN8A/SCN4A/SLC38A1/FGF12/SLC5A1/SLC8A1/TESC/FXYD6/SLC6A14/GRIN1/SLC6A2/SCN2B/CNGB1/SCNN1B/SCNN1G/SLC6A9/NALCN/HCN1/PCSK9/SCNN1D/FXYD4/SLC23A1/TRPM5/MCOLN3/ASIC2/SCN1A/SLC8A2/FGF14/SLC6A17/SLC9A4/SCN2A/SLC12A3/NOS1/SLC17A7/SLC4A4/SLC6A20,43
GO:0035107,appendage morphogenesis,37/1923,151/18986,0.24503311258278146,2.4192400808615124,5.877989100760833,2.67133260903407e-7,3.0144155225472695e-5,2.4904869752336213e-5,PTCH1/RARG/IHH/AFF3/MSX1/LEF1/TMEM231/SHH/FMN1/DLX5/BMP7/WNT7A/BMP4/FREM2/FGF8/NOG/PRRX1/MSX2/WNT3/RUNX2/FGF4/DLX6/GLI3/GJA1/SALL4/TP63/PKDCC/CRABP2/GDF5/SHOX2/SFRP2/TFAP2B/SP9/HOXA9/DKK1/HOXC10/LRP4,37
GO:0035108,limb morphogenesis,37/1923,151/18986,0.24503311258278146,2.4192400808615124,5.877989100760833,2.67133260903407e-7,3.0144155225472695e-5,2.4904869752336213e-5,PTCH1/RARG/IHH/AFF3/MSX1/LEF1/TMEM231/SHH/FMN1/DLX5/BMP7/WNT7A/BMP4/FREM2/FGF8/NOG/PRRX1/MSX2/WNT3/RUNX2/FGF4/DLX6/GLI3/GJA1/SALL4/TP63/PKDCC/CRABP2/GDF5/SHOX2/SFRP2/TFAP2B/SP9/HOXA9/DKK1/HOXC10/LRP4,37
GO:0072028,nephron morphogenesis,25/1923,82/18986,0.3048780487804878,3.010096013596641,6.1237030339599166,2.8882361029604154e-7,3.1964997639494596e-5,2.6409235783546957e-5,PTCH1/HES5/STAT1/SHH/FMN1/HS3ST3B1/BMP7/BMP4/ADAMTS16/PAX2/KIF26B/FGF8/NOG/WT1/GLI3/GDNF/TCF21/EYA1/LHX1/HS3ST3A1/ERBB4/SIX2/SIX1/HNF1B/AGTR2,25
GO:0003018,vascular process in circulatory system,56/1923,276/18986,0.2028985507246377,2.0032407093385185,5.636247313721182,3.0545421263808104e-7,3.316771686287087e-5,2.7402913177481873e-5,SLC6A13/DOCK5/TRPM4/ADRA1B/NPR1/SLC38A1/SLC29A2/SLC5A1/SLC8A1/CEACAM1/EDN3/SLC15A2/SLC1A1/AZU1/ADRA2B/ADORA1/P2RY1/SLCO3A1/CPS1/AVPR2/SLC2A4/SLC1A2/TJP3/COMP/GUCY1A1/SMTNL1/SCNN1B/SVEP1/CBS/APOE/ADORA2B/LRP2/SLC6A9/ADRA2A/KEL/CALCA/AKAP12/SLC38A3/AMOT/DBH/SLC16A12/SLC4A3/GRIP2/MMP2/PTGS2/ASIC2/NTS/SLC8A2/SLC6A17/ADRB2/NOS1/MYLK3/SLC7A2/SLC4A4/SLC6A20/AGTR2,56
GO:0060993,kidney morphogenesis,28/1923,99/18986,0.2828282828282828,2.7923961402900557,6.002571676412562,3.284306214190306e-7,3.494342042951272e-5,2.8869985839335856e-5,PTCH1/GCNT1/HES5/STAT1/SHH/FMN1/HS3ST3B1/BMP7/BMP4/ADAMTS16/GCNT3/PAX2/KIF26B/FGF8/NOG/WT1/GLI3/GDNF/TCF21/EYA1/LHX1/HS3ST3A1/FOXJ1/ERBB4/SIX2/SIX1/HNF1B/AGTR2,28
GO:0048706,embryonic skeletal system development,34/1923,134/18986,0.2537313432835821,2.505118712211175,5.869642980511308,3.33951020612198e-7,3.494342042951272e-5,2.8869985839335856e-5,IHH/DSCAML1/HOXA4/SOX11/SHH/DLX5/BMP7/SCX/BMP4/SATB2/FGF8/HOXA5/NOG/HOXD1/PRRX1/RBP4/RUNX2/HOXA7/HOXA2/HOXA1/DLX6/GLI3/HOXA6/HOXA3/HOXD4/EYA1/LHX1/PDGFRA/SHOX2/SIX2/HOXA9/SIX1/GSC/HOXC9,34
GO:0120316,sperm flagellum assembly,19/1923,54/18986,0.35185185185185186,3.4738737697656052,6.111438071482208,6.572635005252977e-7,6.70891703072523e-5,5.542855773521582e-5,KLC3/BBOF1/CFAP69/POC1B/NEURL1/CFAP53/CFAP43/CFAP157/CFAP57/CFAP58/CFAP65/SPEF2/ZMYND12/CFAP221/CFAP61/DRC7/CCDC146/DRC1/CFAP47,19
GO:0006813,potassium ion transport,51/1923,248/18986,0.2056451612903226,2.030358311106638,5.483018978761015,6.644800534341236e-7,6.70891703072523e-5,5.542855773521582e-5,KCNK9/TMEM38A/KCNIP3/KCNK6/KCNT1/GCK/KCNH2/KCNK12/EDN3/FXYD6/CNGA4/ADORA1/KCNS1/KCNJ12/KCNRG/KCNE4/SNAP25/SLC12A5/CNGB1/KCNE1/LRRC26/KCNJ4/KCNK2/NALCN/ADRA2A/KEL/KCNQ4/HCN1/KCND3/GAL/FXYD4/KCNN4/KCNG1/ACTN2/LRRC55/KCNJ16/TRPM5/MCOLN3/KCNT2/KCNG3/SLC9A4/KCNK3/SLC12A3/NOS1/KCNK15/DPP10/KCNH6/SLC17A7/HPN/KCNJ15/OPRK1,51
GO:0035137,hindlimb morphogenesis,15/1923,36/18986,0.4166666666666667,4.113797885248744,6.277754240166839,8.090758104251933e-7,8.027984981029289e-5,6.632659592904896e-5,PTCH1/RARG/AFF3/MSX1/SHH/FMN1/WNT7A/BMP4/FGF8/MSX2/WNT3/FGF4/TP63/GDF5/TFAP2B,15
GO:0051445,regulation of meiotic cell cycle,22/1923,70/18986,0.3142857142857143,3.102978976301909,5.917476553536955,8.255752992344143e-7,8.052857367956024e-5,6.653208968138894e-5,CDC25B/CDC20/TTK/TRIP13/CDC25C/CDC25A/ANAPC4/RAD51AP1/PKMYT1/DMRT1/ASPM/MSX1/MEIOC/PLCB1/OVOL1/NPM2/GPR3/MSX2/SYCP2L/SYCP2/OOEP/HORMAD1,22
GO:0021953,central nervous system neuron differentiation,44/1923,203/18986,0.21674876847290642,2.1399855008978688,5.481912697719133,8.618951439217964e-7,8.173811214623228e-5,6.753140108181101e-5,PTCH1/TCTN1/EPHB2/EPHB1/UBB/HES5/ROBO2/TSKU/SHH/DMRT3/DLX5/RAC3/MNX1/RORA/WNT7A/PROX1/SPTBN4/CEND1/BMPR1B/CHD5/BRINP1/CDH11/FGF8/MDGA1/WNT3/BRINP2/GLI3/LHX1/SEMA3E/CNTN2/LMX1A/KNDC1/ERBB4/GDF7/NKX6-1/SPOCK1/WNT3A/SFRP2/FOXG1/FAIM2/PLXNA4/DKK1/HOXC10/FOXN4,44
GO:0007088,regulation of mitotic nuclear division,31/1923,121/18986,0.256198347107438,2.529475724483525,5.665967984357462,8.663813798297427e-7,8.173811214623228e-5,6.753140108181101e-5,AURKA/ESPL1/SPC24/UBE2C/BIRC5/CDCA8/BUB1/CDC20/TTK/TRIP13/NDC80/CDC25C/PLK1/SPC25/SMPD3/SKA1/PKMYT1/DLGAP5/SPDL1/MKI67/EDN3/DMRT1/NUF2/CENPF/BMP7/BMP4/HASPIN/FGF8/IGF2/CCDC8/IGF1,31
GO:0021700,developmental maturation,65/1923,350/18986,0.18571428571428572,1.8335784859965827,5.284104722602391,1.0134497749465922e-6,9.407102346480062e-5,7.772075778325564e-5,AURKA/CDKN1A/CDC25B/CDC20/RYR1/PGR/TRIP13/ATP6V1G2/IHH/LNX1/HES5/BRCA2/CEBPA/NEURL1/INSL3/FGFR3/DIAPH3/PHOSPHO1/CDK5R1/ATP6V1B1/RAC3/AKR1B1/CATSPERD/ANG/CNGB1/SPTBN4/C1QL1/KCNE1/ROPN1B/CEND1/PALM/PAX2/ROPN1L/SEZ6L/BAIAP3/HOXA5/TDRD5/SNX10/SIX3/MSX2/RUNX2/GAL/BHLHA15/MMP2/PLA2G10/CX3CR1/SPINK5/GJA1/ATP6V0A4/FUT6/MAP1B/GLDN/CNTN2/PAEP/LTF/FOXJ1/NKX6-1/DAB1/IGF1/RET/SHANK1/CHRDL1/CCL21/FOXA1/DEFB1,65
GO:0036159,inner dynein arm assembly,10/1923,17/18986,0.5882352941176471,5.807714661527638,6.657453998100612,1.10589496232106e-6,1.0078627342689424e-4,8.326884577608146e-5,DNAAF1/CCDC40/DNAAF6/DNAAF4/DNAH7/CFAP73/DNAI3/ZMYND10/CFAP100/TEKT2,10
GO:0060541,respiratory system development,47/1923,225/18986,0.2088888888888889,2.0623840064713703,5.3816077343973925,1.1315453320800302e-6,1.0078627342689424e-4,8.326884577608146e-5,SPDEF/PGR/CLCN2/SMPD3/ADA/RARG/ABCA3/AGR2/ALDH1A3/DNAAF1/CEBPA/MSX1/SOX11/LEF1/CCDC40/SHH/DLX5/ASS1/CTSH/TP73/THRB/HHIP/BMP4/PROX1/FGF18/SPEF2/GLI1/FGF8/ZFPM2/HOXA5/NOG/WT1/MIR17HG/RBP4/SLC23A1/GLI3/MME/SLC7A11/TCF21/PKDCC/ADAMTSL2/PDGFRA/CCBE1/FOXJ1/HYDIN/SIX1/FOXA1,47
GO:0098742,cell-cell adhesion via plasma-membrane adhesion molecules,55/1923,280/18986,0.19642857142857142,1.939361860188693,5.316045888995997,1.1383332359249567e-6,1.0078627342689424e-4,8.326884577608146e-5,L1CAM/CLDN9/CLDN19/MPZL2/CLDN6/ROBO3/CDH6/CEACAM1/ELFN2/DSCAML1/CDH18/TRO/SLITRK2/CLDN16/ROBO2/MAG/LGALS7B/PALLD/GPC4/APOA1/PCDH18/CDHR4/CDHR3/ALCAM/FAT1/CRB2/CDH11/MDGA1/HMCN1/NTNG1/PCDH10/LRRC4/PCDH7/NLGN1/CLDN1/PTPRT/EFNA5/CEACAM6/CEACAM5/DCHS2/CNTN2/PCDH19/PCDHA12/DAB1/SELE/PCDHB1/CDH26/LRFN5/RET/TENM3/PCDHA11/CLDN2/DSG3/CDHR1/CDH16,55
GO:0072006,nephron development,37/1923,160/18986,0.23125,2.2831578263130523,5.471775730128444,1.2293535453712386e-6,1.0719590384259817e-4,8.856443324468717e-5,PTCH1/HES5/STAT1/SHH/FMN1/HS3ST3B1/BMP7/POU3F3/COL4A4/PODXL/BMP4/PDGFD/ADAMTS16/COL4A3/PAX2/KIF26B/FGF8/NOG/WT1/GLI3/NPHS1/GDNF/TCF21/EYA1/LHX1/HS3ST3A1/DCHS2/PDGFRA/FOXJ1/ERBB4/SIX2/RET/TFAP2B/SIX1/HNF1B/PROM1/AGTR2,37
GO:0007281,germ cell development,70/1923,390/18986,0.1794871794871795,1.7720975505686896,5.1720409753879535,1.4427362139078812e-6,1.239245807617889e-4,1.0238553775682482e-4,AURKA/CTCFL/CDC25B/YBX2/KLC3/TRIP13/PTCH1/MAJIN/BBOF1/CFAP69/IHH/PTX3/BRCA2/DMRT1/NME5/POC1B/ASPM/NEURL1/RSPH1/INSL3/MEIOC/CFAP53/CFAP43/CFAP157/CATSPERD/CFAP57/TTC21A/ARMC3/CFAP58/CFAP65/ADGB/BMP4/ANG/FMN2/TDRD12/ROPN1B/PACRG/BMPR1B/CHD5/CFAP73/NPM2/ROPN1L/SPEF2/ZMYND12/CFAP221/GLI1/CFAP61/CFAP52/WT1/DRC7/TDRD5/IGF2/DPY19L2P2/RFX2/CCDC146/OCA2/ZDBF2/PAQR5/DRC1/FUT6/DDX25/TNFAIP6/SPAG17/PAEP/CELF4/AMH/IGF1/CFAP47/HORMAD1/DEFB1,70
GO:0042476,odontogenesis,33/1923,136/18986,0.2426470588235294,2.3956822978801506,5.48362306592807,1.4670401128978138e-6,1.2415905661363114e-4,1.0257925990649264e-4,FOXI3/SMPD3/MSX1/AXIN2/PAX9/APCDD1/LEF1/KLK4/SHH/DMRT3/TSPEAR/ID3/BMP7/KLK5/BMP4/WNT10A/SP7/FGF8/EDAR/SNX10/AQP3/MSX2/RUNX2/FGF4/GLI3/FAM20A/ASPN/TP63/PDGFRA/WDR72/AQP5/FST/LRP4,33
GO:2000241,regulation of reproductive process,44/1923,207/18986,0.21256038647342995,2.098633124068924,5.335423265144267,1.5056993561873093e-6,1.2558405499794154e-4,1.0375658263765183e-4,AURKA/CDC25B/CDC20/TTK/TRIP13/CDC25C/CDC25A/ADA/ESR1/ANAPC4/RAD51AP1/PKMYT1/CFAP69/EPPIN/DMRT1/ASPM/MSX1/P2RY1/MEIOC/B4GALT1/PLCB1/OVOL1/SHH/BMP7/BMP4/OVGP1/ASTL/NPM2/ZFPM2/WT1/GPR3/MSX2/HPGDS/CNR1/PLA2G10/AR/SYCP2L/GJA1/SYCP2/PAEP/OOEP/IGF1/HORMAD1/DEFB1,44
GO:0051784,negative regulation of nuclear division,21/1923,67/18986,0.31343283582089554,3.0945584092020395,5.765646821745415,1.5343865016747608e-6,1.2614849024483211e-4,1.0422291470774277e-4,SPC24/BIRC5/CDCA8/BUB1/CDC20/TTK/TRIP13/NDC80/PLK1/SPC25/SKA1/SPDL1/DMRT1/NUF2/CENPF/BMP7/BMP4/HASPIN/SYCP2L/SYCP2/HORMAD1,21
GO:0043010,camera-type eye development,66/1923,362/18986,0.18232044198895028,1.8000706768602237,5.159568762642774,1.6374166369688956e-6,1.3272299641909848e-4,1.0965472126298742e-4,VIM/CLDN19/CLCN2/EPHB2/EPHB1/RARG/IHH/ALDH1A3/HES5/BIRC7/SLC1A1/TULP1/SOX11/PDE6B/TSKU/CRYAB/TMEM231/SHH/CC2D2A/COL8A2/BMP7/SLITRK6/ACHE/CDON/THRB/WNT7A/BMP4/PROX1/PRSS56/ATP2B2/RP1/FAT1/BMPR1B/CRB2/PAX2/NDP/WT1/HCN1/SIX3/MYOM2/RBP4/TH/RD3/CRYBA4/VAX2/HPCA/GLI3/TUB/CACNA1S/HSF4/SLC7A11/GJA1/LHX1/PDGFRA/CRYBB1/CELF4/TMOD1/AQP5/PLAAT1/SLC17A7/RET/TENM3/TFAP2B/PROM1/VAX1/FOXN4,66
GO:0048704,embryonic skeletal system morphogenesis,26/1923,95/18986,0.2736842105263158,2.7021156635739114,5.583295893140003,1.7009750395921723e-6,1.3595987990073545e-4,1.1232900955903279e-4,DSCAML1/HOXA4/SOX11/BMP7/BMP4/SATB2/FGF8/HOXA5/NOG/PRRX1/RUNX2/HOXA7/HOXA2/HOXA1/GLI3/HOXA3/HOXD4/EYA1/LHX1/PDGFRA/SHOX2/SIX2/HOXA9/SIX1/GSC/HOXC9,26
GO:0060675,ureteric bud morphogenesis,21/1923,68/18986,0.3088235294117647,3.0490501973020097,5.682463974294841,2.0095939773217775e-6,1.5842757999297028e-4,1.308916509814343e-4,PTCH1/SHH/FMN1/HS3ST3B1/BMP4/ADAMTS16/PAX2/KIF26B/FGF8/NOG/WT1/GLI3/GDNF/TCF21/EYA1/LHX1/HS3ST3A1/SIX2/SIX1/HNF1B/AGTR2,21
GO:0007292,female gamete generation,38/1923,170/18986,0.2235294117647059,2.2069315713805024,5.306530977784974,2.1491883248984484e-6,1.6714295688906178e-4,1.3809222850023173e-4,AURKA/CDC25B/YBX2/NCAPH/MCM8/HROB/TTK/PGR/TRIP13/NDC80/PLK1/SKA1/CCNB2/MAJIN/IHH/PTX3/UBB/BRCA2/DMRT1/SPIRE1/ASPM/HSF2BP/INSL3/MEIOC/ANG/FMN2/BMPR1B/NPM2/TDRD5/MMP2/GAS2/PAQR5/FUT6/HPGD/TNFAIP6/AMH/IGF1/HORMAD1,38
GO:0002009,morphogenesis of an epithelium,84/1923,500/18986,0.168,1.6586833073322933,5.010804199961307,2.230095204047073e-6,1.7112263865721208e-4,1.4138021104113165e-4,FIGNL2/PGR/PTCH1/ESR1/TCTN1/JHY/RARG/IHH/DLC1/ALDH1A3/CEACAM1/HES5/STAT1/DNAAF1/SH3BP1/TCF15/SOX11/LEF1/CCDC40/SHH/CC2D2A/FMN1/HS3ST3B1/CTSH/BMP7/CD44/NTN1/PODXL/HHIP/WNT7A/BMP4/PROX1/WNT10A/ADAMTS16/GREB1/FAT1/FREM2/PAX2/KIF26B/LRP2/FGF8/HOXA5/NOG/NDRG4/WT1/COBL/NKD1/RSPO3/MSX2/FOXN1/MMP2/PLA2G10/BMP5/AR/GLI3/GJA1/SALL4/TP63/GDNF/TCF21/EYA1/LHX1/HS3ST3A1/SEMA3E/LRG1/CSMD1/TRIM71/ERBB4/GDF7/SIX2/EPHA7/WNT3A/SFRP2/FST/RET/SIX1/FOLR1/TBX18/KLK14/HNF1B/FOXN4/AGTR2/FOXA1/KRT6A,84
GO:0072171,mesonephric tubule morphogenesis,21/1923,69/18986,0.30434782608695654,3.0048610640077777,5.600798424758322,2.6151205344602946e-06,1.9802656152393414e-4,1.6360802568084697e-4,PTCH1/SHH/FMN1/HS3ST3B1/BMP4/ADAMTS16/PAX2/KIF26B/FGF8/NOG/WT1/GLI3/GDNF/TCF21/EYA1/LHX1/HS3ST3A1/SIX2/SIX1/HNF1B/AGTR2,21
GO:0072088,nephron epithelium morphogenesis,23/1923,80/18986,0.2875,2.8385205408216327,5.531983811734099,2.6530782762319198e-6,1.9829175947681427e-4,1.638271301946628e-4,PTCH1/HES5/STAT1/SHH/FMN1/HS3ST3B1/BMP4/ADAMTS16/PAX2/KIF26B/FGF8/NOG/WT1/GLI3/GDNF/TCF21/EYA1/LHX1/HS3ST3A1/SIX2/SIX1/HNF1B/AGTR2,23
GO:0048732,gland development,77/1923,450/18986,0.1711111111111111,1.6893996648754839,4.968628909358089,2.911700902422786e-6,2.14831265300553e-4,1.7749194299924054e-4,AURKA/PLAG1/PGR/PTPN3/FOXI3/CLCN2/PTCH1/ADA/IQGAP3/CCNB2/ESR1/RARG/CEBPB/IHH/ALDH1A3/CEACAM1/DNAAF1/BRCA2/CEBPA/FGL1/ATP2C2/MSX1/NEURL1/IRS2/CPS1/PCK1/XBP1/LEF1/CCDC40/SHH/ALOX15B/APOA1/ASS1/BMP7/E2F8/NTN1/BMP4/PROX1/WNT10A/SLC46A2/FOXB1/HNF1A/GLI1/FA2H/FGF8/HOXA5/NOG/WT1/EDAR/ITGA2/COBL/IGF2/PCSK9/SIX3/MSX2/WNT3/FOXN1/MMP2/AR/TPH1/GLI3/CLDN1/GJA1/HOXA3/TP63/TCF21/PDGFRA/CSMD1/ERBB4/CCKBR/GDF7/WNT3A/HPN/HOXA9/SIX1/HNF1B/FOXA1,77
GO:0044771,meiotic cell cycle phase transition,9/1923,15/18986,0.6,5.92386895475819,6.4043380952800275,3.1237016657729517e-6,2.2755573527244734e-4,1.8800480245564853e-4,CDC25B/CDC20/TTK/NDC80/CDC25C/CDC25A/CCNB2/PKMYT1/OVOL1,9
GO:0048645,animal organ formation,21/1923,70/18986,0.3,2.961934477379095,5.520597875820065,3.3820684924142447e-6,2.4329755217304973e-4,2.0101057079256767e-4,AXIN2/ROBO2/SHH/BMP7/BMP4/RBM20/PAX2/LRP2/FGF8/NOG/WT1/NTF4/AR/GLI3/HOXA3/TP63/GDNF/EYA1/SIX1/FOLR1/DKK1,21
GO:0071695,anatomical structure maturation,53/1923,276/18986,0.19202898550724637,1.895924242766812,5.033339017833108,3.5778659888604846e-6,2.5420516994928503e-4,2.1002236090555956e-4,AURKA/CDKN1A/CDC25B/RYR1/PGR/TRIP13/IHH/HES5/BRCA2/CEBPA/INSL3/FGFR3/DIAPH3/PHOSPHO1/CDK5R1/RAC3/AKR1B1/CATSPERD/ANG/CNGB1/SPTBN4/C1QL1/KCNE1/ROPN1B/CEND1/PAX2/ROPN1L/BAIAP3/HOXA5/TDRD5/SNX10/SIX3/MSX2/RUNX2/GAL/BHLHA15/MMP2/PLA2G10/CX3CR1/SPINK5/GJA1/FUT6/GLDN/CNTN2/PAEP/LTF/FOXJ1/NKX6-1/IGF1/RET/CCL21/FOXA1/DEFB1,53
GO:0001655,urogenital system development,20/1923,66/18986,0.30303030303030304,2.991853007453632,5.441716782363822,4.8484872608295055e-6,3.374424457608972e-4,2.78792359504682e-4,PLAG1/PTCH1/ESR1/EPHB2/RARG/SHH/ALOX15B/BMP7/BMP4/FOXB1/PAX2/GLI1/NOG/MMP2/AR/TP63/LHX1/AMH/HOXA9/FOXA1,20
GO:0007605,sensory perception of sound,37/1923,169/18986,0.21893491124260356,2.161569539704665,5.091908866217489,4.8666764549356155e-6,3.374424457608972e-4,2.78792359504682e-4,BIRC5/ESPNL/OTOF/MYO7B/TMIE/GRAP/DIAPH3/COL11A2/TSPEAR/ATP6V1B1/SLITRK6/TMC1/THRB/ATP2B2/SPTBN4/KCNE1/COL4A3/HOMER2/LRP2/USH1G/KCNQ4/PKHD1L1/CLIC5/HOXA1/GJB2/ROR1/TUB/SLC26A4/ATP6V0A4/ASIC2/EYA1/EPYC/CRYM/CEMIP/HPN/SIX1/GJB6,37
GO:0050954,sensory perception of mechanical stimulus,41/1923,196/18986,0.20918367346938777,2.0652944485126343,5.032705957609017,5.144390159896373e-6,3.524519686929003e-4,2.91193112183608e-4,BIRC5/ESPNL/OTOF/MYO7B/TMIE/GRAP/DIAPH3/COL11A2/TSPEAR/ATP6V1B1/SLITRK6/TMC1/THRB/ATP2B2/SPTBN4/KCNE1/COL4A3/HOMER2/LRP2/KCNK2/USH1G/KCNQ4/PKHD1L1/ITGA2/PHF24/CLIC5/HOXA1/GJB2/ROR1/TUB/SLC26A4/ATP6V0A4/ASIC2/EYA1/SCN1A/EPYC/CRYM/CEMIP/HPN/SIX1/GJB6,41
GO:0043269,regulation of monoatomic ion transport,80/1923,480/18986,0.16666666666666666,1.6455191540994971,4.80884435324537,5.262612531246652e-6,3.553008606930413e-4,2.935468448946852e-4,RANGRF/RGS9/GNB5/WNK3/TMEM38A/PTPN3/KCNIP3/NKAIN4/GRIN2C/EPHB2/FGF12/GCK/GABRE/KCNH2/HFE/SLC8A1/TESC/EDN3/EPPIN/FXYD6/ATP2C2/ADORA1/KCNS1/KCNJ12/P2RY1/KCNRG/GRIN1/KCNE4/TMC1/TRPV3/NTSR1/SCN2B/SPTBN4/ADCYAP1R1/KCNE1/LRRC26/GSTM2/GRIN2B/PLPP4/KCNJ4/HOMER2/STAC2/MAOB/SLC6A9/ADRA2A/KEL/CALCA/P2RY6/PCSK9/EFHB/STAC/GAL/CNR1/FXYD4/KCNN4/KCNG1/BDKRB1/PTGS2/JPH3/ACTN2/HPCA/LRRC55/KCNJ16/NKAIN1/GRIN3B/ASIC2/KCNG3/FGF14/BEST3/CNTN1/ADRB2/NOS1/JPH2/CEMIP/CASQ1/DPP10/RRAD/HAMP/KCNJ15/OPRK1,80
GO:0001658,branching involved in ureteric bud morphogenesis,19/1923,61/18986,0.3114754098360656,3.0752325174974215,5.449805273084634,5.309448135465083e-6,3.553008606930413e-4,2.935468448946852e-4,PTCH1/SHH/HS3ST3B1/BMP4/ADAMTS16/PAX2/FGF8/NOG/WT1/GLI3/GDNF/TCF21/EYA1/LHX1/HS3ST3A1/SIX2/SIX1/HNF1B/AGTR2,19
GO:0072210,metanephric nephron development,15/1923,41/18986,0.36585365853658536,3.6121152163159698,5.620878530334622,5.645569938325479e-6,3.734512068398061e-4,3.0854252161423095e-4,HES5/STAT1/FMN1/BMP4/PAX2/KIF26B/WT1/GDNF/TCF21/LHX1/PDGFRA/SIX2/RET/TFAP2B/AGTR2,15
GO:0072080,nephron tubule development,26/1923,101/18986,0.25742574257425743,2.5415939409853623,5.214821345123555,5.86810271377622e-6,3.83760580883888e-4,3.1706004734601895e-4,PTCH1/HES5/STAT1/SHH/FMN1/HS3ST3B1/POU3F3/BMP4/ADAMTS16/PAX2/KIF26B/FGF8/NOG/WT1/GLI3/GDNF/TCF21/EYA1/LHX1/HS3ST3A1/SIX2/TFAP2B/SIX1/HNF1B/PROM1/AGTR2,26
GO:0072078,nephron tubule morphogenesis,22/1923,78/18986,0.28205128205128205,2.7847247223222262,5.302284073063125,6.138052101429317e-6,3.9690438026658114e-4,3.279193535441304e-4,PTCH1/HES5/SHH/FMN1/HS3ST3B1/BMP4/ADAMTS16/PAX2/KIF26B/FGF8/NOG/WT1/GLI3/GDNF/TCF21/EYA1/LHX1/HS3ST3A1/SIX2/SIX1/HNF1B/AGTR2,22
GO:0002065,columnar/cuboidal epithelial cell differentiation,31/1923,132/18986,0.23484848484848486,2.3186860807765646,5.103802775811211,6.230388127365801e-6,3.983987074776687e-4,3.2915395522001544e-4,CDKN1A/SPDEF/PGR/CLCN2/RARG/CEBPB/AGR2/MSX1/SOX11/LEF1/TMEM231/BMP7/BMP4/PROX1/FGF8/HOXA5/CDX2/NTF4/BHLHA15/BMP5/NR5A2/GJA1/MAP1B/TP63/PYY/SLC9A4/NKX6-1/WDR72/FST/VAX1/FOXA1,31
GO:0010975,regulation of neuron projection development,76/1923,452/18986,0.168141592920354,1.6600812705074575,4.76814326164017,6.496673467884558e-6,4.108610528316003e-4,3.3945024932833487e-4,L1CAM/MDM2/VIM/FIGNL2/VLDLR/ALK/LPAR1/ROBO3/EPHB2/PRKCI/TRIM46/ITM2C/KIF13B/KIF1A/SEMA6C/ROBO2/MAG/TSKU/LRP8/KLK6/DAB2/ARHGAP4/CDK5R1/BMP7/RTN4R/SNAP25/TANC2/BDNF/NTN1/WNT7A/UST/STX1B/MT3/APOE/CHRNA3/GFAP/KEL/NDRG4/CTNNA2/COBL/ALKAL2/SLIT1/PRRX1/WNT3/NTNG1/CNR1/NLGN1/BMP5/ROR1/CHODL/NEU4/GPC2/MAP1B/EFNA5/XK/EPHA3/CNTN2/CRABP2/MGARP/CNTN1/KNDC1/RND2/SHOX2/DAB1/NEGR1/EPHA7/SPOCK1/WNT3A/ISLR2/SFRP2/RET/TENM3/SEMA3A/PLXNA4/DKK1/LRP4,76
GO:0071805,potassium ion transmembrane transport,44/1923,219/18986,0.2009132420091324,1.983639528229531,4.9150489874636385,7.118207648199089e-6,4.452748371237582e-4,3.6788265385486596e-4,KCNK9/TMEM38A/KCNIP3/KCNK6/KCNT1/KCNH2/KCNK12/EDN3/KCNS1/KCNJ12/KCNRG/KCNE4/SNAP25/SLC12A5/KCNE1/LRRC26/KCNJ4/KCNK2/NALCN/KEL/KCNQ4/HCN1/KCND3/GAL/FXYD4/KCNN4/KCNG1/ACTN2/LRRC55/KCNJ16/TRPM5/MCOLN3/KCNT2/KCNG3/SLC9A4/KCNK3/SLC12A3/KCNK15/DPP10/KCNH6/SLC17A7/HPN/KCNJ15/OPRK1,44
GO:0051446,positive regulation of meiotic cell cycle,12/1923,28/18986,0.42857142857142855,4.231334967684421,5.744232158423696,7.268788689691138e-6,4.498051495609946e-4,3.7162556322959674e-4,CDC25B/CDC25C/CDC25A/RAD51AP1/DMRT1/MSX1/MEIOC/PLCB1/OVOL1/NPM2/MSX2/OOEP,12
GO:0050770,regulation of axonogenesis,33/1923,146/18986,0.22602739726027396,2.231594469258222,5.015000216148771,7.627809673738379e-6,4.670004752379188e-4,3.858322093647957e-4,L1CAM/EPHB2/TRIM46/KIF13B/SEMA6C/ROBO2/MAG/ARHGAP4/RTN4R/BDNF/NTN1/WNT7A/UST/MT3/KEL/SLIT1/WNT3/CHODL/MAP1B/EFNA5/XK/CNTN2/CRABP2/RND2/SHOX2/DAB1/EPHA7/WNT3A/ISLR2/RET/SEMA3A/PLXNA4/LRP4,33
GO:0098739,import across plasma membrane,42/1923,206/18986,0.20388349514563106,2.012965178801327,4.907356175807866,7.796374424004491e-6,4.7229615589627205e-4,3.9020746009117214e-4,KCNK9/SLC6A13/TRPM4/SLC38A1/SLC47A1/ACSL5/KCNH2/SLC5A1/SLC8A1/STEAP2/SLC15A2/SLC1A1/SLC39A5/IRS2/KCNJ12/SLC6A14/CACNA1B/SLC1A2/SLC12A5/TRPV3/NTSR1/SLC46A2/SCNN1B/SLC43A1/KCNJ4/GFAP/LRP2/SCNN1G/SLC6A9/SLC38A3/SCNN1D/SLC22A4/KCNN4/CACNA1S/KCNJ16/SLC7A11/SLC8A2/SLC9A4/SLC12A3/SLC7A2/KCNJ15/SLC6A20,42
GO:0007626,locomotory behavior,43/1923,213/18986,0.20187793427230047,1.9931640458106588,4.89340541355907,7.93719125684041e-6,4.7581808003246414e-4,3.9311724678890497e-4,UCHL1/ANKFN1/ADCY5/EPS8/ALK/FGF12/FOXA2/SNCG/ALDH1A3/GAD1/DMBX1/SLC1A1/DMRT3/SLITRK6/SNAP25/NTSR1/GLRB/SPTBN4/C1QL1/SHANK2/CEND1/APOE/CHRNA3/CWH43/NTF4/DBH/HPGDS/TH/PPP1R1B/PAK5/MCOLN3/GDNF/SCN1A/CNTN2/SLC18A2/CNTN1/LMX1A/TMOD1/DAB1/NEGR1/TRH/ASTN1/OPRK1,43
GO:0061982,meiosis I cell cycle process,32/1923,140/18986,0.22857142857142856,2.2567119827650246,5.010227288242398,8.141783742820355e-6,4.830511901023829e-4,3.9909318682929514e-4,AURKA/ESPL1/ANKLE1/CCNE1/RAD54L/CDC25B/CDC20/TRIP13/NDC80/EME1/CDC25C/PLK1/RNF212/CDC25A/CCNB2/RAD51AP1/PKMYT1/MAJIN/PTTG1/UBB/BRCA2/DMRT1/HSF2BP/MEIOC/HFM1/FMN2/SHOC1/SYCP2L/SYCP2/SYCE1L/HORMAD1/CCNA1,32
GO:0007144,female meiosis I,8/1923,13/18986,0.6153846153846154,6.075763030521221,6.145712763704091,8.80450314169583e-6,5.17039954902648e-4,4.271744435127827e-4,AURKA/CDC25B/TRIP13/NDC80/CCNB2/UBB/HSF2BP/MEIOC,8
GO:0001503,ossification,76/1923,456/18986,0.16666666666666666,1.6455191540994971,4.684045364224745,8.982629107754079e-6,5.221720254053002e-4,4.314145207838934e-4,RYR1/TRPM4/PTCH1/SMPD3/CEBPB/MAP2K6/IHH/SLC8A1/CEBPA/CREB3L1/CSGALNACT1/AXIN2/SOX11/FGFR3/LEF1/PHOSPHO1/SHH/ECM1/DLX5/ID3/ATP6V1B1/COMP/BMP7/BAMBI/SCX/ACHE/BMP4/FGF18/SLC26A2/SATB2/BMPR1B/DNAI3/FSTL3/CBS/ERFE/CDH11/GLI1/SP7/NOG/CALCA/SNX10/IGF2/MSX2/WNT3/ISG15/RUNX2/HOXA2/IGFBP2/MMP2/PTGS2/BMP5/TPH1/GLI3/GJA1/ATP6V0A4/ASPN/TP63/TNFAIP6/KREMEN2/PKDCC/CYP24A1/GDF5/ADRB2/LTF/SHOX2/SIX2/SMOC1/WNT3A/IGF1/SFRP2/CHRDL2/ALOX15/DKK1/CHRDL1/LRP4/NOTUM,76
GO:0097113,AMPA glutamate receptor clustering,7/1923,10/18986,0.7,6.911180447217888,6.27681210936451,9.849864427971887e-6,5.612472255740417e-4,4.636981513407923e-4,SHISA6/APOE/ZDHHC2/NLGN1/SLC7A11/CHRDL1/FRRS1L,7
GO:0097688,glutamate receptor clustering,7/1923,10/18986,0.7,6.911180447217888,6.27681210936451,9.849864427971887e-6,5.612472255740417e-4,4.636981513407923e-4,SHISA6/APOE/ZDHHC2/NLGN1/SLC7A11/CHRDL1/FRRS1L,7
GO:0022412,cellular process involved in reproduction in multicellular organism,72/1923,427/18986,0.1686182669789227,1.6647875282692806,4.664303078429672,1.0205975735151828e-5,5.758371603509683e-4,4.757522435054779e-4,AURKA/CTCFL/CDC25B/YBX2/KLC3/TRIP13/PTCH1/MAJIN/BBOF1/CFAP69/IHH/PTX3/BRCA2/DMRT1/NME5/POC1B/ASPM/NEURL1/RSPH1/INSL3/MEIOC/CFAP53/CFAP43/CFAP157/CATSPERD/CFAP57/TTC21A/ARMC3/CFAP58/CFAP65/ADGB/BMP4/ANG/FMN2/TDRD12/ROPN1B/PACRG/BMPR1B/CHD5/CFAP73/NPM2/ROPN1L/SPEF2/ZMYND12/CFAP221/GLI1/CFAP61/CFAP52/WT1/DRC7/TDRD5/IGF2/DPY19L2P2/RFX2/CCDC146/OCA2/ZDBF2/PAQR5/DRC1/FUT6/SERPINA5/DDX25/TNFAIP6/SPAG17/PAEP/CELF4/AMH/IGF1/CFAP47/HORMAD1/FOLR1/DEFB1,72
GO:0072009,nephron epithelium development,29/1923,123/18986,0.23577235772357724,2.3278075838480694,4.959633281156639,1.1302847008108614e-5,6.264100415089212e-4,5.175351698743971e-4,PTCH1/HES5/STAT1/SHH/FMN1/HS3ST3B1/POU3F3/PODXL/BMP4/ADAMTS16/PAX2/KIF26B/FGF8/NOG/WT1/GLI3/NPHS1/GDNF/TCF21/EYA1/LHX1/HS3ST3A1/FOXJ1/SIX2/TFAP2B/SIX1/HNF1B/PROM1/AGTR2,29
GO:0051216,cartilage development,42/1923,209/18986,0.20095693779904306,1.98407094178504,4.802348746062024,1.1320007700595622e-5,6.264100415089212e-4,5.175351698743971e-4,SMPD3/RARG/IHH/HES5/MBOAT2/MSX1/CSGALNACT1/AXIN2/FGFR3/BARX2/TSKU/COL11A2/ECM1/COMP/BMP7/SCX/CD44/WNT7A/BMP4/FGF18/SLC26A2/SATB2/BMPR1B/CBS/HOXA5/NOG/PRRX1/MSX2/RUNX2/BMP5/FGF4/GLI3/HMGA2/HOXA3/PKDCC/EPYC/GDF5/SHOX2/SIX2/SFRP2/CHRDL2/OGN,42
GO:2000027,regulation of animal organ morphogenesis,22/1923,81/18986,0.2716049382716049,2.681586769643625,5.091440792809879,1.1950766937346439e-5,6.550158449945596e-4,5.411690652229961e-4,JHY/MSX1/PAX9/ROBO2/APCDD1/SHH/DMRT3/BMP7/BMP4/WNT10A/FGF8/NOG/WT1/RUNX2/GDNF/LHX1/SIX2/WNT3A/SFRP2/SIX1/DKK1/AGTR2,22
GO:0051321,meiotic cell cycle,54/1923,295/18986,0.18305084745762712,1.8072820539940242,4.691236037891474,1.246144043052159e-5,6.692403733349545e-4,5.52921261393569e-4,AURKA/ESPL1/ANKLE1/CCNE1/RAD54L/CDC25B/CDC20/NCAPH/TTK/TRIP13/NDC80/EME1/CDC25C/PLK1/RNF212/CDC25A/SKA1/CCNB2/ANAPC4/RAD51AP1/PKMYT1/MAJIN/PTTG1/SGO1/SMC1B/UBB/BRCA2/DMRT1/SPIRE1/NUF2/ASPM/MSX1/HSF2BP/RSPH1/MEIOC/PLCB1/OVOL1/EXO1/HFM1/FMN2/TDRD12/SMC4/SHOC1/SPATA17/NPM2/GPR3/MSX2/KCTD19/SYCP2L/SYCP2/SYCE1L/OOEP/HORMAD1/CCNA1,54
GO:0061326,renal tubule development,26/1923,105/18986,0.24761904761904763,2.4447713146621104,4.983661209405736,1.2509735287423213e-5,6.692403733349545e-4,5.52921261393569e-4,PTCH1/HES5/STAT1/SHH/FMN1/HS3ST3B1/POU3F3/BMP4/ADAMTS16/PAX2/KIF26B/FGF8/NOG/WT1/GLI3/GDNF/TCF21/EYA1/LHX1/HS3ST3A1/SIX2/TFAP2B/SIX1/HNF1B/PROM1/AGTR2,26
GO:0048557,embryonic digestive tract morphogenesis,9/1923,17/18986,0.5294117647058824,5.226943195374874,5.853234198980313,1.2559159047814959e-5,6.692403733349545e-4,5.52921261393569e-4,IHH/SOX11/SHH/GLI3/TCF21/PDGFRA/SHOX2/SIX2/HNF1B,9
GO:1903522,regulation of blood circulation,50/1923,267/18986,0.18726591760299627,1.8488979259544913,4.689613253916931,1.3671039356427602e-5,7.218057935434941e-4,5.963504082374068e-4,MDM2/RANGRF/DOCK5/S100A1/TRPM4/TMEM38A/ADRA1B/ADA/KCNH2/SLC8A1/EDN3/SLC1A1/TNNI3/ADRA2B/ADORA1/KCNJ12/AVPR2/KCNE4/SMTNL1/THRB/SCN2B/ATP2B2/SPTBN4/KCNE1/GSTM2/SVEP1/CORIN/ADRA2A/CHRM2/KCND3/DBH/CYP2J2/TH/SLC4A3/MMP2/PTGS2/CELF2/GJA1/ASIC2/SLC8A2/GLP1R/HEY2/NOS1/SHOX2/DES/KCNH6/TBX18/FOXN4/AGTR2/CHGA,50
GO:0007611,learning or memory,52/1923,282/18986,0.18439716312056736,1.8205743832590182,4.6606072855263125,1.4518591190248112e-5,7.595862936352535e-4,6.275643675248873e-4,FOXO6/VLDLR/EPHB2/RASGRF1/SLC1A1/TTBK1/DNAH11/PLCB1/SLC2A4/DNAAF4/GRIN1/SNAP25/SLC12A5/KLK8/NTSR1/RAPGEF3/FOXB1/C1QL1/SHANK2/ABCA7/GRIN2B/APOE/BRINP1/SPECC1/KCNK2/NOG/NDRG4/NTF4/GATM/DBH/CNR1/MEIS2/TH/PTGS2/CX3CR1/JPH3/PPP1R1B/MME/PAK5/SLC7A11/LRRC66/SLC8A2/GLP1R/CNTN2/CSMD1/SCN2A/LMX1A/ADCY1/SHANK1/DKK1/OPRK1/PRKCG,52
GO:0061333,renal tubule morphogenesis,22/1923,82/18986,0.2682926829268293,2.6488844919650445,5.023281921756989,1.4786225676833675e-5,7.666191781097099e-4,6.333748827146298e-4,PTCH1/HES5/SHH/FMN1/HS3ST3B1/BMP4/ADAMTS16/PAX2/KIF26B/FGF8/NOG/WT1/GLI3/GDNF/TCF21/EYA1/LHX1/HS3ST3A1/SIX2/SIX1/HNF1B/AGTR2,22
GO:0007586,digestion,32/1923,144/18986,0.2222222222222222,2.19402553879933,4.828348507915759,1.5056571515842428e-5,7.689684781284593e-4,6.353158563640315e-4,WNK3/SST/TFF3/SLC5A1/PBLD/PPARGC1A/TLR4/APOA1/CYP39A1/MUC13/SERPINA3/INAVA/GCNT3/PRSS1/CEL/ADRA2A/CHIA/SNX10/RBP4/KCNN4/CYP8B1/TFF1/SLC9A4/CCKBR/NEGR1/HAMP/AQP5/OPRK1/CLDN2/CLPSL1/MUC6/PRSS2,32
GO:0001657,ureteric bud development,25/1923,100/18986,0.25,2.468278731149246,4.942034383609884,1.5280244957209223e-5,7.689684781284593e-4,6.353158563640315e-4,PTCH1/ROBO2/SHH/FMN1/HS3ST3B1/BMP7/BMP4/ADAMTS16/PAX2/KIF26B/FGF8/NOG/WT1/GLI3/GDNF/TCF21/EYA1/LHX1/HS3ST3A1/FOXJ1/SIX2/RET/SIX1/HNF1B/AGTR2,25
GO:0060349,bone morphogenesis,25/1923,100/18986,0.25,2.468278731149246,4.942034383609884,1.5280244957209223e-5,7.689684781284593e-4,6.353158563640315e-4,SMPD3/RARG/IHH/MSX1/CSGALNACT1/AXIN2/FGFR3/TSKU/PHOSPHO1/DLX5/COMP/SCX/BMP4/FGF18/BMPR1B/CBS/SP5/MSX2/RUNX2/FGF4/GLI3/LTF/SHOX2/SFRP4/HAS2,25
GO:0042475,odontogenesis of dentin-containing tooth,24/1923,94/18986,0.2553191489361702,2.520795299897102,4.962070924169356,1.5366007816641674e-5,7.689684781284593e-4,6.353158563640315e-4,FOXI3/SMPD3/MSX1/APCDD1/LEF1/KLK4/SHH/DMRT3/BMP7/KLK5/BMP4/WNT10A/FGF8/EDAR/MSX2/RUNX2/FGF4/GLI3/FAM20A/TP63/PDGFRA/WDR72/FST/LRP4,24
GO:0061448,connective tissue development,53/1923,290/18986,0.18275862068965518,1.8043968655297937,4.634066549291872,1.5644508207537615e-5,7.761564201239566e-4,6.412544788879075e-4,TRPM4/ZNF516/SMPD3/RARG/IHH/UBB/HES5/DGAT2/MBOAT2/MSX1/CSGALNACT1/PPARGC1A/AXIN2/XBP1/FGFR3/BARX2/TSKU/COL11A2/ECM1/COMP/BMP7/SCX/CD44/WNT7A/BMP4/FGF18/PDGFD/SLC26A2/SATB2/BMPR1B/CBS/HOXA5/NOG/WT1/PRRX1/MSX2/RUNX2/LPL/BMP5/FGF4/GLI3/HMGA2/HOXA3/PKDCC/EPYC/GDF5/SHOX2/GDF7/SIX2/SFRP2/CHRDL2/OGN/FOXA1,53
GO:0010466,negative regulation of peptidase activity,40/1923,198/18986,0.20202020202020202,1.9945686716357545,4.7227433146178095,1.5920129152790083e-5,7.830798570453583e-4,6.469745693491032e-4,BIRC5/LAMP3/SERPINA4/SERPINA6/SERPINA11/SERPIND1/EPPIN/BIRC7/SERPINA1/PCSK1N/ECM1/PZP/COL28A1/CD44/SPINK4/SERPINA3/CRB2/CST2/PAX2/WFDC8/WFDC1/CPAMD8/CST1/DPEP1/PTGS2/IFI6/SPINK5/SERPINA5/SPINK6/ITIH2/CST4/SPOCK3/LTF/RARRES1/ANXA8/SPOCK1/ITIH5/A2ML1/SERPINI2/SERPINB3,40
GO:0048754,branching morphogenesis of an epithelial tube,34/1923,158/18986,0.21518987341772153,2.124594350862642,4.765292833173492,1.7073893480727678e-5,8.327140422168456e-4,6.879819522965827e-4,PGR/PTCH1/ESR1/IHH/LEF1/SHH/HS3ST3B1/CTSH/BMP7/HHIP/BMP4/ADAMTS16/PAX2/FGF8/HOXA5/NOG/WT1/MSX2/AR/GLI3/GDNF/TCF21/EYA1/LHX1/HS3ST3A1/SEMA3E/CSMD1/GDF7/SIX2/SFRP2/SIX1/HNF1B/AGTR2/FOXA1,34
GO:0010977,negative regulation of neuron projection development,30/1923,132/18986,0.22727272727272727,2.2438897555902235,4.8143133380507726,1.7344625274749212e-5,8.38809398791443e-4,6.930178891290774e-4,MDM2/VIM/FIGNL2/LPAR1/EPHB2/TRIM46/ITM2C/SEMA6C/MAG/TSKU/DAB2/ARHGAP4/RTN4R/NTN1/STX1B/MT3/APOE/GFAP/SLIT1/WNT3/NLGN1/NEU4/MGARP/DAB1/EPHA7/SPOCK1/WNT3A/SEMA3A/DKK1/LRP4,30
GO:1905818,regulation of chromosome separation,21/1923,77/18986,0.2727272727272727,2.6926677067082685,4.996317605767525,1.749173803502927e-5,8.388746032632787e-4,6.930717605633966e-4,ESPL1/SPC24/UBE2C/BIRC5/CDCA8/BUB1/CDC20/NCAPH/TTK/TRIP13/NDC80/PLK1/SPC25/SKA1/DLGAP5/SPDL1/NCAPG/NUF2/CENPF/HASPIN/SMC4,21
GO:0072163,mesonephric epithelium development,25/1923,101/18986,0.24752475247524752,2.4438403278705403,4.884145662843508,1.8376344379391193e-5,8.668513270770189e-4,7.161859151139778e-4,PTCH1/ROBO2/SHH/FMN1/HS3ST3B1/BMP7/BMP4/ADAMTS16/PAX2/KIF26B/FGF8/NOG/WT1/GLI3/GDNF/TCF21/EYA1/LHX1/HS3ST3A1/FOXJ1/SIX2/RET/SIX1/HNF1B/AGTR2,25
GO:0072164,mesonephric tubule development,25/1923,101/18986,0.24752475247524752,2.4438403278705403,4.884145662843508,1.8376344379391193e-5,8.668513270770189e-4,7.161859151139778e-4,PTCH1/ROBO2/SHH/FMN1/HS3ST3B1/BMP7/BMP4/ADAMTS16/PAX2/KIF26B/FGF8/NOG/WT1/GLI3/GDNF/TCF21/EYA1/LHX1/HS3ST3A1/FOXJ1/SIX2/RET/SIX1/HNF1B/AGTR2,25
GO:2000095,"regulation of Wnt signaling pathway, planar cell polarity pathway",8/1923,14/18986,0.5714285714285714,5.641779956912562,5.832560552401047,1.8712449693253724e-5,8.755296584119933e-4,7.233558858744293e-4,MLLT3/DAB2/PLEKHA4/DACT1/NKD1/RSPO3/SPEF1/DKK1,8
GO:0001763,morphogenesis of a branching structure,41/1923,207/18986,0.19806763285024154,1.9555445019733155,4.640524898636932,2.051235226281303e-5,9.520047360684597e-4,7.86539008243858e-4,FIGNL2/PGR/PTCH1/ESR1/ERMN/IHH/LEF1/SHH/HS3ST3B1/CTSH/BMP7/HHIP/BMP4/PROX1/ADAMTS16/PAX2/FGF8/HOXA5/NOG/WT1/RSPO3/MSX2/AR/GLI3/TP63/GDNF/TCF21/EYA1/LHX1/HS3ST3A1/SEMA3E/CSMD1/SHOX2/GDF7/SIX2/EPHA7/SFRP2/SIX1/HNF1B/AGTR2/FOXA1,41
GO:0072073,kidney epithelium development,33/1923,153/18986,0.21568627450980393,2.129495375893467,4.709097332162838,2.1466611224959664e-5,9.88322780797143e-4,8.165446981317289e-4,PTCH1/HES5/STAT1/ROBO2/SHH/FMN1/HS3ST3B1/BMP7/POU3F3/PODXL/BMP4/ADAMTS16/PAX2/KIF26B/FGF8/NOG/WT1/GLI3/NPHS1/GDNF/TCF21/EYA1/LHX1/HS3ST3A1/FOXJ1/SIX2/EPHA7/RET/TFAP2B/SIX1/HNF1B/PROM1/AGTR2,33
GO:0060562,epithelial tube morphogenesis,58/1923,331/18986,0.17522658610271905,1.7300322224369338,4.498064174315288,2.324914188684374e-5,0.0010618953298316327,8.773297736246714e-4,PGR/PTCH1/ESR1/TCTN1/RARG/IHH/DLC1/HES5/DNAAF1/LEF1/CCDC40/SHH/CC2D2A/FMN1/HS3ST3B1/CTSH/BMP7/NTN1/PODXL/HHIP/BMP4/PROX1/ADAMTS16/PAX2/KIF26B/LRP2/FGF8/HOXA5/NOG/NDRG4/WT1/COBL/MSX2/BMP5/AR/GLI3/GJA1/SALL4/GDNF/TCF21/EYA1/LHX1/HS3ST3A1/SEMA3E/CSMD1/TRIM71/GDF7/SIX2/EPHA7/WNT3A/SFRP2/RET/SIX1/FOLR1/HNF1B/FOXN4/AGTR2/FOXA1,58
GO:0048592,eye morphogenesis,35/1923,167/18986,0.20958083832335328,2.0692157027598466,4.6589981736108745,2.3470932837350632e-5,0.00106358439747207,8.787252683490495e-4,EPHB2/PRKCI/EPHB1/RARG/IHH/ALDH1A3/SLC1A1/TULP1/SOX11/TSKU/COL8A2/BMP7/CDON/THRB/BMP4/PROX1/RP1/FAT1/CRB2/PAX2/NDP/HCN1/NKD1/SIX3/FSCN2/RBP4/TH/VAX2/GLI3/LHX1/AQP5/TENM3/TFAP2B/PROM1/FOXN4,35
GO:0003338,metanephros morphogenesis,12/1923,31/18986,0.3870967741935484,3.821850938553671,5.27861841926024,2.5244139932883465e-5,0.0011350001977636277,9.377284545792321e-4,HES5/STAT1/FMN1/BMP4/PAX2/KIF26B/WT1/GDNF/LHX1/FOXJ1/SIX2/AGTR2,12
GO:0048638,regulation of developmental growth,57/1923,325/18986,0.1753846153846154,1.731592463698548,4.465917485617989,2.651910623741875e-5,0.0011760662096438879,9.716568784967656e-4,L1CAM/CDKN1A/PTCH1/RASAL1/CACNA2D2/TRIM46/EPPK1/AGR2/FGF20/SEMA6C/FGFR3/PLCB1/MAG/ARHGAP4/RTN4R/TP73/BDNF/NTN1/PROX1/SPTBN4/MT3/APOE/GLI1/IL7/KCNK2/FGF8/ZFPM2/NOG/WT1/SLIT1/IGF2/MIR17HG/WNT3/RBP4/LIN7A/AR/MAP1B/EFNA5/CPNE6/UNC13A/CRABP2/GDF5/MYOZ1/HEY2/ADRB2/ERBB4/RND2/NKX6-1/EPHA7/WNT3A/IGF1/ISLR2/RIMS2/SIX1/SEMA3A/PLXNA4/HNF1B,57
GO:0030900,forebrain development,69/1923,416/18986,0.1658653846153846,1.6376080043201728,4.414298744017284,2.6834556622491152e-5,0.0011760662096438879,9.716568784967656e-4,E2F1/TACC3/IGF2BP1/APLP1/ALK/LPAR1/TCTN1/EPHB2/SSTR3/DLC1/ALDH1A3/UBB/HES5/WDR62/ASPM/FUT1/MSX1/AVPR2/ROBO2/PLCB1/LEF1/TSKU/LRP8/SRD5A2/SHH/DLX5/SLC1A2/CDK5R1/RAC3/RTN4R/POU3F3/CDON/WNT7A/BMP4/PROX1/FOXB1/CHD5/LRP2/GLI1/FGF8/NOG/MDGA1/SLIT1/SIX3/TH/VAX2/GLI3/SLC7A11/TMEM108/OTX1/HTR6/LHX1/SEMA3E/SSTR1/CNTN2/MGARP/SCN2A/LMX1A/EFNA2/ERBB4/GDF7/DAB1/WNT3A/DNAH5/FOXG1/SEMA3A/PLXNA4/GSC/DKK1,69
GO:0055123,digestive system development,32/1923,148/18986,0.21621621621621623,2.134727551264213,4.6523492391085854,2.6987925378436555e-5,0.0011760662096438879,9.716568784967656e-4,CDKN1A/SPDEF/ADA/IHH/AGR2/DNAAF1/CPS1/SOX11/CCDC40/SHH/ASS1/BARX1/DACT1/GLI1/HOXA5/FOXL1/CDX2/COBL/IGF2/GLI3/TP63/TCF21/PYY/PKDCC/PDGFRA/SHOX2/CCKBR/SIX2/SFRP2/CXCL8/RET/HNF1B,32
GO:0045132,meiotic chromosome segregation,24/1923,97/18986,0.24742268041237114,2.4428325586631714,4.782605569418231,2.7007950638868132e-5,0.0011760662096438879,9.716568784967656e-4,AURKA/ESPL1/CCNE1/NCAPH/TTK/TRIP13/NDC80/PLK1/RNF212/SKA1/CCNB2/MAJIN/PTTG1/SGO1/NUF2/ASPM/MEIOC/FMN2/SMC4/SHOC1/SYCP2L/SYCP2/SYCE1L/HORMAD1,24
GO:0010721,negative regulation of cell development,51/1923,281/18986,0.18149466192170818,1.791917655353901,4.489743977619415,2.7209100704577842e-5,0.0011760662096438879,9.716568784967656e-4,CDKN2A/DLL3/EPHB2/TRIM46/IHH/CEACAM1/HES5/PIK3R1/CEBPA/SEMA6C/SOX11/TLR4/ERBB2/MAG/ARHGAP4/SHH/BMP7/RTN4R/NTN1/WNT7A/BMP4/PROX1/FSTL3/GPR68/MT3/ERFE/BRINP1/TMEM176A/ANXA1/NOG/CALCA/LRRC17/SLIT1/WNT3/HOXA7/TLR3/TMEM176B/FGL2/GLI3/TNFAIP6/PAEP/LTF/FOXJ1/NKX6-1/DAB1/EPHA7/WNT3A/IGF1/SEMA3A/VAX1/LRP4,51
GO:0010965,regulation of mitotic sister chromatid separation,18/1923,62/18986,0.2903225806451613,2.8663882039152533,4.9414977671725575,2.738364415156924e-5,0.0011760662096438879,9.716568784967656e-4,ESPL1/SPC24/UBE2C/BIRC5/CDCA8/BUB1/CDC20/TTK/TRIP13/NDC80/PLK1/SPC25/SKA1/DLGAP5/SPDL1/NUF2/CENPF/HASPIN,18
GO:0007143,female meiotic nuclear division,14/1923,41/18986,0.34146341463414637,3.371307535228239,5.102696669093947,2.864424717806489e-5,0.0012210936482204698,0.0010088582027549247,AURKA/CDC25B/NCAPH/TTK/TRIP13/NDC80/PLK1/SKA1/CCNB2/UBB/SPIRE1/HSF2BP/MEIOC/FMN2,14
GO:0060485,mesenchyme development,59/1923,341/18986,0.17302052785923755,1.7082515558686864,4.430479999433701,2.9121126590163968e-5,0.0012322947318117179,0.0010181124520725281,MDM2/FAM83D/DLL3/EFNB1/FOXA2/VASN/EDN3/STAT1/TCF15/MSX1/MEOX1/SEMA6C/AXIN2/ROBO2/LEF1/DAB2/SHH/BMP7/BAMBI/SCX/BMP4/WNT10A/CRB2/PAX2/RBM24/FGF8/ZFPM2/HOXA5/NOG/WT1/MSX2/S100A4/SEMA3D/BMP5/ZNF750/HMGA2/GDNF/TCF21/HEY1/SEMA3E/EPHA3/LRG1/HEY2/ERBB4/SIX2/HAS2/WNT3A/AMH/IGF1/SFRP2/HPN/RET/SIX1/FOLR1/SEMA3A/GSC/DKK1/SERPINB3/FOXA1,59
GO:0042471,ear morphogenesis,29/1923,129/18986,0.2248062015503876,2.2195374636690897,4.665744451576509,2.9542748411684063e-5,0.001241011073790086,0.0010253138269348976,EPHB2/ALDH1A3/TMIE/MSX1/DLX5/ATP6V1B1/SLITRK6/NTN1/PROX1/PAX2/FGF8/USH1G/NOG/KCNQ4/PRRX1/HOXA2/HOXA1/DLX6/OTX1/EYA1/SIX2/HMX2/WNT3A/HPN/FOXG1/SIX1/TBX18/GSC/GJB6,29
GO:0140014,mitotic nuclear division,51/1923,282/18986,0.18085106382978725,1.785563337427114,4.4617554341804215,3.001090150644267e-5,0.001250629388185704,0.0010332604044875988,KIF2C/TPX2/AURKA/ESPL1/SPC24/UBE2C/BIRC5/CDCA8/RANGRF/CDCA5/BUB1/CDC20/NCAPH/TTK/MYBL2/KIFC1/TRIP13/NDC80/CDC25C/PSRC1/SPAG5/KIF18B/PLK1/CENPI/SPC25/SMPD3/KIF4A/KIF23/SKA1/EPS8/UBE2S/PKMYT1/DLGAP5/SPDL1/MKI67/EDN3/DMRT1/NCAPG/NUF2/CENPE/CENPF/BMP7/ANLN/BMP4/HASPIN/SMC4/NPM2/FGF8/IGF2/CCDC8/IGF1,51
GO:0060047,heart contraction,47/1923,253/18986,0.1857707509881423,1.8341359741346177,4.483949297030754,3.020633969727417e-5,0.001250629388185704,0.0010332604044875988,MDM2/RANGRF/S100A1/TRPM4/TMEM38A/SCN8A/ADRA1B/SCN4A/ADA/FGF12/KCNH2/MAP2K6/SLC8A1/EDN3/SLC1A1/TNNI3/ADORA1/KCNJ12/KCNE4/THRB/SCN2B/ATP2B2/SPTBN4/KCNE1/GSTM2/SGCD/CORIN/CHRM2/KCND3/CYP2J2/TH/SLC4A3/CELF2/GJA1/SCN1A/SLC8A2/GLP1R/SCN2A/HEY2/NOS1/SHOX2/DES/KCNH6/TBX18/FOXN4/AGTR2/CHGA,47
GO:0043410,positive regulation of MAPK cascade,76/1923,472/18986,0.16101694915254236,1.5897388437910398,4.355598615509617,3.0662207463253796e-5,0.0012604357425073257,0.0010413623391843413,ADRA1B/IQGAP3/DUSP15/LPAR1/MAP4K1/MAP2K6/EDN3/BIRC7/EDA2R/CD40/FGF20/ADRA2B/ADORA1/FZD10/P2RY1/IGFBP4/IGFBP6/TENM1/NEK10/TLR4/FGFR3/PLCB1/ERBB2/PELI2/PDE6G/GPBAR1/TP73/CD44/CDON/GRM4/WNT7A/BMP4/FGF18/PDGFD/DOK5/INAVA/TNFAIP8L3/TNFRSF19/ABCA7/MT3/APOE/CXCL17/FGF8/FGF19/ADRA2A/P2RY6/NDRG4/EDAR/AKAP12/IL11/ALKAL2/GADD45G/NKD1/IGF2/FGF3/DOK6/TLR3/AR/NECAB2/FGF4/SLC30A10/PDGFRA/PLA2G2A/FZD7/KISS1/ADRB2/ERBB4/FGFR4/IGF1/ALOX12B/RET/ALOX15/SEMA3A/DKK1/OPRK1/CCL21,76
GO:0002070,epithelial cell maturation,11/1923,27/18986,0.4074074074074074,4.022380154465438,5.2758265026606415,3.1286299591362025e-5,0.0012769691783566558,0.0010550221370226372,CDKN1A/PGR/CEBPA/AKR1B1/KCNE1/HOXA5/SIX3/BHLHA15/GJA1/NKX6-1/FOXA1,11
GO:0008037,cell recognition,33/1923,156/18986,0.21153846153846154,2.08854354174167,4.583003534082718,3.255322178950892e-5,0.001319322474638196,0.0010900141054352248,SPA17/ROBO3/EPHB2/EPHB1/PTX3/DSCAML1/CRTAC1/C4BPA/TULP1/C4BPB/B4GALT1/ROBO2/PALLD/CDK5R1/OVGP1/OPCML/ASTL/ADAM32/CNTNAP3/CNR1/ATP8B3/CD5/FUT3/TUB/LBP/SPACA4/EPHA3/CNTN2/PAEP/LY6K/FOXG1/FOLR1/CCL21,33
GO:0120254,olefinic compound metabolic process,34/1923,163/18986,0.2085889570552147,2.0594227450079594,4.56022132580944,3.379218085122335e-5,0.0013599580475439888,0.0011235869039747947,ELOVL3/ABHD6/CLCN2/ABCD1/ALDH1A3/DAGLA/ELOVL2/DGAT2/PTGS1/PLA2G4A/ADH6/SRD5A2/DAB2/ALOX15B/GRIN1/AKR1B1/CYP2S1/SCNN1B/GSTM2/ALOXE3/CEL/RBP4/CYP2J2/PTGS2/PLA2G10/BMP5/SDR16C5/CYP4F3/CYP11A1/ADH1C/ALOX12B/ALOX15/PTGIS/ADH1B,34
GO:0002064,epithelial cell development,42/1923,219/18986,0.1917808219178082,1.8934740951281885,4.464510443667378,3.639412548596265e-5,0.001454501334525799,0.001201697842252144,CDKN1A/SPDEF/VIM/PGR/MAGI1/ESR1/RILPL2/HPSE/RARG/IHH/DMRT1/CEBPA/B4GALT1/PLCB1/SFN/PALLD/ADAMTSL4/TJP3/AKR1B1/PODXL/WNT7A/BMP4/PROX1/RAPGEF3/KCNE1/FAT1/HOXA5/DACT2/SIX3/BHLHA15/BMP5/AR/CLDN1/GJA1/TP63/NPHS1/SLC9A4/FOXJ1/NKX6-1/TMOD1/HYDIN/FOXA1,42
GO:0048565,digestive tract development,30/1923,137/18986,0.21897810218978103,2.1619959688898507,4.582347232630142,3.689821571525612e-5,0.001464477458215855,0.0012099400390984528,CDKN1A/SPDEF/ADA/IHH/AGR2/DNAAF1/CPS1/SOX11/CCDC40/SHH/ASS1/DACT1/GLI1/HOXA5/FOXL1/CDX2/COBL/GLI3/TP63/TCF21/PYY/PKDCC/PDGFRA/SHOX2/CCKBR/SIX2/SFRP2/CXCL8/RET/HNF1B,30
GO:0001823,mesonephros development,25/1923,105/18986,0.23809523809523808,2.3507416487135675,4.659310916757016,3.725757324307185e-5,0.0014686118768073872,0.0012133558640155411,PTCH1/ROBO2/SHH/FMN1/HS3ST3B1/BMP7/BMP4/ADAMTS16/PAX2/KIF26B/FGF8/NOG/WT1/GLI3/GDNF/TCF21/EYA1/LHX1/HS3ST3A1/FOXJ1/SIX2/RET/SIX1/HNF1B/AGTR2,25
GO:0050890,cognition,57/1923,329/18986,0.17325227963525835,1.7105396677873193,4.364481121261571,3.794823424609085e-5,0.001485660463171788,0.0012274412752566585,GPR158/FOXO6/VLDLR/EPHB2/RASGRF1/SLC1A1/FAM107A/TTBK1/ADORA1/DNAH11/PLCB1/SLC2A4/DNAAF4/GRIN1/SNAP25/SLC12A5/KLK8/NTSR1/RAPGEF3/FOXB1/C1QL1/SHANK2/ABCA7/GRIN2B/APOE/BRINP1/SPECC1/KCNK2/NOG/NDRG4/NTF4/GATM/DBH/CNR1/MEIS2/TH/HOXA1/PTGS2/CX3CR1/JPH3/PPP1R1B/MME/PAK5/SLC7A11/LRRC66/SLC8A2/GLP1R/CNTN2/CSMD1/SCN2A/LMX1A/TMPRSS11E/ADCY1/SHANK1/DKK1/OPRK1/PRKCG,57
GO:0040020,regulation of meiotic nuclear division,13/1923,37/18986,0.35135135135135137,3.468932270804346,5.046428657165011,3.904871607644022e-5,0.0015184146014859017,0.0012545024930105298,CDC20/TRIP13/RAD51AP1/DMRT1/MSX1/PLCB1/NPM2/GPR3/MSX2/SYCP2L/SYCP2/OOEP/HORMAD1,13
GO:0042481,regulation of odontogenesis,9/1923,19/18986,0.47368421052631576,4.676738648493308,5.3827906096482385,3.95220968315376e-5,0.0015265078339966368,0.0012611890596118357,MSX1/PAX9/APCDD1/SHH/DMRT3/BMP4/WNT10A/FGF8/RUNX2,9
GO:1902476,chloride transmembrane transport,26/1923,112/18986,0.23214285714285715,2.291973107495729,4.6036018650127035,4.1895307596589934e-5,0.0016073833014558338,0.001328007750272258,CLCN4/CLCN2/GABRE/GABRQ/CLCNKB/SLC1A1/ANO1/CLCA4/SLC12A5/GLRB/SLC26A2/CLIC6/KCNK2/CLIC5/BEST4/SLC4A3/OCA2/CLCA2/SLC26A4/GABRP/BEST3/GABRG3/SLC12A3/GABRA3/SLC17A7/NMUR2,26
GO:0051785,positive regulation of nuclear division,18/1923,64/18986,0.28125,2.7768135725429017,4.7798644231193,4.380104506817411e-5,0.0016693709560751124,0.0013792214748898045,AURKA/ESPL1/UBE2C/CDC20/SMPD3/SKA1/RAD51AP1/DLGAP5/EDN3/DMRT1/MSX1/PLCB1/NPM2/FGF8/IGF2/MSX2/OOEP/IGF1,18
GO:0023061,signal release,78/1923,493/18986,0.15821501014198783,1.5620749779281233,4.245034990726936,4.484443952287738e-5,0.0016894876719334687,0.0013958417511771874,SYNGR3/TRPM4/GRIK5/GPR158/SMPD3/OTOF/CADPS2/ADCY5/FOXA2/GCK/SNCG/CSPG5/HFE/RIMS3/MAP2K6/C1QTNF12/EDN3/FGF20/ANO1/ADRA2B/ADORA1/IRS2/P2RY1/SOX11/PLA2G4A/PLCB1/OR51E2/DAB2/STX19/RASL10B/SYN1/SNAP25/GRM4/WNT7A/MYB/RAPGEF3/STX1B/GPR68/HNF1A/CHRNA3/SYT12/BAIAP3/ANXA1/MICU3/MAOB/ADRA2A/IL11/RBP4/GAL/KMO/CNR1/FER1L5/RIMS4/NLGN1/SLC16A10/PTGS2/LIN7A/PLA2G10/GJA1/TRPM5/GDNF/EFNA5/VSNL1/GLP1R/UNC13A/SLC18A2/KISS1/GIPR/NKX6-1/TRH/FAM3D/TFAP2B/RIMS2/OPRK1/HNF1B/PRKCG/DOC2A/CHGA,78
GO:0030509,BMP signaling pathway,35/1923,172/18986,0.20348837209302326,2.009064083493572,4.462822863022548,4.49160058741652e-5,0.0016894876719334687,0.0013958417511771874,SMPD3/TMPRSS6/HFE/HES5/MSX1/SLC39A5/SOX11/LEF1/SMAD9/GREM2/DLX5/COMP/BMP7/BAMBI/SCX/BMP4/BMPR1B/CRB2/FSTL3/LRP2/NOG/MSX2/RUNX2/BMP5/KCP/TNFAIP6/GDF5/GDF7/SFRP4/SFRP2/FST/CHRDL2/TFAP2B/DKK1/CHRDL1,35
GO:0035116,embryonic hindlimb morphogenesis,11/1923,28/18986,0.39285714285714285,3.878723720377386,5.117407367289639,4.682704193950221e-5,0.0017499326387132158,0.0014457809189386977,RARG/AFF3/MSX1/SHH/WNT7A/BMP4/FGF8/MSX2/WNT3/FGF4/TP63,11
GO:0048608,reproductive structure development,54/1923,309/18986,0.17475728155339806,1.7253987246868516,4.3158835237045645,4.7187631862959776e-5,0.0017520311056215066,0.0014475146561968714,PLAG1/PGR/PTCH1/ESR1/DHCR24/RARG/CEBPB/PTX3/UBB/BRCA2/DMRT1/ASPM/INSL3/ROBO2/SRD5A2/SHH/ALOX15B/BMP7/SCX/WNT7A/BMP4/ANG/KCNE1/BMPR1B/ADAM32/LRP2/GLI1/FGF8/ZFPM2/NOG/WT1/RBP4/MMP2/TLR3/GAS2/BMP5/AR/PCYT1B/GJA1/TP63/GFRA1/TCF21/SYCP2/TNFAIP6/LHX1/PDGFRA/CSMD1/GDF7/AMH/SFRP2/FST/HOXA9/HNF1B/FOXA1,54
GO:2000242,negative regulation of reproductive process,20/1923,76/18986,0.2631578947368421,2.598188138051838,4.686581589579652,4.825945130858417e-5,0.0017803406556468073,0.0014709037892096809,TTK/TRIP13/ADA/PKMYT1/EPPIN/DMRT1/OVOL1/BMP7/BMP4/OVGP1/ASTL/ZFPM2/WT1/HPGDS/SYCP2L/GJA1/SYCP2/PAEP/IGF1/HORMAD1,20
GO:0048806,genitalia development,15/1923,48/18986,0.3125,3.0853484139365577,4.856232108189606,4.9091197902178973e-05,0.0017994894517645858,0.00148672437763421,ESR1/DHCR24/SRD5A2/SHH/LRP2/FGF8/WT1/RBP4/BMP5/AR/TP63/SYCP2/LHX1/PDGFRA/HNF1B,15
GO:0008544,epidermis development,65/1923,393/18986,0.16539440203562342,1.6329579391827074,4.256607830139205,4.9545064507494406e-5,0.0018046319382318376,0.0014909730604953514,CDKN1A/FOXI3/PTCH1/HPSE/ALDH3A2/HES5/EDA2R/KLK7/FGF20/POU2F3/LAMC2/APCDD1/OVOL1/SFN/SHH/PALLD/ALOX15B/SLITRK6/TMC1/KLK5/BMP4/WNT10A/KRT7/TNFRSF19/COL17A1/SVEP1/ALOXE3/ANXA1/GLI1/TGM1/FA2H/EDAR/NTF4/AQP3/MSX2/HOXA7/FOXN1/GAL/DKK4/PLA2G10/SPINK5/ZNF750/CLDN1/KRT31/MCOLN3/TP63/CRABP2/HEY2/SFRP4/IVL/SCEL/ALOX12B/KRT36/FST/CALML5/SULT2B1/KRT4/KLK14/FLG/DKK1/GJB5/SPRR3/SPRR2D/LRP4/KRT6A,65
GO:0045839,negative regulation of mitotic nuclear division,17/1923,59/18986,0.288135593220339,2.8447958257313344,4.764317212508949,5.057100139658781e-5,0.001830415805266433,0.0015122754936007093,SPC24/BIRC5/CDCA8/BUB1/CDC20/TTK/TRIP13/NDC80/PLK1/SPC25/SKA1/SPDL1/NUF2/CENPF/BMP7/BMP4/HASPIN,17
GO:0032526,response to retinoic acid,25/1923,107/18986,0.2336448598130841,2.3068025524759306,4.550714786079096,5.211638105372745e-5,0.0018483641432344069,0.0015271042727129393,PTCH1/RARG/TESC/FZD10/PCK1/CTSH/ANKK1/MYB/PAX2/BRINP1/AQP3/WNT3/RBP4/HOXA2/BRINP2/IGFBP2/MMP2/GJB2/EPHA3/GJB3/FZD7/HSD17B2/WNT3A/RET/DKK1,25
GO:0002063,chondrocyte development,12/1923,33/18986,0.36363636363636365,3.590223608944358,4.999453042339461,5.2351582162851143e-5,0.0018483641432344069,0.0015271042727129393,SMPD3/RARG/AXIN2/TSKU/ECM1/COMP/FGF18/BMPR1B/MSX2/RUNX2/SHOX2/SFRP2,12
GO:0007288,sperm axoneme assembly,12/1923,33/18986,0.36363636363636365,3.590223608944358,4.999453042339461,5.2351582162851143e-5,0.0018483641432344069,0.0015271042727129393,BBOF1/CFAP69/NEURL1/CFAP43/CFAP157/CFAP58/CFAP65/SPEF2/ZMYND12/DRC7/CCDC146/CFAP47,12
GO:0048566,embryonic digestive tract development,12/1923,33/18986,0.36363636363636365,3.590223608944358,4.999453042339461,5.2351582162851143e-5,0.0018483641432344069,0.0015271042727129393,ADA/IHH/SOX11/SHH/GLI3/TCF21/PKDCC/PDGFRA/SHOX2/SIX2/CXCL8/HNF1B,12
GO:0001973,G protein-coupled adenosine receptor signaling pathway,7/1923,12/18986,0.5833333333333334,5.759317039348241,5.536343889211277,5.408717615985262e-5,0.001886495144242132,0.0015586078131678103,ADCY5/ADA/ADORA1/P2RY1/ADORA2B/NECAB2/CNTN2,7
GO:0035588,G protein-coupled purinergic receptor signaling pathway,7/1923,12/18986,0.5833333333333334,5.759317039348241,5.536343889211277,5.408717615985262e-5,0.001886495144242132,0.0015586078131678103,ADCY5/ADA/ADORA1/P2RY1/ADORA2B/NECAB2/CNTN2,7
GO:0051306,mitotic sister chromatid separation,18/1923,65/18986,0.27692307692307694,2.7340933637345497,4.701369214569164,5.489713463133951e-5,0.0019032109024298726,0.0015724182443231486,ESPL1/SPC24/UBE2C/BIRC5/CDCA8/BUB1/CDC20/TTK/TRIP13/NDC80/PLK1/SPC25/SKA1/DLGAP5/SPDL1/NUF2/CENPF/HASPIN,18
GO:0072273,metanephric nephron morphogenesis,10/1923,24/18986,0.4166666666666667,4.113797885248744,5.124142709911556,5.724880184374361e-5,0.001972855416830805,0.001629958007741506,HES5/STAT1/FMN1/BMP4/PAX2/KIF26B/WT1/GDNF/LHX1/SIX2,10
GO:0022612,gland morphogenesis,28/1923,127/18986,0.2204724409448819,2.1767497471552404,4.46677309287918,5.817219767449676e-5,0.0019927440334329095,0.0016463898301735708,PLAG1/PGR/PTCH1/ESR1/RARG/CEBPB/CEACAM1/FGL1/XBP1/SHH/BMP7/NTN1/BMP4/PROX1/GLI1/FGF8/NOG/EDAR/MSX2/MMP2/AR/GLI3/TP63/CSMD1/GDF7/WNT3A/HPN/FOXA1,28
GO:0061053,somite development,21/1923,83/18986,0.25301204819277107,2.4980170291148993,4.591532649429426,5.92401434196117e-5,0.002017319676803937,0.001666694038158742,PTCH1/DLL3/IHH/TCF15/MEOX1/AXIN2/LEF1/SHH/SCX/FOXB1/CRB2/NOG/CDX2/COBL/NKD1/LHX1/WNT3A/SFRP2/SIX1/TBX18/DKK1,21
GO:0060350,endochondral bone morphogenesis,17/1923,60/18986,0.2833333333333333,2.7973825619691457,4.681165317158064,6.396786509320036e-5,0.0021225916185471936,0.001753668908679441,SMPD3/RARG/IHH/CSGALNACT1/AXIN2/FGFR3/TSKU/PHOSPHO1/DLX5/COMP/SCX/BMP4/FGF18/BMPR1B/CBS/RUNX2/SHOX2,17
GO:0007094,mitotic spindle assembly checkpoint signaling,15/1923,49/18986,0.30612244897959184,3.022382119774587,4.758531130666389,6.417566318457197e-5,0.0021225916185471936,0.001753668908679441,SPC24/BIRC5/CDCA8/BUB1/CDC20/TTK/TRIP13/NDC80/PLK1/SPC25/SKA1/SPDL1/NUF2/CENPF/HASPIN,15
GO:0030850,prostate gland development,15/1923,49/18986,0.30612244897959184,3.022382119774587,4.758531130666389,6.417566318457197e-5,0.0021225916185471936,0.001753668908679441,PLAG1/PTCH1/ESR1/RARG/SHH/ALOX15B/BMP7/BMP4/GLI1/NOG/MMP2/AR/TP63/HOXA9/FOXA1,15
GO:0071173,spindle assembly checkpoint signaling,15/1923,49/18986,0.30612244897959184,3.022382119774587,4.758531130666389,6.417566318457197e-5,0.0021225916185471936,0.001753668908679441,SPC24/BIRC5/CDCA8/BUB1/CDC20/TTK/TRIP13/NDC80/PLK1/SPC25/SKA1/SPDL1/NUF2/CENPF/HASPIN,15
GO:0071174,mitotic spindle checkpoint signaling,15/1923,49/18986,0.30612244897959184,3.022382119774587,4.758531130666389,6.417566318457197e-5,0.0021225916185471936,0.001753668908679441,SPC24/BIRC5/CDCA8/BUB1/CDC20/TTK/TRIP13/NDC80/PLK1/SPC25/SKA1/SPDL1/NUF2/CENPF/HASPIN,15
GO:0043651,linoleic acid metabolic process,9/1923,20/18986,0.45,4.4429017160686435,5.1715293923895755,6.540284627523292e-5,0.0021508193160798025,0.0017769904157908397,ELOVL3/ABCD1/ELOVL2/ALOX15B/GSTM2/ALOXE3/CYP2J2/ALOX12B/ALOX15,9
GO:0021904,dorsal/ventral neural tube patterning,8/1923,16/18986,0.5,4.936557462298492,5.28822796695768,6.656065715264956e-5,0.0021764578517812394,0.0017981727772638642,PTCH1/TCTN1/SHH/BMP4/GLI3/WNT3A/GSC/FOXA1,8
GO:0061458,reproductive system development,54/1923,313/18986,0.17252396166134185,1.7033489007291922,4.212143716168188,6.73320222075414e-5,0.002178226376457117,0.0017996339187812515,PLAG1/PGR/PTCH1/ESR1/DHCR24/RARG/CEBPB/PTX3/UBB/BRCA2/DMRT1/ASPM/INSL3/ROBO2/SRD5A2/SHH/ALOX15B/BMP7/SCX/WNT7A/BMP4/ANG/KCNE1/BMPR1B/ADAM32/LRP2/GLI1/FGF8/ZFPM2/NOG/WT1/RBP4/MMP2/TLR3/GAS2/BMP5/AR/PCYT1B/GJA1/TP63/GFRA1/TCF21/SYCP2/TNFAIP6/LHX1/PDGFRA/CSMD1/GDF7/AMH/SFRP2/FST/HOXA9/HNF1B/FOXA1,54
GO:0006821,chloride transport,28/1923,128/18986,0.21875,2.1597438897555903,4.419636073373708,6.737172806418189e-5,0.002178226376457117,0.0017996339187812515,CLCN4/CLCN2/GABRE/GABRQ/CLCNKB/SLC1A1/ANO1/SLC6A14/CLCA4/SLC12A5/GLRB/SLC26A2/CLIC6/KCNK2/P2RY6/CLIC5/BEST4/SLC4A3/OCA2/CLCA2/SLC26A4/GABRP/BEST3/GABRG3/SLC12A3/GABRA3/SLC17A7/NMUR2,28
GO:0007286,spermatid development,43/1923,232/18986,0.1853448275862069,1.8299307834382341,4.269786479077004,6.815814860877702e-5,0.002191341593539172,0.0018104696105018866,KLC3/TRIP13/PTCH1/BBOF1/CFAP69/NME5/POC1B/NEURL1/RSPH1/MEIOC/CFAP53/CFAP43/CFAP157/CATSPERD/CFAP57/TTC21A/ARMC3/CFAP58/CFAP65/ADGB/ROPN1B/PACRG/CHD5/CFAP73/ROPN1L/SPEF2/ZMYND12/CFAP221/GLI1/CFAP61/CFAP52/DRC7/TDRD5/DPY19L2P2/RFX2/CCDC146/OCA2/DRC1/DDX25/SPAG17/PAEP/CFAP47/DEFB1,43
GO:0051304,chromosome separation,21/1923,84/18986,0.25,2.468278731149246,4.527531899775138,7.153936359045925e-5,0.0022872724303505164,0.0018897269318017803,ESPL1/SPC24/UBE2C/BIRC5/CDCA8/BUB1/CDC20/NCAPH/TTK/TRIP13/NDC80/PLK1/SPC25/SKA1/DLGAP5/SPDL1/NCAPG/NUF2/CENPF/HASPIN/SMC4,21
GO:0001676,long-chain fatty acid metabolic process,25/1923,109/18986,0.22935779816513763,2.2644759001369232,4.444516931498545,7.209150651297975e-5,0.002292191270619881,0.001893790839890256,ELOVL3/ABHD6/ABCD1/ACSL5/GLYATL2/ACOT7/DAGLA/ELOVL2/PTGS1/PLA2G4A/ALOX15B/GSTM4/CYP2S1/GSTM2/SLC27A2/ALOXE3/CYP2J2/ACSM1/PTGS2/PLA2G10/SLC27A6/CYP4F3/ALOX12B/ALOX15/PTGIS,25
GO:0051146,striated muscle cell differentiation,54/1923,314/18986,0.17197452229299362,1.697924222701392,4.186440505292804,7.346880751157612e-5,0.0023076096687670456,0.001906529402134665,TNNT1/SORBS2/ACTL8/RYR1/DOCK5/MAMSTR/SLC8A1/OBSCN/ADAMTS15/MSX1/XBP1/BARX2/SHH/BDNF/CDON/BMP4/PROX1/FHOD3/RBM24/SGCD/KEL/WT1/IGF2/MYOM2/ALPK2/BHLHA15/SYNPO2L/ACTN2/SCGB3A1/MYOM3/CACNA1S/TNFSF14/NPHS1/XK/CEACAM5/FLNC/TNNT3/PDGFRA/FZD7/MYOZ1/HEY2/NOS1/SHOX2/TMOD1/CASQ1/MYLK3/MYMX/WNT3A/IGF1/SIX1/MYO18B/TBX18/DKK1/ALPK3,54
GO:0007215,glutamate receptor signaling pathway,16/1923,55/18986,0.2909090909090909,2.8721788871554863,4.667766876184971,7.355865513674603e-5,0.0023076096687670456,0.001906529402134665,GRIK5/GRIN2C/SLC1A1/PLCB1/CDK5R1/GRIN1/GRM4/GRIN2B/HOMER2/GRM8/NECAB2/GRIN3B/SSTR1/ADRB2/FRRS1L/GRIA2,16
GO:0061138,morphogenesis of a branching epithelium,37/1923,190/18986,0.19473684210526315,1.92265922215836,4.290942122987506,7.388318053289412e-5,0.0023076096687670456,0.001906529402134665,PGR/PTCH1/ESR1/IHH/LEF1/SHH/HS3ST3B1/CTSH/BMP7/HHIP/BMP4/PROX1/ADAMTS16/PAX2/FGF8/HOXA5/NOG/WT1/RSPO3/MSX2/AR/GLI3/TP63/GDNF/TCF21/EYA1/LHX1/HS3ST3A1/SEMA3E/CSMD1/GDF7/SIX2/SFRP2/SIX1/HNF1B/AGTR2/FOXA1,37
GO:0003015,heart process,47/1923,262/18986,0.17938931297709923,1.7711313032673976,4.2193631935866485,7.418032818799365e-5,0.0023076096687670456,0.001906529402134665,MDM2/RANGRF/S100A1/TRPM4/TMEM38A/SCN8A/ADRA1B/SCN4A/ADA/FGF12/KCNH2/MAP2K6/SLC8A1/EDN3/SLC1A1/TNNI3/ADORA1/KCNJ12/KCNE4/THRB/SCN2B/ATP2B2/SPTBN4/KCNE1/GSTM2/SGCD/CORIN/CHRM2/KCND3/CYP2J2/TH/SLC4A3/CELF2/GJA1/SCN1A/SLC8A2/GLP1R/SCN2A/HEY2/NOS1/SHOX2/DES/KCNH6/TBX18/FOXN4/AGTR2/CHGA,47
GO:0048593,camera-type eye morphogenesis,29/1923,136/18986,0.21323529411764705,2.1052965648037687,4.342700159380739,8.200459852288796e-5,0.0025372928198882806,0.0020962918592410014,EPHB2/EPHB1/IHH/ALDH1A3/SLC1A1/SOX11/TSKU/COL8A2/BMP7/CDON/THRB/BMP4/PROX1/RP1/FAT1/CRB2/PAX2/NDP/HCN1/SIX3/RBP4/TH/GLI3/LHX1/AQP5/TENM3/TFAP2B/PROM1/FOXN4,29
GO:0031577,spindle checkpoint signaling,15/1923,50/18986,0.3,2.961934477379095,4.663292171324942,8.316614230013581e-5,0.0025594713846913454,0.0021146156193060147,SPC24/BIRC5/CDCA8/BUB1/CDC20/TTK/TRIP13/NDC80/PLK1/SPC25/SKA1/SPDL1/NUF2/CENPF/HASPIN,15
GO:0060537,muscle tissue development,71/1923,447/18986,0.15883668903803133,1.5682128851149573,4.08120992954177,8.547688253928828e-5,0.0026165928670936383,0.0021618089497758407,SORBS2/RYR1/PTCH1/EPHB1/ZBTB18/IHH/GPCPD1/SLC8A1/TNNI3/FGF20/MSX1/NEURL1/CENPF/SOX11/BARX2/LEF1/SHH/BMP7/EYA2/SCX/TP73/CDON/BMP4/PROX1/FHOD3/LRP2/GLI1/KCNK2/RBM24/SGCD/FGF8/ZFPM2/KEL/NOG/NDRG4/WT1/IGF2/MIR17HG/MYOM2/MSX2/RBP4/FGF3/ALPK2/ACTN2/BMP5/CACNA1S/GJA1/NPHS1/TCF21/EYA1/HEY1/XK/PDGFRA/FZD7/MYOZ1/HEY2/ERBB4/JPH2/SHOX2/CASQ1/MYLK3/WNT3A/IGF1/TFAP2B/SIX1/MYO18B/TBX18/DKK1/ALPK3/VAX1/GJB6,71
GO:0010959,regulation of metal ion transport,66/1923,408/18986,0.16176470588235295,1.5971215319201004,4.093177532935994,8.639272113822986e-5,0.002630635503441867,0.002173410868178136,RANGRF/RGS9/GNB5/WNK3/TMEM38A/PTPN3/KCNIP3/NKAIN4/FGF12/GCK/KCNH2/HFE/SLC8A1/TESC/EDN3/EPPIN/FXYD6/ATP2C2/ADORA1/KCNS1/KCNRG/GRIN1/KCNE4/TMC1/TRPV3/NTSR1/SCN2B/SPTBN4/ADCYAP1R1/KCNE1/LRRC26/GSTM2/PLPP4/HOMER2/STAC2/ADRA2A/KEL/CALCA/P2RY6/PCSK9/EFHB/STAC/GAL/FXYD4/KCNN4/KCNG1/BDKRB1/PTGS2/JPH3/ACTN2/HPCA/LRRC55/NKAIN1/GRIN3B/KCNG3/FGF14/CNTN1/ADRB2/NOS1/JPH2/CEMIP/CASQ1/DPP10/RRAD/HAMP/OPRK1,66
GO:0014706,striated muscle tissue development,68/1923,424/18986,0.16037735849056603,1.5834240916806483,4.078703638662108,8.887433255208631e-5,0.002691956757038193,0.0022240740173837888,SORBS2/RYR1/EPHB1/ZBTB18/GPCPD1/SLC8A1/TNNI3/FGF20/MSX1/NEURL1/CENPF/SOX11/BARX2/LEF1/SHH/BMP7/EYA2/SCX/TP73/CDON/BMP4/PROX1/FHOD3/LRP2/GLI1/KCNK2/RBM24/SGCD/FGF8/ZFPM2/KEL/NOG/NDRG4/WT1/IGF2/MIR17HG/MYOM2/MSX2/RBP4/FGF3/ALPK2/ACTN2/BMP5/CACNA1S/GJA1/NPHS1/TCF21/EYA1/HEY1/XK/PDGFRA/FZD7/MYOZ1/HEY2/ERBB4/JPH2/SHOX2/CASQ1/MYLK3/WNT3A/IGF1/SIX1/MYO18B/TBX18/DKK1/ALPK3/VAX1/GJB6,68
GO:0008016,regulation of heart contraction,40/1923,213/18986,0.18779342723004694,1.854106089126194,4.20825479729527,8.934521489996157e-5,0.0026920508468548632,0.002224151753668374,MDM2/RANGRF/S100A1/TRPM4/TMEM38A/ADRA1B/ADA/KCNH2/SLC8A1/EDN3/SLC1A1/TNNI3/ADORA1/KCNJ12/KCNE4/THRB/SCN2B/ATP2B2/SPTBN4/KCNE1/GSTM2/CORIN/CHRM2/KCND3/CYP2J2/TH/SLC4A3/CELF2/GJA1/SLC8A2/GLP1R/HEY2/NOS1/SHOX2/DES/KCNH6/TBX18/FOXN4/AGTR2/CHGA,40
GO:0030534,adult behavior,31/1923,151/18986,0.2052980132450331,2.0269308785596456,4.2531835119426535,1.0043760576677229e-4,0.003010512610352992,0.0024872624191256054,UCHL1/EPS8/ALK/FGF12/FOXA2/SNCG/DMBX1/SLC1A1/DMRT3/SLC1A2/ATP6V1B1/SLITRK6/NTSR1/GLRB/SPTBN4/SHANK2/CEND1/CHRNA3/HOMER2/NTF4/DBH/PPP1R1B/SLC7A11/GDNF/SCN1A/CNTN2/TMOD1/DAB1/TRH/SHANK1/OPRK1,31
GO:0090183,regulation of kidney development,12/1923,35/18986,0.34285714285714286,3.3850679741475376,4.741174770846446,1.0158105329147166e-4,0.003029010164209427,0.002502544956190769,STAT1/BMP4/PAX2/NOG/WT1/GDNF/LHX1/SIX2/RET/SIX1/HNF1B/AGTR2,12
GO:0033046,negative regulation of sister chromatid segregation,15/1923,51/18986,0.29411764705882354,2.903857330763819,4.570398635141498,1.0688418365433215e-4,0.003061229415701621,0.002529164254556537,SPC24/BIRC5/CDCA8/BUB1/CDC20/TTK/TRIP13/NDC80/PLK1/SPC25/SKA1/SPDL1/NUF2/CENPF/HASPIN,15
GO:0033048,negative regulation of mitotic sister chromatid segregation,15/1923,51/18986,0.29411764705882354,2.903857330763819,4.570398635141498,1.0688418365433215e-4,0.003061229415701621,0.002529164254556537,SPC24/BIRC5/CDCA8/BUB1/CDC20/TTK/TRIP13/NDC80/PLK1/SPC25/SKA1/SPDL1/NUF2/CENPF/HASPIN,15
GO:0045841,negative regulation of mitotic metaphase/anaphase transition,15/1923,51/18986,0.29411764705882354,2.903857330763819,4.570398635141498,1.0688418365433215e-4,0.003061229415701621,0.002529164254556537,SPC24/BIRC5/CDCA8/BUB1/CDC20/TTK/TRIP13/NDC80/PLK1/SPC25/SKA1/SPDL1/NUF2/CENPF/HASPIN,15
GO:0089718,amino acid import across plasma membrane,15/1923,51/18986,0.29411764705882354,2.903857330763819,4.570398635141498,1.0688418365433215e-4,0.003061229415701621,0.002529164254556537,SLC6A13/SLC38A1/SLC47A1/SLC1A1/SLC6A14/SLC1A2/NTSR1/SLC43A1/GFAP/SLC6A9/SLC38A3/SLC22A4/SLC7A11/SLC7A2/SLC6A20,15
GO:2000816,negative regulation of mitotic sister chromatid separation,15/1923,51/18986,0.29411764705882354,2.903857330763819,4.570398635141498,1.0688418365433215e-4,0.003061229415701621,0.002529164254556537,SPC24/BIRC5/CDCA8/BUB1/CDC20/TTK/TRIP13/NDC80/PLK1/SPC25/SKA1/SPDL1/NUF2/CENPF/HASPIN,15
GO:0007501,mesodermal cell fate specification,7/1923,13/18986,0.5384615384615384,5.3162926517060685,5.226149188203567,1.0691696134770215e-4,0.003061229415701621,0.002529164254556537,EYA2/PAX2/EYA1/SIX2/WNT3A/SFRP2/DKK1,7
GO:0045986,negative regulation of smooth muscle contraction,7/1923,13/18986,0.5384615384615384,5.3162926517060685,5.226149188203567,1.0691696134770215e-4,0.003061229415701621,0.002529164254556537,DOCK5/GUCY1A1/ADORA2B/ADRA2A/CALCA/PTGS2/ADRB2,7
GO:0071415,cellular response to purine-containing compound,7/1923,13/18986,0.5384615384615384,5.3162926517060685,5.226149188203567,1.0691696134770215e-4,0.003061229415701621,0.002529164254556537,RYR1/TMEM38A/SLC8A1/P2RY1/GSTM2/P2RY6/CACNA1S,7
GO:0021537,telencephalon development,49/1923,281/18986,0.17437722419928825,1.7216463747517872,4.091343895552865,1.0935304005950065e-4,0.0031154789383288427,0.002573984793896636,TACC3/IGF2BP1/ALK/LPAR1/TCTN1/EPHB2/ALDH1A3/HES5/WDR62/ASPM/FUT1/AVPR2/ROBO2/PLCB1/LEF1/TSKU/LRP8/SRD5A2/SHH/DLX5/SLC1A2/CDK5R1/RTN4R/POU3F3/CDON/BMP4/PROX1/FOXB1/FGF8/MDGA1/SIX3/TH/GLI3/SLC7A11/TMEM108/HTR6/LHX1/CNTN2/MGARP/SCN2A/LMX1A/EFNA2/ERBB4/DAB1/WNT3A/DNAH5/FOXG1/SEMA3A/PLXNA4,49
GO:0072074,kidney mesenchyme development,8/1923,17/18986,0.47058823529411764,4.64617172922211,5.049014399860014,1.1456198880139137e-4,0.0032435025597744413,0.002679756927614642,STAT1/SHH/BMP7/PAX2/WT1/TCF21/SIX2/SIX1,8
GO:0022600,digestive system process,25/1923,112/18986,0.22321428571428573,2.2038202956689696,4.289492812295348,1.1497385268357706e-4,0.0032435025597744413,0.002679756927614642,WNK3/TFF3/SLC5A1/PBLD/TLR4/APOA1/MUC13/SERPINA3/INAVA/GCNT3/CEL/ADRA2A/SNX10/RBP4/KCNN4/CYP8B1/TFF1/SLC9A4/CCKBR/NEGR1/HAMP/AQP5/OPRK1/CLDN2/MUC6,25
GO:0007127,meiosis I,28/1923,132/18986,0.21212121212121213,2.0942971052175423,4.235334462529895,1.186800770500501e-4,0.003331726065478236,0.0027526465110915346,AURKA/ESPL1/ANKLE1/CCNE1/RAD54L/CDC25B/TRIP13/NDC80/EME1/PLK1/RNF212/CCNB2/RAD51AP1/MAJIN/PTTG1/UBB/BRCA2/DMRT1/HSF2BP/MEIOC/HFM1/FMN2/SHOC1/SYCP2L/SYCP2/SYCE1L/HORMAD1/CCNA1,28
GO:0060560,developmental growth involved in morphogenesis,43/1923,238/18986,0.18067226890756302,1.78379807461206,4.084909561829665,1.2461833000168167e-4,0.0034814489765032913,0.0028763464313622694,L1CAM/AURKA/RASAL1/ESR1/RARG/TRIM46/EDN3/WASF1/SEMA6C/MAG/ARHGAP4/SHH/FMN1/RTN4R/BDNF/NTN1/BMP4/ALCAM/MT3/APOE/KIF26B/COBL/NKD1/SLIT1/WNT3/TMEM108/MAP1B/EFNA5/LHX1/CPNE6/UNC13A/CRABP2/RND2/NKX6-1/EPHA7/WNT3A/ISLR2/SFRP2/RIMS2/SIX1/SEMA3A/PLXNA4/HNF1B,43
GO:0008045,motor neuron axon guidance,10/1923,26/18986,0.38461538461538464,3.797351894075763,4.791614351604064,1.2826076051240104e-4,0.003548753253600327,0.002931952708676698,ERBB2/RAC3/ALCAM/FGF8/NOG/SLIT1/HOXA2/LHX1/SEMA3A/PLXNA4,10
GO:0060740,prostate gland epithelium morphogenesis,10/1923,26/18986,0.38461538461538464,3.797351894075763,4.791614351604064,1.2826076051240104e-4,0.003548753253600327,0.002931952708676698,ESR1/RARG/SHH/BMP7/BMP4/NOG/MMP2/AR/TP63/FOXA1,10
GO:0035136,forelimb morphogenesis,13/1923,41/18986,0.3170731707317073,3.130499854140507,4.584514807853273,1.3121112295193973e-4,0.0036130144142986274,0.002985044786572207,MSX1/SHH/FMN1/WNT7A/MSX2/WNT3/RUNX2/TP63/CRABP2/GDF5/SHOX2/TFAP2B/HOXA9,13
GO:0072330,monocarboxylic acid biosynthetic process,41/1923,224/18986,0.18303571428571427,1.807132642448555,4.079402920114841,1.3219416498458318e-4,0.0036227496166013153,0.0029930879360168536,ELOVL3/ABCD1/TRIB3/ACOT7/ALDH1A3/CEACAM1/ELOVL2/PTGS1/PLA2G4A/XBP1/ALOX15B/ELOVL7/CYP39A1/GSTM4/PROX1/UST/GSTM2/SLC27A2/LIPC/STAR/ALOXE3/FA2H/FGF19/GATM/ELOVL4/ABHD1/LPL/HPGDS/KMO/CYP8B1/ACSM1/PTGS2/PLA2G10/DSEL/SCD5/LIPG/OSBPL6/FGFR4/ALOX12B/ALOX15/PTGIS,41
GO:0050767,regulation of neurogenesis,62/1923,383/18986,0.1618798955613577,1.5982588128590418,3.9706741295150403,1.366588571462353e-4,0.0037273541368558487,0.0030795113880246684,L1CAM/PLAG1/CLCN2/DLL3/EPHB2/PRKCI/TRIM46/HES5/WDR62/ASPM/NEURL1/TTBK1/SEMA6C/SOX11/ROBO2/LEF1/MAG/LRP8/ARHGAP4/SHH/BMP7/RTN4R/TP73/BDNF/NTN1/CDON/WNT7A/MYB/PROX1/MT3/IL33/BRINP1/GFAP/LRP2/NOG/HES6/SLIT1/WNT3/ZNF488/CX3CR1/GLI3/CHODL/MME/MAP1B/EFNA5/HEY1/CRABP2/RASSF10/HEY2/RND2/SHOX2/NKX6-1/DAB1/EPHA7/WNT3A/ISLR2/FOXG1/HES2/SEMA3A/PLXNA4/VAX1/LRP4,62
GO:0060037,pharyngeal system development,11/1923,31/18986,0.3548387096774194,3.5033633603408654,4.682848326059859,1.3862614617333823e-4,0.003763176751073403,0.0031091077570256642,FOXI3/PTCH1/BMP7/BMP4/FGF8/NOG/HOXA2/BMP5/EYA1/SIX1/FOLR1,11
GO:0035296,regulation of tube diameter,31/1923,154/18986,0.2012987012987013,1.987445212094198,4.130402676779216,1.466607711277196e-4,0.003944078214205731,0.0032585671578155904,DOCK5/TRPM4/ADRA1B/NPR1/SLC8A1/EDN3/ADRA2B/ADORA1/P2RY1/CPS1/AVPR2/COMP/GUCY1A1/SMTNL1/SCNN1B/SVEP1/CBS/APOE/ADORA2B/ADRA2A/KEL/CALCA/DBH/GRIP2/MMP2/PTGS2/ASIC2/NTS/ADRB2/NOS1/AGTR2,31
GO:0097746,blood vessel diameter maintenance,31/1923,154/18986,0.2012987012987013,1.987445212094198,4.130402676779216,1.466607711277196e-4,0.003944078214205731,0.0032585671578155904,DOCK5/TRPM4/ADRA1B/NPR1/SLC8A1/EDN3/ADRA2B/ADORA1/P2RY1/CPS1/AVPR2/COMP/GUCY1A1/SMTNL1/SCNN1B/SVEP1/CBS/APOE/ADORA2B/ADRA2A/KEL/CALCA/DBH/GRIP2/MMP2/PTGS2/ASIC2/NTS/ADRB2/NOS1/AGTR2,31
GO:0061005,cell differentiation involved in kidney development,16/1923,58/18986,0.27586206896551724,2.723617910233651,4.413365328219144,1.4747700234749093e-4,0.003947582086092141,0.0032614620298830675,GLIS2/PTCH1/STAT1/SHH/POU3F3/PODXL/PAX2/WT1/GLI3/NPHS1/GDNF/TCF21/LHX1/FOXJ1/SIX2/PROM1,16
GO:0007156,homophilic cell adhesion via plasma membrane adhesion molecules,33/1923,168/18986,0.19642857142857142,1.939361860188693,4.105519122311804,1.487997256617794e-4,0.003964548246220095,0.0032754793412000855,L1CAM/MPZL2/ROBO3/CDH6/CEACAM1/DSCAML1/CDH18/TRO/ROBO2/PALLD/PCDH18/CDHR4/CDHR3/FAT1/CDH11/HMCN1/PCDH10/PCDH7/PTPRT/CEACAM6/CEACAM5/DCHS2/CNTN2/PCDH19/PCDHA12/PCDHB1/CDH26/RET/TENM3/PCDHA11/DSG3/CDHR1/CDH16,33
GO:0048515,spermatid differentiation,43/1923,240/18986,0.17916666666666667,1.7689330906569596,4.024455345681482,1.5126436354684193e-4,0.0040116424525902085,0.003314388213151031,KLC3/TRIP13/PTCH1/BBOF1/CFAP69/NME5/POC1B/NEURL1/RSPH1/MEIOC/CFAP53/CFAP43/CFAP157/CATSPERD/CFAP57/TTC21A/ARMC3/CFAP58/CFAP65/ADGB/ROPN1B/PACRG/CHD5/CFAP73/ROPN1L/SPEF2/ZMYND12/CFAP221/GLI1/CFAP61/CFAP52/DRC7/TDRD5/DPY19L2P2/RFX2/CCDC146/OCA2/DRC1/DDX25/SPAG17/PAEP/CFAP47/DEFB1,43
GO:0007517,muscle organ development,60/1923,369/18986,0.16260162601626016,1.6053845405848755,3.9423656992641023,1.535455556307603e-4,0.004053461801169843,0.0033489390380692634,RYR1/EPHB1/ZBTB18/SPEG/SFMBT1/GPCPD1/ITGA7/TCF15/TNNI3/MSX1/NEURL1/CENPF/SOX11/XBP1/BARX2/LEF1/CRYAB/SHH/ANKRD2/ID3/ASS1/SCX/CNTFR/CDON/SMTNL1/BMP4/PROX1/ETV1/CAVIN4/LRP2/RBM24/SGCD/FGF8/ZFPM2/KEL/NOG/WT1/IGF2/MYOM2/FGF3/CACNA1S/CHODL/GJA1/NPHS1/TCF21/XK/MYOZ1/HEY2/JPH2/SHOX2/CASQ1/NEGR1/DES/MYMX/WNT3A/IGF1/SIX1/MKX/GSC/VAX1,60
GO:0033559,unsaturated fatty acid metabolic process,25/1923,114/18986,0.21929824561403508,2.1651567817098645,4.188852581589969,1.5497140423581155e-4,0.0040569803750119884,0.003351846056779762,ELOVL3/ABHD6/ABCD1/DAGLA/ELOVL2/PTGS1/PLA2G4A/ALOX15B/ATP6V1B1/ELOVL7/AKR1B1/CYP2S1/GSTM2/ALOXE3/ELOVL4/CYP2J2/HPGDS/PTGS2/PLA2G10/HPGD/SCD5/CYP4F3/ALOX12B/ALOX15/PTGIS,25
GO:0032941,secretion by tissue,14/1923,47/18986,0.2978723404255319,2.9409278498799525,4.472465983069114,1.5508873718551476e-4,0.0040569803750119884,0.003351846056779762,TRAF3IP2/WNK3/ADA/AGR2/ANO1/ADORA1/SCNN1B/CEL/KCNN4/GJA1/NEGR1/AQP5/ALOX12B/OPRK1,14
GO:0048672,positive regulation of collateral sprouting,6/1923,10/18986,0.6,5.92386895475819,5.228431200183757,1.5690077857463293e-4,0.004067405318455011,0.003360459065062195,BDNF/WNT3/EFNA5/CRABP2/RND2/WNT3A,6
GO:1904338,regulation of dopaminergic neuron differentiation,6/1923,10/18986,0.6,5.92386895475819,5.228431200183757,1.5690077857463293e-4,0.004067405318455011,0.003360459065062195,FGF20/SHH/WNT3A/SFRP2/DKK1/FOXA1,6
GO:0034765,regulation of monoatomic ion transmembrane transport,58/1923,354/18986,0.1638418079096045,1.6176289989452683,3.937919369521122,1.594984328711736e-4,0.00411620395145114,0.0034007761212135534,RANGRF/RGS9/GNB5/WNK3/TMEM38A/PTPN3/KCNIP3/GRIN2C/EPHB2/FGF12/KCNH2/SLC8A1/TESC/EDN3/FXYD6/KCNS1/KCNJ12/KCNRG/GRIN1/KCNE4/TMC1/NTSR1/ADCYAP1R1/KCNE1/LRRC26/GSTM2/GRIN2B/KCNJ4/STAC2/SLC6A9/ADRA2A/KEL/CALCA/P2RY6/PCSK9/STAC/GAL/FXYD4/KCNN4/KCNG1/BDKRB1/JPH3/ACTN2/HPCA/LRRC55/KCNJ16/ASIC2/KCNG3/FGF14/NOS1/JPH2/CEMIP/CASQ1/DPP10/RRAD/HAMP/KCNJ15/OPRK1,58
GO:0035150,regulation of tube size,31/1923,155/18986,0.2,1.974622984919397,4.0900917862607855,1.6584929120994635e-4,0.004260994066576969,0.0035204006033615017,DOCK5/TRPM4/ADRA1B/NPR1/SLC8A1/EDN3/ADRA2B/ADORA1/P2RY1/CPS1/AVPR2/COMP/GUCY1A1/SMTNL1/SCNN1B/SVEP1/CBS/APOE/ADORA2B/ADRA2A/KEL/CALCA/DBH/GRIP2/MMP2/PTGS2/ASIC2/NTS/ADRB2/NOS1/AGTR2,31
GO:0072089,stem cell proliferation,27/1923,128/18986,0.2109375,2.082610179407176,4.125689339322923,1.716799598394198e-4,0.0043554732195284175,0.0035984585545950644,CCNE1/PTCH1/RARG/BRCA2/CEBPA/AXIN2/SOX11/OVOL1/SFN/SHH/ANG/FGF8/PRRX1/WNT3/RUNX2/FGF4/GLI3/HMGA2/FBLN1/GJA1/HOXA3/TP63/TRIM71/SHOX2/SIX2/HMX2/SFRP2,27
GO:1902100,negative regulation of metaphase/anaphase transition of cell cycle,15/1923,53/18986,0.2830188679245283,2.7942778088482028,4.391219544565005,1.724574706398052e-4,0.0043554732195284175,0.0035984585545950644,SPC24/BIRC5/CDCA8/BUB1/CDC20/TTK/TRIP13/NDC80/PLK1/SPC25/SKA1/SPDL1/NUF2/CENPF/HASPIN,15
GO:1905819,negative regulation of chromosome separation,15/1923,53/18986,0.2830188679245283,2.7942778088482028,4.391219544565005,1.724574706398052e-4,0.0043554732195284175,0.0035984585545950644,SPC24/BIRC5/CDCA8/BUB1/CDC20/TTK/TRIP13/NDC80/PLK1/SPC25/SKA1/SPDL1/NUF2/CENPF/HASPIN,15
GO:0001941,postsynaptic membrane organization,13/1923,42/18986,0.30952380952380953,3.055964143327638,4.4778710843199105,1.7255393467462715e-4,0.0043554732195284175,0.0035984585545950644,SHISA6/EPHB2/GLRB/APOE/RAPSN/LRRC4/ZDHHC2/NLGN1/SLC7A11/GDNF/CHRDL1/FRRS1L/LRP4,13
GO:0051983,regulation of chromosome segregation,28/1923,135/18986,0.2074074074074074,2.047757169546041,4.10135702334353,1.7767976599841078e-4,0.004465270975200236,0.003689172617857143,KIF2C/ESPL1/SPC24/UBE2C/BIRC5/CDCA8/BUB1/TACC3/CDC20/NCAPH/TTK/TRIP13/NDC80/PLK1/SPC25/RMI2/SKA1/ANAPC4/DLGAP5/SPDL1/MKI67/NCAPG/NUF2/CENPE/CENPF/HASPIN/SMC4/HORMAD1,28
GO:0030324,lung development,37/1923,198/18986,0.18686868686868688,1.8449760212630728,4.01239750380357,1.7861937931406386e-4,0.004469367512836685,0.0036925571458198006,SPDEF/PGR/CLCN2/SMPD3/ADA/ABCA3/AGR2/DNAAF1/CEBPA/SOX11/CCDC40/SHH/CTSH/TP73/THRB/HHIP/BMP4/PROX1/FGF18/GLI1/FGF8/ZFPM2/HOXA5/NOG/MIR17HG/RBP4/SLC23A1/GLI3/MME/SLC7A11/TCF21/PKDCC/ADAMTSL2/PDGFRA/CCBE1/FOXJ1/FOXA1,37
GO:0042391,regulation of membrane potential,72/1923,466/18986,0.15450643776824036,1.525459816675929,3.855486835831662,1.8222480983761942e-4,0.004539843206127705,0.003750783622859544,RANGRF/CDKN2A/TRPM4/GRIK5/PTPN3/SCN8A/CLDN19/CLCN2/ABCD1/KCNK6/SCN4A/PIP5KL1/GRIN2C/FGF12/GABRE/KCNH2/RIMS3/GABRQ/SLC8A1/UBB/GNA14/ADORA1/KCNS1/RGS7BP/CCN6/GRIN1/KCNE4/WNT7A/NTSR1/SCN2B/CNGB1/GLRB/KCNE1/STX1B/GRIN2B/CHRNA3/KCNK2/NDP/NALCN/HTR3A/HCN1/KCND3/CNR1/SLC4A3/KCNN4/KCNG1/RIMS4/NLGN1/ACTN2/IFI6/TMEM108/GJA1/GABRP/GRIN3B/ASIC2/SCN1A/SLC8A2/KCNG3/GABRG3/SCN2A/ADRB2/LTF/KCNK3/CELF4/NOS1/GABRA3/KCNH6/RIMS2/SLC4A4/TBX18/SHANK1/GRIA2,72
GO:0071772,response to BMP,35/1923,184/18986,0.19021739130434784,1.8780381650048612,4.017792726889343,1.8455441596597593e-4,0.004558414866455758,0.0037661273861229424,SMPD3/TMPRSS6/HFE/HES5/MSX1/SLC39A5/SOX11/LEF1/SMAD9/GREM2/DLX5/COMP/BMP7/BAMBI/SCX/BMP4/BMPR1B/CRB2/FSTL3/LRP2/NOG/MSX2/RUNX2/BMP5/KCP/TNFAIP6/GDF5/GDF7/SFRP4/SFRP2/FST/CHRDL2/TFAP2B/DKK1/CHRDL1,35
GO:0071773,cellular response to BMP stimulus,35/1923,184/18986,0.19021739130434784,1.8780381650048612,4.017792726889343,1.8455441596597593e-4,0.004558414866455758,0.0037661273861229424,SMPD3/TMPRSS6/HFE/HES5/MSX1/SLC39A5/SOX11/LEF1/SMAD9/GREM2/DLX5/COMP/BMP7/BAMBI/SCX/BMP4/BMPR1B/CRB2/FSTL3/LRP2/NOG/MSX2/RUNX2/BMP5/KCP/TNFAIP6/GDF5/GDF7/SFRP4/SFRP2/FST/CHRDL2/TFAP2B/DKK1/CHRDL1,35
GO:0001710,mesodermal cell fate commitment,8/1923,18/18986,0.4444444444444444,4.38805107759866,4.827726723200945,1.879261622893971e-4,0.004602191761597789,0.0038022955209908475,EYA2/BMP4/PAX2/EYA1/SIX2/WNT3A/SFRP2/DKK1,8
GO:0072578,neurotransmitter-gated ion channel clustering,8/1923,18/18986,0.4444444444444444,4.38805107759866,4.827726723200945,1.879261622893971e-4,0.004602191761597789,0.0038022955209908475,SHISA6/GLRB/APOE/ZDHHC2/NLGN1/SLC7A11/CHRDL1/FRRS1L,8
GO:0006022,aminoglycan metabolic process,26/1923,122/18986,0.21311475409836064,2.1041064593403407,4.107156196841673,1.8880181613436812e-4,0.004604044287513934,0.0038038260636884067,GAL3ST3/SMPD3/CEMIP2/HPSE/GALNT5/CSGALNACT1/HS3ST1/B3GNT3/HS3ST3B1/CD44/CHST13/UST/OVGP1/LYG1/HAS3/CHIA/CHST6/B3GNT8/TNFAIP6/ITIH2/HS3ST3A1/DSEL/CHI3L2/CEMIP/HAS2/ITIH5,26
GO:0050803,regulation of synapse structure or activity,53/1923,318/18986,0.16666666666666666,1.6455191540994971,3.8970954659878205,1.940069849786464e-4,0.004659436004677908,0.0038495902753907553,CDC20/LRFN1/GPR158/VLDLR/EPHB2/EPHB1/KIF1A/SLITRK2/NEURL1/ROBO2/LRP8/GPC4/CDK5R1/RAC3/SLITRK6/RTN4R/SNAP25/TANC2/SLC12A5/BDNF/NTN1/KLK8/WNT7A/C1QL1/SHANK2/RPS6KA5/PLPPR4/CAMKV/GRIN2B/APOE/CTNNA2/AMOT/MDGA1/SLIT1/SYNDIG1/NLGN1/LIN7A/ICAM5/SLC7A11/PTPRT/MAP1B/ASIC2/EFNA5/DAB1/NEGR1/EPHA7/WNT3A/LRFN5/SLC17A7/SIX1/PRMT8/DKK1/LRP4,53
GO:0009410,response to xenobiotic stimulus,70/1923,451/18986,0.15521064301552107,1.5324125160128357,3.8415587520575647,1.9410856133647553e-4,0.004659436004677908,0.0038495902753907553,E2F1/MDM2/RAD54L/UCHL1/CDKN1A/TRAF3IP2/SLC6A11/PTCH1/FBP1/SST/ADA/ABCA3/KCNH2/NR1I2/MAP2K6/STAT1/SLC1A1/CENPF/CCNO/CPS1/LRP8/SRD5A2/SLC1A2/ASS1/GRIN1/GSTA3/SLC6A2/TP73/SLC12A5/GSTM4/SMTNL1/RORA/CYP2S1/SCNN1B/ADCYAP1R1/SHANK2/GSTM2/MAOB/FGF8/ITGA2/CYP2W1/CYP2J2/GAL/TH/DPEP1/IGFBP2/MMP2/ACSM1/TLR3/PTGS2/NQO1/FMO2/MAP1B/ASIC2/CES3/SULT1A2/ALDH3A1/PPM1E/GABRG3/KCNK3/NOS1/NKX6-1/CERS1/SCGB1A1/AOX1/AMH/SFRP2/RET/TFAP2B/ADCY1,70
GO:0072075,metanephric mesenchyme development,7/1923,14/18986,0.5,4.936557462298492,4.9464235659576445,1.9512147300215042e-4,0.004659436004677908,0.0038495902753907553,STAT1/SHH/BMP7/PAX2/WT1/TCF21/SIX1,7
GO:0072283,metanephric renal vesicle morphogenesis,7/1923,14/18986,0.5,4.936557462298492,4.9464235659576445,1.9512147300215042e-4,0.004659436004677908,0.0038495902753907553,STAT1/FMN1/PAX2/KIF26B/GDNF/LHX1/SIX2,7
GO:2001053,regulation of mesenchymal cell apoptotic process,7/1923,14/18986,0.5,4.936557462298492,4.9464235659576445,1.9512147300215042e-4,0.004659436004677908,0.0038495902753907553,MSX1/SHH/BMP7/PAX2/MSX2/GDF5/HNF1B,7
GO:0007613,memory,27/1923,129/18986,0.20930232558139536,2.0664659144505317,4.080118546069684,1.9651492775184248e-4,0.004673319872776254,0.0038610610206832215,FOXO6/VLDLR/RASGRF1/SLC1A1/PLCB1/SLC2A4/SNAP25/KLK8/ABCA7/APOE/BRINP1/KCNK2/NTF4/DBH/CNR1/TH/PTGS2/CX3CR1/JPH3/PAK5/LRRC66/SLC8A2/CSMD1/SCN2A/LMX1A/ADCY1/SHANK1,27
GO:0008344,adult locomotory behavior,20/1923,84/18986,0.23809523809523808,2.3507416487135675,4.165098746692882,2.1574658905658298e-4,0.005068710820858481,0.004187729988169145,UCHL1/EPS8/FGF12/FOXA2/SNCG/DMBX1/DMRT3/SLITRK6/NTSR1/GLRB/SPTBN4/SHANK2/CEND1/NTF4/GDNF/SCN1A/CNTN2/TMOD1/DAB1/TRH,20
GO:0050771,negative regulation of axonogenesis,15/1923,54/18986,0.2777777777777778,2.742531923499162,4.304736995151903,2.1666426792896372e-4,0.005068710820858481,0.004187729988169145,EPHB2/TRIM46/SEMA6C/MAG/ARHGAP4/RTN4R/NTN1/MT3/SLIT1/WNT3/DAB1/EPHA7/WNT3A/SEMA3A/LRP4,15
GO:0050873,brown fat cell differentiation,15/1923,54/18986,0.2777777777777778,2.742531923499162,4.304736995151903,2.1666426792896372e-4,0.005068710820858481,0.004187729988169145,ZNF516/CEBPB/CEBPA/PPARGC1A/MB/SLC2A4/METRNL/BMP7/FABP3/FNDC5/FABP4/PTGS2/LRG1/ADRB2/SIX1,15
GO:0051985,negative regulation of chromosome segregation,15/1923,54/18986,0.2777777777777778,2.742531923499162,4.304736995151903,2.1666426792896372e-4,0.005068710820858481,0.004187729988169145,SPC24/BIRC5/CDCA8/BUB1/CDC20/TTK/TRIP13/NDC80/PLK1/SPC25/SKA1/SPDL1/NUF2/CENPF/HASPIN,15
GO:0050807,regulation of synapse organization,52/1923,312/18986,0.16666666666666666,1.6455191540994971,3.859535150474538,2.217988403956464e-4,0.005167823184117186,0.0042696158622081174,CDC20/LRFN1/GPR158/VLDLR/EPHB2/EPHB1/KIF1A/SLITRK2/NEURL1/ROBO2/LRP8/GPC4/CDK5R1/RAC3/SLITRK6/RTN4R/SNAP25/TANC2/SLC12A5/BDNF/NTN1/KLK8/WNT7A/C1QL1/SHANK2/RPS6KA5/PLPPR4/CAMKV/GRIN2B/APOE/CTNNA2/AMOT/MDGA1/SLIT1/SYNDIG1/NLGN1/LIN7A/ICAM5/SLC7A11/PTPRT/MAP1B/ASIC2/EFNA5/DAB1/NEGR1/EPHA7/WNT3A/LRFN5/SIX1/PRMT8/DKK1/LRP4,52
GO:0008361,regulation of cell size,34/1923,179/18986,0.18994413407821228,1.8753402650072484,3.9501256178334536,2.3286848964317597e-4,0.005403863539905153,0.004464630593031519,L1CAM/WNK3/IQGAP3/RARG/TRIM46/SEMA6C/MAG/ARHGAP4/RTN4R/GPRC5B/SLC12A5/BDNF/NTN1/MT3/APOE/KEL/AMOT/SLIT1/WNT3/KCNN4/GNB3/MAP1B/EFNA5/XK/CRABP2/SLC12A3/RND2/NKX6-1/EPHA7/WNT3A/ISLR2/RET/SEMA3A/PLXNA4,34
GO:0031290,retinal ganglion cell axon guidance,9/1923,23/18986,0.391304347826087,3.8633927965814285,4.612735698522938,2.400859335411622e-4,0.0055489740864634075,0.00458451981317028,EPHB2/EPHB1/ROBO2/ALCAM/BMPR1B/NDP/SLIT1/EFNA5/EPHA7,9
GO:1905475,regulation of protein localization to membrane,36/1923,194/18986,0.18556701030927836,1.8321244189973784,3.9108384582123663,2.4991199679674385e-4,0.005744955605333348,0.0047464382403019315,KIF2C/RANGRF/WNK3/MRAP2/SHISA6/EPHB2/PRKCI/CACNA2D2/AGR2/PIK3R1/SLC1A1/ERBB2/DAB2/SFN/GPC4/CDK5R1/KCNE1/STAC2/STAC/ZDHHC2/AR/NECAB2/HPCA/SLC7A11/TMEM108/GPC2/TNFAIP6/PKDCC/EPHA3/CEMIP/DPP10/WNT3A/MTCL1/LRRC15/FRRS1L/LRP4,36
GO:0034762,regulation of transmembrane transport,74/1923,487/18986,0.15195071868583163,1.500226908460322,3.754262640460894,2.506301201671942e-4,0.005744955605333348,0.0047464382403019315,RANGRF/RGS9/GNB5/WNK3/TMEM38A/PTPN3/KCNIP3/SLC38A1/GRIN2C/EPHB2/FGF12/PRKCI/TRIB3/ACSL5/KCNH2/SLC8A1/TESC/C1QTNF12/EDN3/FXYD6/PIK3R1/KCNS1/IRS2/KCNJ12/KCNRG/SLC1A2/CACNG8/GRIN1/KCNE4/TMC1/NTSR1/ADCYAP1R1/KCNE1/LRRC26/GSTM2/SLC43A1/GRIN2B/ERFE/KCNJ4/STAC2/SLC6A9/FGF19/ADRA2A/KEL/CALCA/P2RY6/PCSK9/STAC/GAL/CACNG4/FXYD4/KCNN4/KCNG1/BDKRB1/NLGN1/JPH3/ACTN2/HPCA/LRRC55/KCNJ16/ASIC2/KCNG3/FGF14/NOS1/JPH2/CEMIP/CASQ1/DPP10/RRAD/HAMP/IGF1/KCNJ15/SHANK1/OPRK1,74
GO:0051960,regulation of nervous system development,71/1923,463/18986,0.15334773218142547,1.5140197832535331,3.7590829895464792,2.5249729467289683e-4,0.005744955605333348,0.0047464382403019315,L1CAM/PLAG1/CLCN2/DLL3/EPHB2/PRKCI/EPHB1/RARG/TRIM46/HES5/WDR62/SLITRK2/ASPM/NEURL1/TTBK1/SEMA6C/NCMAP/SOX11/ROBO2/LEF1/MAG/LRP8/ARHGAP4/SHH/BMP7/SLITRK6/RTN4R/TP73/BDNF/NTN1/CDON/WNT7A/MYB/PROX1/MT3/IL33/BRINP1/GFAP/LRP2/NOG/HES6/SLIT1/WNT3/SYNDIG1/ZNF488/NLGN1/CX3CR1/GLI3/CHODL/MME/MAP1B/ASIC2/EFNA5/HEY1/CRABP2/RASSF10/HEY2/RND2/SHOX2/NKX6-1/DAB1/EPHA7/WNT3A/ISLR2/FOXG1/HES2/SEMA3A/PLXNA4/DKK1/VAX1/LRP4,71
GO:0048546,digestive tract morphogenesis,14/1923,49/18986,0.2857142857142857,2.820889978456281,4.284433472428263,2.525584306080516e-4,0.005744955605333348,0.0047464382403019315,IHH/AGR2/SOX11/SHH/DACT1/GLI1/GLI3/TP63/TCF21/PDGFRA/SHOX2/SIX2/SFRP2/HNF1B,14
GO:0060512,prostate gland morphogenesis,10/1923,28/18986,0.35714285714285715,3.5261124730703517,4.490582576155583,2.622365161179029e-4,0.005941618701805242,0.0049089197816185965,ESR1/RARG/SHH/BMP7/BMP4/NOG/MMP2/AR/TP63/FOXA1,10
GO:0030323,respiratory tube development,37/1923,202/18986,0.18316831683168316,1.8084418426242,3.877909554228455,2.7013276890975224e-4,0.006072938688987352,0.0050174153474152215,SPDEF/PGR/CLCN2/SMPD3/ADA/ABCA3/AGR2/DNAAF1/CEBPA/SOX11/CCDC40/SHH/CTSH/TP73/THRB/HHIP/BMP4/PROX1/FGF18/GLI1/FGF8/ZFPM2/HOXA5/NOG/MIR17HG/RBP4/SLC23A1/GLI3/MME/SLC7A11/TCF21/PKDCC/ADAMTSL2/PDGFRA/CCBE1/FOXJ1/FOXA1,37
GO:0032535,regulation of cellular component size,58/1923,361/18986,0.16066481994459833,1.5862622316527009,3.7754143704865024,2.7014288520951557e-4,0.006072938688987352,0.0050174153474152215,L1CAM/WNK3/PEX11G/KIRREL1/ARHGAP18/IQGAP3/EPS8/MEGF9/RARG/TRIM46/CAPG/SH3BP1/SEMA6C/TENM1/ADD2/MAG/ARHGAP4/FMN1/RTN4R/GPRC5B/ARHGAP40/SLC12A5/BDNF/NTN1/WNT7A/SPTBN4/SPTB/MT3/APOE/CSF3/KEL/AMOT/SLIT1/ARHGAP28/WNT3/KCNN4/CCL24/ACTN2/GNB3/MAP1B/NPHS1/EFNA5/XK/CNTN2/CRABP2/SLC12A3/RND2/NKX6-1/TMOD1/EPHA7/TMSB15A/WNT3A/ISLR2/RET/ALOX15/SEMA3A/PLXNA4/CCL21,58
GO:0060348,bone development,39/1923,217/18986,0.17972350230414746,1.7744307928999188,3.8517594813813525,2.806269446568068e-4,0.006283116676793262,0.005191062788252808,RYR1/TTC9/SMPD3/RARG/MAP2K6/IHH/MSX1/CSGALNACT1/AXIN2/FGFR3/TSKU/SRD5A2/PHOSPHO1/ECM1/DLX5/COMP/SCX/BMP4/FGF18/BMPR1B/GPR68/CBS/FGF8/LRRC17/SP5/SNX10/MSX2/RUNX2/FGF4/GLI3/GJA1/EPYC/LTF/SHOX2/SFRP4/HAS2/IGF1/OGN/NOTUM,39
GO:0007548,sex differentiation,49/1923,292/18986,0.1678082191780822,1.656789833237165,3.796942108251507,2.816757780386901e-4,0.006283116676793262,0.005191062788252808,PGR/CENPI/ESR1/DHCR24/CEBPB/PTX3/UBB/BRCA2/DMRT1/ASPM/INSL3/ROBO2/SRD5A2/SHH/DMRT3/SCX/CNTFR/WNT7A/ANG/ADCYAP1R1/KCNE1/BMPR1B/CDKL2/ADAM32/LRP2/FGF8/ZFPM2/WT1/RBP4/MMP2/TLR3/GAS2/BMP5/AR/PCYT1B/GJA1/TP63/GFRA1/TCF21/SYCP2/TNFAIP6/LHX1/PDGFRA/CSMD1/AMH/SFRP2/FST/HOXA9/HNF1B,49
GO:2000243,positive regulation of reproductive process,21/1923,92/18986,0.22826086956521738,2.253645798005833,4.046448849939152,2.837929314621642e-4,0.00630590085160137,0.0052098868986571656,AURKA/CDC25B/CDC25C/CDC25A/RAD51AP1/CFAP69/DMRT1/MSX1/P2RY1/MEIOC/PLCB1/OVOL1/SHH/NPM2/ZFPM2/WT1/MSX2/PLA2G10/AR/OOEP/DEFB1,21
GO:0003352,regulation of cilium movement,13/1923,44/18986,0.29545454545454547,2.9170566822672908,4.273814060998286,2.89509790268572e-4,0.006408187857675507,0.005294395638231336,CFAP69/EPPIN/DNAAF1/GAS2L2/DNAH11/CFAP43/CCDC40/CCDC65/RSPH4A/CFAP45/DRC1/TTLL6/DEFB1,13
GO:0099111,microtubule-based transport,40/1923,225/18986,0.17777777777777778,1.755220431039464,3.825641282342139,2.981221639477088e-4,0.0065735366035213185,0.005431005503334546,UCHL1/KLC3/SPA17/DNAH9/KIF4A/AP3B2/CDR2L/JHY/KIF27/LCA5L/TRIM46/UBB/KIF13B/DNAAF1/NME5/KIF1A/NEK10/CFAP53/DNAH11/CFAP43/CCDC40/DNAAF4/TTC21A/KIF5A/DYNC1I1/RSPH4A/ROPN1L/SPEF2/CWH43/CFAP221/CFAP45/DNAI1/TUB/TMEM108/GJA1/MAP1B/RAB27B/MGARP/SPAG17/DNAH5,40
GO:0051588,regulation of neurotransmitter transport,22/1923,99/18986,0.2222222222222222,2.19402553879933,3.99868294681234,3.082166687494837e-4,0.006744436991077105,0.005572202092221004,SYNGR3/GPR158/OTOF/SNCG/CSPG5/RIMS3/P2RY1/SYN1/WNT7A/STX1B/CHRNA3/GFAP/BAIAP3/MICU3/KMO/FER1L5/RIMS4/NLGN1/GDNF/NOS1/RIMS2/PRKCG,22
GO:0061387,regulation of extent of cell growth,22/1923,99/18986,0.2222222222222222,2.19402553879933,3.99868294681234,3.082166687494837e-4,0.006744436991077105,0.005572202092221004,L1CAM/TRIM46/SEMA6C/MAG/ARHGAP4/RTN4R/BDNF/NTN1/MT3/APOE/SLIT1/WNT3/MAP1B/EFNA5/CRABP2/RND2/NKX6-1/EPHA7/WNT3A/ISLR2/SEMA3A/PLXNA4,22
GO:0098813,nuclear chromosome segregation,53/1923,324/18986,0.16358024691358025,1.6150465771717288,3.7485962462113354,3.1134261710741886e-4,0.006787033187322711,0.00560739474272014,KIF2C/TPX2/AURKA/ESPL1/SPC24/UBE2C/CCNE1/BIRC5/CDCA8/RANGRF/CDCA5/BUB1/TACC3/CDC20/NCAPH/TTK/MYBL2/KIFC1/TRIP13/NDC80/FAM83D/PSRC1/SPAG5/KIF18B/PLK1/RNF212/CENPI/SPC25/KIF4A/KIF23/RMI2/SKA1/CCNB2/ANAPC4/MAJIN/PTTG1/DLGAP5/SGO1/SPDL1/NCAPG/NUF2/ASPM/CENPE/CENPF/MEIOC/HASPIN/FMN2/SMC4/SHOC1/SYCP2L/SYCP2/SYCE1L/HORMAD1,53
GO:0002924,negative regulation of humoral immune response mediated by circulating immunoglobulin,6/1923,11/18986,0.5454545454545454,5.385335413416537,4.8839984096154385,3.1553536190692016e-4,0.006801146096533054,0.005619054720021914,C4BPA/C4BPB/SVEP1/CR2/SUSD4/FOXJ1,6
GO:0033085,negative regulation of T cell differentiation in thymus,6/1923,11/18986,0.5454545454545454,5.385335413416537,4.8839984096154385,3.1553536190692016e-4,0.006801146096533054,0.005619054720021914,CDKN2A/IHH/ERBB2/SHH/BMP4/FOXJ1,6
GO:0060601,lateral sprouting from an epithelium,6/1923,11/18986,0.5454545454545454,5.385335413416537,4.8839984096154385,3.1553536190692016e-4,0.006801146096533054,0.005619054720021914,SHH/BMP7/BMP4/NOG/AR/TP63,6
GO:0060323,head morphogenesis,12/1923,39/18986,0.3076923076923077,3.0378815152606107,4.276694749537515,3.243846952572976e-4,0.0069657982134542825,0.0057550890356528415,IHH/MSX1/PAX9/LEF1/DLX5/SCX/NOG/WNT3/MMP2/CRISPLD1/PDGFRA/DKK1,12
GO:0051963,regulation of synapse assembly,32/1923,168/18986,0.19047619047619047,1.8805933189708541,3.848668828526465,3.324009371492832e-4,0.007111402949048791,0.005875386550981461,LRFN1/VLDLR/EPHB2/EPHB1/SLITRK2/NEURL1/ROBO2/GPC4/RAC3/SLITRK6/RTN4R/SNAP25/SLC12A5/BDNF/NTN1/WNT7A/MDGA1/SLIT1/SYNDIG1/NLGN1/LIN7A/ICAM5/MAP1B/ASIC2/EFNA5/NEGR1/EPHA7/WNT3A/LRFN5/SIX1/DKK1/LRP4,32
GO:0007498,mesoderm development,28/1923,140/18986,0.2,1.974622984919397,3.885602064561869,3.353068729182038e-4,0.007147003902386159,0.0059047997854640415,DLL3/TCF15/LEF1/OVOL1/SHH/BMP7/EYA2/SCX/BMP4/CRB2/PAX2/FGF8/ZFPM2/NOG/ITGA2/BMX/WNT3/HMGA2/GJA1/TP63/EYA1/RPS6KA6/LHX1/SIX2/WNT3A/AMH/SFRP2/DKK1,28
GO:0006940,regulation of smooth muscle contraction,16/1923,62/18986,0.25806451612903225,2.547900625702447,4.098261803020356,3.413085348364251e-4,0.007248083461194194,0.0059883109413716535,DOCK5/ADA/NMU/EDN3/TNNI3/ADRA2B/GUCY1A1/CHRNA3/ADORA2B/ADRA2A/CHRM2/CALCA/ITGA2/PTGS2/ADRB2/NMUR2,16
GO:0030277,maintenance of gastrointestinal epithelium,9/1923,24/18986,0.375,3.702418096723869,4.4471659689480685,3.497882125596136e-4,0.007373740524837275,0.006092127843191728,TFF3/PBLD/TLR4/MUC13/SERPINA3/INAVA/RBP4/TFF1/MUC6,9
GO:0030539,male genitalia development,9/1923,24/18986,0.375,3.702418096723869,4.4471659689480685,3.497882125596136e-4,0.007373740524837275,0.006092127843191728,DHCR24/SRD5A2/SHH/FGF8/WT1/BMP5/AR/SYCP2/PDGFRA,9
GO:0030517,negative regulation of axon extension,11/1923,34/18986,0.3235294117647059,3.194243063840201,4.298965069312359,3.519559352194054e-4,0.007392359150319992,0.006107510408705548,TRIM46/SEMA6C/MAG/ARHGAP4/RTN4R/NTN1/MT3/SLIT1/WNT3/WNT3A/SEMA3A,11
GO:0046942,carboxylic acid transport,57/1923,357/18986,0.15966386554621848,1.576379693843216,3.690755334686387,3.5705870276631546e-4,0.00746385002565723,0.006166575621362423,SLC6A12/SLC6A13/SLC6A11/ABCD1/PLA2G2C/SLC38A1/SLC47A1/SLC43A3/ACSL5/MAP2K6/CEACAM1/SLC1A1/ADORA1/IRS2/SLCO3A1/PLA2G4A/SLC6A14/SLC1A2/CRABP1/FABP3/NTSR1/SLC26A2/FABP4/SLCO2A1/SLC43A1/SLC27A2/APOE/ERFE/GFAP/LRP2/ANXA1/KCNK2/SLC6A9/SLC38A3/SLC16A12/KMO/SLC16A10/PTGS2/PLA2G10/SLC23A1/SLCO4A1/SLC7A11/SLC26A4/SLC3A1/GJA1/SLC27A6/SLC6A17/CRABP2/PLA2G2A/TRH/SLC17A7/NMUR2/FOLR1/SLC7A2/SLC6A20/CLDN2/SLC5A12,57
GO:0021675,nerve development,22/1923,100/18986,0.22,2.1720852834113367,3.945085935153529,3.5795353728608085e-4,0.00746385002565723,0.006166575621362423,SCN8A/LPAR1/EPHB2/EPHB1/SLITRK6/BDNF/CNGB1/PAX2/NDP/NTF4/NPTX1/HOXA1/GLI3/HOXA3/B4GALNT1/SCN1A/SCN2A/RET/SIX1/SEMA3A/PLXNA4/PRKCG,22
GO:0042634,regulation of hair cycle,10/1923,29/18986,0.3448275862068966,3.404522387792064,4.350210440763049,3.6416972269007186e-4,0.0075519110437246555,0.00623933095880091,HPSE/TSKU/TRPV3/FA2H/MSX2/FOXN1/EPS8L3/GAL/DKK4/FST,10
GO:0050806,positive regulation of synaptic transmission,33/1923,176/18986,0.1875,1.8512090483619346,3.8086004565211575,3.6480126327636045e-4,0.0075519110437246555,0.00623933095880091,GPR158/GRIN2C/EPHB2/NMU/SLC1A1/FAM107A/ADORA1/CACNG8/GRIN1/SNAP25/STX1B/SHANK2/GRIN2B/APOE/SYT12/GFAP/BAIAP3/MICU3/RAPSN/NALCN/NOG/KMO/CACNG4/ZDHHC2/NLGN1/PTGS2/CX3CR1/CALB2/MME/SLC8A2/KISS1/ADCY1/PRKCG,33
GO:0010463,mesenchymal cell proliferation,13/1923,45/18986,0.28888888888888886,2.8522332004391284,4.176069490474301,3.6976341676731554e-4,0.007627198793892118,0.006301533120309241,IHH/STAT1/MSX1/IRS2/SHH/BMP7/BMP4/PRRX1/FGF4/DCHS2/SHOX2/SIX2/SIX1,13
GO:0006936,muscle contraction,57/1923,358/18986,0.15921787709497207,1.5719763986090172,3.667784028987268,3.837283128403884e-4,0.007858919716713294,0.0064929791687583244,TNNT1/RANGRF/RYR1/DOCK5/TRPM4/TMEM38A/SCN8A/ADRA1B/SCN4A/ADA/FGF12/NMU/KCNH2/MAP2K6/SLC8A1/EDN3/TNNI3/ADRA2B/ADORA1/KCNJ12/DTNA/CRYAB/ANKRD2/COMP/KCNE4/GUCY1A1/SCN2B/SCNN1B/KCNE1/GSTM2/CHRNA3/ADORA2B/STAC2/SGCD/ADRA2A/CCDC78/CHRM2/CALCA/ITGA2/KCND3/MYOM2/STAC/GRIP2/PTGS2/CACNA1S/GJA1/GDNF/SCN1A/TNNT3/SCN2A/ADRB2/NOS1/TMOD1/CASQ1/DES/NMUR2/CHGA,57
GO:0015849,organic acid transport,57/1923,358/18986,0.15921787709497207,1.5719763986090172,3.667784028987268,3.837283128403884e-4,0.007858919716713294,0.0064929791687583244,SLC6A12/SLC6A13/SLC6A11/ABCD1/PLA2G2C/SLC38A1/SLC47A1/SLC43A3/ACSL5/MAP2K6/CEACAM1/SLC1A1/ADORA1/IRS2/SLCO3A1/PLA2G4A/SLC6A14/SLC1A2/CRABP1/FABP3/NTSR1/SLC26A2/FABP4/SLCO2A1/SLC43A1/SLC27A2/APOE/ERFE/GFAP/LRP2/ANXA1/KCNK2/SLC6A9/SLC38A3/SLC16A12/KMO/SLC16A10/PTGS2/PLA2G10/SLC23A1/SLCO4A1/SLC7A11/SLC26A4/SLC3A1/GJA1/SLC27A6/SLC6A17/CRABP2/PLA2G2A/TRH/SLC17A7/NMUR2/FOLR1/SLC7A2/SLC6A20/CLDN2/SLC5A12,57
GO:0006636,unsaturated fatty acid biosynthetic process,14/1923,51/18986,0.27450980392156865,2.710266842046231,4.105665437378057,3.9847878670153835e-4,0.008132075948465793,0.006718658751514927,ELOVL3/ABCD1/ELOVL2/PTGS1/PLA2G4A/ALOX15B/ELOVL7/ELOVL4/HPGDS/PTGS2/PLA2G10/SCD5/ALOX15/PTGIS,14
GO:0010232,vascular transport,20/1923,88/18986,0.22727272727272727,2.2438897555902235,3.9262916127482037,4.166039350471875e-4,0.00844209734576255,0.006974796051179192,SLC6A13/SLC38A1/SLC29A2/SLC5A1/SLC15A2/SLC1A1/SLCO3A1/SLC2A4/SLC1A2/APOE/LRP2/SLC6A9/SLC38A3/SLC16A12/SLC4A3/SLC8A2/SLC6A17/SLC7A2/SLC4A4/SLC6A20,20
GO:0150104,transport across blood-brain barrier,20/1923,88/18986,0.22727272727272727,2.2438897555902235,3.9262916127482037,4.166039350471875e-4,0.00844209734576255,0.006974796051179192,SLC6A13/SLC38A1/SLC29A2/SLC5A1/SLC15A2/SLC1A1/SLCO3A1/SLC2A4/SLC1A2/APOE/LRP2/SLC6A9/SLC38A3/SLC16A12/SLC4A3/SLC8A2/SLC6A17/SLC7A2/SLC4A4/SLC6A20,20
GO:0072337,modified amino acid transport,12/1923,40/18986,0.3,2.961934477379095,4.1698744187819035,4.211110281797383e-4,0.008475087218270599,0.007002052030715313,SLC6A12/SLC6A13/SLC6A14/SLC22A16/LRP2/SLC22A4/SLC16A12/SLC7A11/SLC3A1/GJA1/FOLR1/SLC6A20,12
GO:0048762,mesenchymal cell differentiation,46/1923,274/18986,0.1678832116788321,1.6575302428155518,3.680426569600135,4.211772275283043e-4,0.008475087218270599,0.007002052030715313,FAM83D/EFNB1/FOXA2/VASN/EDN3/STAT1/MSX1/SEMA6C/AXIN2/LEF1/DAB2/SHH/BMP7/BAMBI/BMP4/WNT10A/CRB2/PAX2/FGF8/NOG/MSX2/S100A4/SEMA3D/BMP5/ZNF750/HMGA2/GDNF/TCF21/HEY1/SEMA3E/EPHA3/LRG1/HEY2/ERBB4/SIX2/HAS2/IGF1/SFRP2/HPN/RET/SIX1/FOLR1/SEMA3A/GSC/SERPINB3/FOXA1,46
GO:0042472,inner ear morphogenesis,23/1923,108/18986,0.21296296296296297,2.102607808016024,3.8576444557993366,4.3656340709686436e-4,0.008754085044747228,0.00723255789421066,EPHB2/ALDH1A3/TMIE/DLX5/ATP6V1B1/SLITRK6/NTN1/PROX1/PAX2/FGF8/USH1G/KCNQ4/PRRX1/HOXA1/DLX6/OTX1/EYA1/HMX2/WNT3A/HPN/FOXG1/SIX1/TBX18,23
GO:0051447,negative regulation of meiotic cell cycle,8/1923,20/18986,0.4,3.949245969838794,4.430016734786086,4.4949208867200335e-4,0.008959094360345728,0.007401935017729508,TTK/TRIP13/PKMYT1/DMRT1/OVOL1/SYCP2L/SYCP2/HORMAD1,8
GO:0051346,negative regulation of hydrolase activity,43/1923,252/18986,0.17063492063492064,1.6846981815780568,3.6732580106640054,4.4990065510684885e-4,0.008959094360345728,0.007401935017729508,BIRC5/LAMP3/NEIL1/SERPINA4/SERPINA6/PTX3/SERPINA11/SERPIND1/EPPIN/BIRC7/SERPINA1/PCSK1N/ECM1/PZP/COL28A1/CD44/SPINK4/SERPINA3/CRB2/PPP1R36/CST2/PAX2/WFDC8/WFDC1/CPAMD8/CST1/DPEP1/PTGS2/IFI6/SPINK5/SERPINA5/SPINK6/ITIH2/CST4/SPOCK3/LTF/RARRES1/ANXA8/SPOCK1/ITIH5/A2ML1/SERPINI2/SERPINB3,43
GO:0046660,female sex differentiation,25/1923,122/18986,0.20491803278688525,2.0231792878272508,3.806115902075677,4.662276242115292e-4,0.00922701194350659,0.0076232864692156515,PGR/ESR1/CEBPB/PTX3/UBB/BRCA2/ROBO2/SRD5A2/ANG/ADCYAP1R1/BMPR1B/LRP2/ZFPM2/WT1/RBP4/MMP2/GAS2/PCYT1B/TP63/TNFAIP6/LHX1/PDGFRA/CSMD1/AMH/FST,25
GO:0048333,mesodermal cell differentiation,11/1923,35/18986,0.3142857142857143,3.102978976301909,4.180422098714714,4.6671108943637516e-4,0.00922701194350659,0.0076232864692156515,EYA2/BMP4/PAX2/ITGA2/HMGA2/GJA1/EYA1/SIX2/WNT3A/SFRP2/DKK1,11
GO:0001504,neurotransmitter uptake,13/1923,46/18986,0.2826086956521739,2.7902281308643646,4.080980815087572,4.6816463727261936e-4,0.00922701194350659,0.0076232864692156515,SLC6A12/SLC6A13/SYNGR3/SLC6A11/SLC38A1/SLC29A2/SLC1A2/SNAP25/SLC6A2/GFAP/GDNF/SLC18A2/NOS1,13
GO:0048640,negative regulation of developmental growth,22/1923,102/18986,0.21568627450980393,2.129495375893467,3.8397663183406983,4.7886265992465164e-4,0.00938115404467682,0.0077506374904760525,CDKN1A/PTCH1/TRIM46/SEMA6C/FGFR3/MAG/ARHGAP4/RTN4R/TP73/NTN1/MT3/KCNK2/NOG/SLIT1/MIR17HG/WNT3/RBP4/MYOZ1/ADRB2/EPHA7/WNT3A/SEMA3A,22
GO:0030879,mammary gland development,27/1923,136/18986,0.19852941176470587,1.9601036982655777,3.772238706107073,4.792457496324909e-4,0.00938115404467682,0.0077506374904760525,PGR/PTCH1/IQGAP3/ESR1/CEBPB/BRCA2/ATP2C2/MSX1/NEURL1/IRS2/XBP1/LEF1/NTN1/BMP4/FOXB1/HOXA5/ITGA2/MSX2/WNT3/AR/TPH1/GLI3/GJA1/CSMD1/ERBB4/WNT3A/HOXA9,27
GO:0051047,positive regulation of secretion,52/1923,322/18986,0.16149068322981366,1.5944160747796372,3.6114646310908993,4.82074185107829e-4,0.009404531984052732,0.0077699521646103975,TRPM4/GPR158/SMPD3/CADPS2/NPR1/GCK/HFE/MAP2K6/C1QTNF12/EDN3/UNC13D/ANO1/ADORA1/IRS2/P2RY1/SOX11/PLA2G4A/XBP1/TLR4/PLCB1/OR51E2/DAB2/RASL10B/ACHE/SNAP25/ANG/MYB/NTSR1/STX1B/GPR68/ADORA2B/BAIAP3/MICU3/RBP4/GAL/KMO/KCNN4/NLGN1/PLA2G10/TRPM5/GDNF/RAB27B/VSNL1/KISS1/GIPR/NKX6-1/NEGR1/TRH/IGF1/ALOX12B/OPRK1/DOC2A,52
GO:0035418,protein localization to synapse,20/1923,89/18986,0.2247191011235955,2.2186775111453896,3.8686070258690184,4.870081353680418e-4,0.009468688577848246,0.00782295785013316,KIF2C/GRIN2C/CACNA2D2/ERBB2/BSN/GPC4/KIF5A/WNT7A/STX1B/RAPSN/GRIP2/ZDHHC2/NPTX1/NLGN1/TMEM108/NPHS1/ASIC2/RAB27B/ERBB4/SHANK1,20
GO:0010171,body morphogenesis,14/1923,52/18986,0.2692307692307692,2.6581463258530342,4.019486606155654,4.950774774590413e-4,0.009593167955477383,0.007925801756804855,IHH/MSX1/PAX9/LEF1/GREM2/DLX5/SCX/CDON/NOG/WNT3/MMP2/CRISPLD1/PDGFRA/DKK1,14
GO:0050673,epithelial cell proliferation,72/1923,482/18986,0.14937759336099585,1.4748221464128275,3.544777036371743,4.981440526075177e-4,0.009620198062940484,0.00794813382418989,CDKN1A/PGR/PTCH1/IQGAP3/ESR1/CEBPB/RASGRF1/EPPK1/IHH/CEACAM1/HES5/STAT1/BRCA2/FGL1/FUT1/IRS2/IGFBP4/B4GALT1/SOX11/XBP1/MCC/ERBB2/OR51E2/OVOL1/DAB2/SFN/SHH/ECM1/DLX5/APOA1/COL8A2/GPBAR1/KLK8/WNT7A/BMP4/ANG/PROX1/COL4A3/APOE/PAX2/GLI1/TGM1/FA2H/HOXA5/NOG/FUT2/CALCA/IGF2/RUNX2/DBH/CCL24/BMP5/AR/DLX6/CLDN1/SDR16C5/TP63/EYA1/LRG1/GDF5/FZD7/NKX6-1/HMX2/HAS2/WNT3A/IGF1/SFRP2/FST/HPN/KRT4/SIX1/HNF1B,72
GO:0010951,negative regulation of endopeptidase activity,23/1923,109/18986,0.21100917431192662,2.083317828125969,3.807762906970967,5.011910679639405e-4,0.009646670890075175,0.00797000547084358,BIRC5/LAMP3/SERPINA4/SERPINA6/SERPINA11/SERPIND1/SERPINA1/PCSK1N/CD44/SERPINA3/CRB2/PAX2/DPEP1/PTGS2/IFI6/SPINK5/SERPINA5/SPOCK3/LTF/ANXA8/SPOCK1/SERPINI2/SERPINB3,23
GO:0033047,regulation of mitotic sister chromatid segregation,15/1923,58/18986,0.25862068965517243,2.553391790844048,3.9774972342460857,5.05184922195126e-4,0.009691130757443168,0.008006737872124154,SPC24/BIRC5/CDCA8/BUB1/CDC20/TTK/TRIP13/NDC80/PLK1/SPC25/SKA1/SPDL1/NUF2/CENPF/HASPIN,15
GO:0002062,chondrocyte differentiation,24/1923,116/18986,0.20689655172413793,2.042713432675238,3.781597135657792,5.180531300260922e-4,0.009899979576967683,0.008179287164326312,SMPD3/RARG/IHH/MBOAT2/AXIN2/FGFR3/TSKU/ECM1/COMP/SCX/WNT7A/BMP4/FGF18/SLC26A2/BMPR1B/MSX2/RUNX2/GLI3/HMGA2/PKDCC/GDF5/SHOX2/SIX2/SFRP2,24
GO:0015837,amine transport,21/1923,96/18986,0.21875,2.1597438897555903,3.824273799440738,5.227771366787298e-4,0.009899979576967683,0.008179287164326312,SLC44A2/SLC38A1/SNCG/FGF20/ADRA2B/ADORA1/P2RY1/NTSR1/SLC22A16/SLC43A1/CHRNA3/ADRA2A/SLC38A3/KMO/CNR1/TH/GDNF/SLC18A2/TRH/OPRK1/CHGA,21
GO:0045666,positive regulation of neuron differentiation,21/1923,96/18986,0.21875,2.1597438897555903,3.824273799440738,5.227771366787298e-4,0.009899979576967683,0.008179287164326312,GDPD5/FGF20/ADRA2B/SOX11/BMP7/BEND6/GPRC5B/CDON/BMP4/PROX1/BRINP1/BRINP2/MAP1B/GDF5/DUOXA1/GDF7/NKX6-1/DAB1/FOXG1/DKK1/FOXA1,21
GO:0007416,synapse assembly,45/1923,269/18986,0.16728624535315986,1.6516363256760753,3.613520754756036,5.229528742655388e-4,0.009899979576967683,0.008179287164326312,LRFN1/VLDLR/EPHB2/EPHB1/GABRE/SLITRK2/NEURL1/ADD2/ROBO2/BSN/GPC4/RAC3/SLITRK6/RTN4R/ACHE/SNAP25/SLC12A5/BDNF/NTN1/WNT7A/SHANK2/MDGA1/SLIT1/SYNDIG1/LRRC4/ZDHHC2/NPTX1/NLGN1/LGI2/LIN7A/ICAM5/MAP1B/ASIC2/EFNA5/GABRG3/ERBB4/GABRA3/NEGR1/EPHA7/WNT3A/LRFN5/SIX1/PLXNA4/DKK1/LRP4,45
GO:0098656,monoatomic anion transmembrane transport,29/1923,151/18986,0.19205298013245034,1.8961611444590234,3.7115816490032603,5.364773941928758e-4,0.010122712798622951,0.008363307643034409,CLCN4/CLCN2/GABRE/GABRQ/CLCNKB/SLC1A1/ANO1/CLCA4/SLC1A2/SLC12A5/GLRB/SLC26A2/CLIC6/KCNK2/CLIC5/BEST4/SLC4A3/OCA2/CLCA2/SLC26A4/GABRP/MCOLN3/BEST3/GABRG3/SLC12A3/GABRA3/SLC17A7/NMUR2/SLC4A4,29
GO:0097152,mesenchymal cell apoptotic process,7/1923,16/18986,0.4375,4.319487779511181,4.459279022269285,5.418139250945236e-4,0.010189997186009749,0.008418897487622852,MSX1/SHH/BMP7/PAX2/MSX2/GDF5/HNF1B,7
GO:0009880,embryonic pattern specification,18/1923,77/18986,0.23376623376623376,2.30800089146423,3.860880583048006,5.550526741445345e-4,0.010404977653751778,0.008596512700534416,PTCH1/EFNB1/IHH/MEOX1/SHH/BMP7/WNT7A/SATB2/CDX2/WT1/TDRD5/COBL/MEIS2/LHX1/CXXC4/ERBB4/OOEP/CHRDL1,18
GO:0045926,negative regulation of growth,40/1923,232/18986,0.1724137931034483,1.702261193896032,3.6129583458219896,5.649575793382299e-4,0.010556269055491925,0.00872150849579899,CDKN1A/CDKN2A/PSRC1/PTCH1/FBP1/NPR1/TRIM46/MSX1/SEMA6C/FGFR3/MAG/CRYAB/DAB2/ARHGAP4/ALOX15B/MT1H/RTN4R/TP73/NTN1/MT3/BST2/KCNK2/NOG/WT1/SLIT1/MIR17HG/WFDC1/WNT3/RBP4/BDKRB1/SCGB3A1/GJA1/MT1G/MYOZ1/ADRB2/EPHA7/WNT3A/SFRP2/SEMA3A/AGTR2,40
GO:0001708,cell fate specification,23/1923,110/18986,0.20909090909090908,2.0643785751430057,3.758414974459174,5.740115677882124e-4,0.010676978510445962,0.008821237721282987,FOXI3/PTCH1/FOXA2/IHH/SHH/DMRT3/EYA2/MNX1/CDON/PAX2/GLI3/EYA1/FZD7/SIX2/WNT3A/SFRP2/SIX1/TBX18/GSC/DKK1/HNF1B/HOXC10/FOXA1,23
GO:0042487,regulation of odontogenesis of dentin-containing tooth,6/1923,12/18986,0.5,4.936557462298492,4.579256996484916,5.769835476539868e-4,0.010676978510445962,0.008821237721282987,APCDD1/DMRT3/BMP4/WNT10A/FGF8/RUNX2,6
GO:1901993,regulation of meiotic cell cycle phase transition,6/1923,12/18986,0.5,4.936557462298492,4.579256996484916,5.769835476539868e-4,0.010676978510445962,0.008821237721282987,CDC25B/TTK/CDC25C/CDC25A/PKMYT1/OVOL1,6
GO:0048469,cell maturation,37/1923,210/18986,0.1761904761904762,1.73954882004804,3.6177804288608004,5.868931154052413e-4,0.010808922010914344,0.008930248428972536,AURKA/CDKN1A/CDC25B/PGR/TRIP13/IHH/HES5/BRCA2/CEBPA/INSL3/DIAPH3/RAC3/AKR1B1/CATSPERD/ANG/SPTBN4/C1QL1/KCNE1/ROPN1B/ROPN1L/HOXA5/TDRD5/SIX3/RUNX2/BHLHA15/PLA2G10/GJA1/FUT6/GLDN/CNTN2/PAEP/FOXJ1/NKX6-1/RET/CCL21/FOXA1/DEFB1,37
GO:0048634,regulation of muscle organ development,13/1923,47/18986,0.2765957446808511,2.7308615748885274,3.988411787470189,5.878701284823962e-4,0.010808922010914344,0.008930248428972536,SFMBT1/CENPF/LEF1/SHH/CDON/BMP4/FGF8/IGF2/FGF3/GJA1/JPH2/SHOX2/WNT3A,13
GO:0099072,regulation of postsynaptic membrane neurotransmitter receptor levels,24/1923,117/18986,0.20512820512820512,2.025254343507074,3.734370072915645,5.902746672156732e-4,0.010818569139573882,0.008938218812648998,KIF2C/MDM2/SST/SHISA6/EPS8/LPAR1/PRKCI/CACNA2D2/ERBB2/GPC4/CACNG8/SLC12A5/STX1B/CPT1C/RAPSN/SUSD4/CACNG4/GRIP2/ZDHHC2/NPTX1/HPCA/TMEM108/ERBB4/FRRS1L,24
GO:0031345,negative regulation of cell projection organization,34/1923,188/18986,0.18085106382978725,1.785563337427114,3.633888152431296,5.941553635121643e-4,0.010855124180992081,0.00896842030738328,MDM2/VIM/FIGNL2/LPAR1/EPHB2/TRIM46/ITM2C/TBC1D30/SEMA6C/MAG/TSKU/DAB2/ARHGAP4/SPRY3/RTN4R/NTN1/STX1B/MT3/GRIN2B/APOE/GFAP/SLIT1/WNT3/NLGN1/NEU4/MGARP/DAB1/EPHA7/SPOCK1/WNT3A/SEMA3A/DKK1/CCL21/LRP4,34
GO:0022617,extracellular matrix disassembly,16/1923,65/18986,0.24615384615384617,2.4303052122084887,3.877757122392261,6.042938680725333e-4,0.010976648867036093,0.009068823070538575,TMPRSS6/KLK7/ADAMTS15/KLK4/MELTF/KLK5/PRSS1/MMP2/PLG/CTSV/MMP1/FGFR4/WDR72/HPN/MMP10/PRSS2,16
GO:0007091,metaphase/anaphase transition of mitotic cell cycle,21/1923,97/18986,0.21649484536082475,2.137478488830275,3.770438172544107,6.046216665248377e-4,0.010976648867036093,0.009068823070538575,ESPL1/SPC24/UBE2C/BIRC5/CDCA8/BUB1/TACC3/CDC20/TTK/TRIP13/NDC80/PLK1/SPC25/SKA1/ANAPC4/DLGAP5/SPDL1/NUF2/CENPE/CENPF/HASPIN,21
GO:0015698,inorganic anion transport,32/1923,174/18986,0.1839080459770115,1.8157452734891004,3.6289330223938916,6.296888102200082e-4,0.011395783342189141,0.009415108757907239,CLCN4/CLCN2/GABRE/CEBPB/GABRQ/CLCNKB/SLC1A1/ANO1/SLC6A14/CLCA4/SLC12A5/GLRB/SLC26A2/CLIC6/KCNK2/P2RY6/CLIC5/BEST4/SLC4A3/ADAMTS8/OCA2/CLCA2/SLC26A4/GABRP/BEST3/GABRG3/SLC12A3/SFRP4/GABRA3/SLC17A7/NMUR2/SLC4A4,32
GO:1904062,regulation of monoatomic cation transmembrane transport,51/1923,318/18986,0.16037735849056603,1.5834240916806483,3.522218307539587,6.389800455498055e-4,0.01152741320969133,0.009523860344446612,RANGRF/RGS9/GNB5/WNK3/TMEM38A/PTPN3/KCNIP3/GRIN2C/FGF12/KCNH2/SLC8A1/TESC/EDN3/FXYD6/KCNS1/KCNRG/GRIN1/KCNE4/TMC1/NTSR1/ADCYAP1R1/KCNE1/LRRC26/GSTM2/GRIN2B/STAC2/ADRA2A/KEL/CALCA/P2RY6/PCSK9/STAC/GAL/FXYD4/KCNN4/KCNG1/BDKRB1/JPH3/ACTN2/HPCA/LRRC55/KCNG3/FGF14/NOS1/JPH2/CEMIP/CASQ1/DPP10/RRAD/HAMP/OPRK1,51
GO:0042445,hormone metabolic process,41/1923,241/18986,0.17012448132780084,1.6796585556368313,3.5647069643233498,6.409682410254085e-4,0.01152741320969133,0.009523860344446612,CLCN2/ESR1/HFE/ALDH1A3/BACE2/DGAT2/PCSK1N/ADH6/SRD5A2/SRD5A3/KLK6/DAB2/SHH/DHRS2/AKR1B1/CYP2S1/SCNN1B/DIO2/CEL/CORIN/CYP2W1/RBP4/GAL/SLC16A10/DUOX1/BMP5/GNB3/MME/SDR16C5/PDGFRA/CRABP2/DIO1/CRYM/DUOXA1/CYP11A1/HSD17B2/ADH1C/HPN/CPA4/ADH1B/FOXA1,41
GO:0016053,organic acid biosynthetic process,53/1923,334/18986,0.15868263473053892,1.5666918892324555,3.5077188317091084,6.535023659574586e-4,0.011716218430171881,0.009679849768912414,ELOVL3/ABCD1/SLC38A1/TRIB3/ACOT7/PSAT1/ALDH1A3/CEACAM1/GAD1/ELOVL2/GGTA1/CPS1/PTGS1/PLA2G4A/XBP1/ALOX15B/ASS1/ELOVL7/CYP39A1/AASS/AKR1B1/GSTM4/BHMT2/CARNS1/PROX1/UST/GSTM2/SLC27A2/LIPC/CBS/STAR/ALOXE3/FA2H/FGF19/GATM/ELOVL4/ABHD1/LPL/HPGDS/KMO/CYP8B1/ACSM1/PTGS2/PLA2G10/DSEL/SCD5/LIPG/OSBPL6/FGFR4/ALOX12B/ALOX15/PTGIS/FMO3,53
GO:0042474,middle ear morphogenesis,8/1923,21/18986,0.38095238095238093,3.7611866379417083,4.250071480677955,6.61989129436685e-4,0.011831513788534542,0.009775105909334772,MSX1/NOG/PRRX1/HOXA2/EYA1/SIX2/SIX1/GSC,8
GO:0007269,neurotransmitter secretion,28/1923,146/18986,0.1917808219178082,1.8934740951281885,3.6381884557259507,6.784566471489489e-4,0.012050981494883336,0.009956428444352834,SYNGR3/GRIK5/GPR158/OTOF/CADPS2/SNCG/CSPG5/RIMS3/P2RY1/STX19/SYN1/SNAP25/GRM4/WNT7A/STX1B/CHRNA3/SYT12/BAIAP3/MICU3/KMO/FER1L5/RIMS4/NLGN1/LIN7A/UNC13A/RIMS2/PRKCG/DOC2A,28
GO:0099643,signal release from synapse,28/1923,146/18986,0.1917808219178082,1.8934740951281885,3.6381884557259507,6.784566471489489e-4,0.012050981494883336,0.009956428444352834,SYNGR3/GRIK5/GPR158/OTOF/CADPS2/SNCG/CSPG5/RIMS3/P2RY1/STX19/SYN1/SNAP25/GRM4/WNT7A/STX1B/CHRNA3/SYT12/BAIAP3/MICU3/KMO/FER1L5/RIMS4/NLGN1/LIN7A/UNC13A/RIMS2/PRKCG/DOC2A,28
GO:0032835,glomerulus development,17/1923,72/18986,0.2361111111111111,2.331152134974288,3.799001774199973,6.925949813454387e-4,0.012202256897756987,0.010081411021476668,BMP7/COL4A4/PODXL/BMP4/PDGFD/COL4A3/PAX2/NOG/WT1/NPHS1/TCF21/LHX1/PDGFRA/FOXJ1/RET/PROM1/AGTR2,17
GO:0035988,chondrocyte proliferation,9/1923,26/18986,0.34615384615384615,3.4176167046681867,4.1411618335537375,6.933341451896672e-4,0.012202256897756987,0.010081411021476668,IHH/FGFR3/LEF1/COMP/SLC26A2/BMPR1B/HMGA2/LTF/SIX2,9
GO:2000050,regulation of non-canonical Wnt signaling pathway,9/1923,26/18986,0.34615384615384615,3.4176167046681867,4.1411618335537375,6.933341451896672e-4,0.012202256897756987,0.010081411021476668,MLLT3/DAB2/PLEKHA4/DACT1/NKD1/RSPO3/SPEF1/SFRP4/DKK1,9
GO:0070372,regulation of ERK1 and ERK2 cascade,48/1923,296/18986,0.16216216216216217,1.6010456634481596,3.4987742402471795,7.089688207792594e-4,0.012439376718245847,0.010277317597753256,DUSP9/FAM83D/DUSP15/EPHB2/EPHB1/CEACAM1/LMO3/FGF20/P2RY1/NEK10/XBP1/TLR4/FGFR3/ERBB2/DAB2/SPRY3/GPBAR1/CD44/NDRG2/BMP4/FGF18/PDGFD/TNFAIP8L3/ABCA7/MT3/APOE/C1QL4/CXCL17/DUSP4/FGF8/FGF19/P2RY6/NDRG4/AKAP12/ALKAL2/NECAB2/FGF4/FBLN1/RPS6KA6/SLC30A10/PDGFRA/PLA2G2A/ERBB4/FGFR4/EPHA7/IGF1/ALOX15/CCL21,48
GO:0048168,regulation of neuronal synaptic plasticity,15/1923,60/18986,0.25,2.468278731149246,3.824035916230665,7.441130422271799e-4,0.01301632388455143,0.010753986919661403,SHISA6/GRIN2C/EPHB2/RASGRF1/NEURL1/SHISA8/GRIN1/GRIN2B/APOE/NOG/SHISA9/ZDHHC2/JPH3/SLC8A2/CNTN2,15
GO:0098661,inorganic anion transmembrane transport,26/1923,133/18986,0.19548872180451127,1.930082616838508,3.6134692368160932,7.700414033810559e-4,0.01340799386189596,0.01107758164967471,CLCN4/CLCN2/GABRE/GABRQ/CLCNKB/SLC1A1/ANO1/CLCA4/SLC12A5/GLRB/SLC26A2/CLIC6/KCNK2/CLIC5/BEST4/SLC4A3/OCA2/CLCA2/SLC26A4/GABRP/BEST3/GABRG3/SLC12A3/GABRA3/SLC17A7/NMUR2,26
GO:0050905,neuromuscular process,32/1923,176/18986,0.18181818181818182,1.795111804472179,3.557602198103612,7.711635044808971e-4,0.01340799386189596,0.01107758164967471,TNNT1/UCHL1/ANKFN1/SCN4A/ADCY5/GRIN2C/FGF12/TMEM150C/ALDH1A3/TCF15/TNNI3/COMP/RAC3/SLITRK6/GLRB/SPTBN4/GSTM2/CWH43/STAC2/CCDC78/USH1G/CTNNA2/STAC/HOXA1/JPH3/SCN1A/TNNT3/IGDCC3/CSMD1/CASQ1/SHANK1/HOXC10,32
GO:0009798,axis specification,21/1923,99/18986,0.21212121212121213,2.0942971052175423,3.6647014918789695,8.021074342861301e-4,0.013904000856375538,0.011487378822671052,AURKA/PTCH1/FOXA2/AXIN2/SHH/WNT7A/BMP4/CDX2/WT1/TDRD5/COBL/SIX3/WNT3/VAX2/FUT6/LHX1/CXXC4/HEY2/SIX2/LEFTY2/CHRDL1,21
GO:0030902,hindbrain development,30/1923,162/18986,0.18518518518518517,1.828354615666108,3.5545538187236736,8.140871642785311e-4,0.014069284175444284,0.011623934632673067,LPAR1/EPHB2/SSTR3/EPHB1/DLC1/LEF1/SHH/CDK5R1/BMP7/RORA/WNT7A/PROX1/KCNE1/CEND1/CBS/GLI1/EN2/NOG/CTNNA2/HOXA2/BMP5/OTX1/LHX1/SSTR1/CNTN1/LMX1A/KNDC1/DAB1/FAIM2/HNF1B,30
GO:0003356,regulation of cilium beat frequency,7/1923,17/18986,0.4117647058823529,4.065400263069346,4.2447946007397155,8.408902804997188e-4,0.014360010576486296,0.01186413055448143,DNAAF1/GAS2L2/DNAH11/CFAP43/CCDC40/CFAP45/TTLL6,7
GO:0070254,mucus secretion,7/1923,17/18986,0.4117647058823529,4.065400263069346,4.2447946007397155,8.408902804997188e-4,0.014360010576486296,0.01186413055448143,TRAF3IP2/ADA/AGR2/ANO1/ADORA1/SCNN1B/ALOX12B,7
GO:0072077,renal vesicle morphogenesis,7/1923,17/18986,0.4117647058823529,4.065400263069346,4.2447946007397155,8.408902804997188e-4,0.014360010576486296,0.01186413055448143,STAT1/FMN1/PAX2/KIF26B/GDNF/LHX1/SIX2,7
GO:0072224,metanephric glomerulus development,7/1923,17/18986,0.4117647058823529,4.065400263069346,4.2447946007397155,8.408902804997188e-4,0.014360010576486296,0.01186413055448143,PAX2/WT1/TCF21/LHX1/PDGFRA/RET/AGTR2,7
GO:0048738,cardiac muscle tissue development,42/1923,252/18986,0.16666666666666666,1.6455191540994971,3.4630709816814593,8.497087419396517e-4,0.01443863501274301,0.011929089460434437,SORBS2/SLC8A1/TNNI3/FGF20/MSX1/BMP7/TP73/BMP4/PROX1/FHOD3/LRP2/GLI1/KCNK2/SGCD/FGF8/ZFPM2/NOG/NDRG4/WT1/MIR17HG/MSX2/RBP4/FGF3/ALPK2/ACTN2/BMP5/GJA1/HEY1/PDGFRA/FZD7/HEY2/ERBB4/JPH2/SHOX2/MYLK3/WNT3A/IGF1/MYO18B/TBX18/DKK1/ALPK3/GJB6,42
GO:0055002,striated muscle cell development,32/1923,177/18986,0.1807909604519774,1.7849699298706412,3.52228138702682,8.518277763414464e-4,0.01443863501274301,0.011929089460434437,TNNT1/SORBS2/ACTL8/RYR1/SLC8A1/OBSCN/BMP4/PROX1/FHOD3/SGCD/KEL/MYOM2/ALPK2/SYNPO2L/ACTN2/MYOM3/CACNA1S/XK/FLNC/TNNT3/PDGFRA/MYOZ1/HEY2/SHOX2/TMOD1/CASQ1/MYLK3/IGF1/SIX1/MYO18B/TBX18/ALPK3,32
GO:0009101,glycoprotein biosynthetic process,51/1923,322/18986,0.15838509316770186,1.563754227187721,3.4251739454913284,8.530210085721326e-4,0.01443863501274301,0.011929089460434437,PMM1/GAL3ST3/GCNT1/EOGT/GALNT10/MGAT4A/TMTC2/ITM2C/ST8SIA5/BACE2/GALNT5/PHLDA1/FUT1/CSGALNACT1/B4GALT1/HS3ST1/PLCB1/SRD5A3/B3GNT3/HS3ST3B1/MAN1A1/CHST13/GCNT3/UST/GALNT4/BMPR1B/ABCA7/A4GALT/IL33/TMTC1/ST6GALNAC1/CWH43/B3GALT5/FOXL1/FUT2/GALNT14/GALNT16/EXTL1/B3GNT8/NECAB2/FUT3/FUT6/ST6GALNAC2/ST8SIA6/HS3ST3A1/DSEL/ABO/IGF1/GALNT13/CHST4/CCL21,51
GO:0015695,organic cation transport,24/1923,120/18986,0.2,1.974622984919397,3.5954611856737118,8.621142995829915e-4,0.01450721577222256,0.011985750357698902,SLC6A12/SLC44A2/SLC38A1/SLC47A1/SLC1A1/ADRA2B/P2RY1/SLC6A14/SLC1A2/SLC6A2/SLC22A16/SLC43A1/CHRNA3/SLC6A9/ADRA2A/SLC38A3/SLC22A4/SLC16A10/SLC44A5/SLC6A17/SLC19A3/SLC35F3/SLC7A2/SLC6A20,24
GO:0015908,fatty acid transport,24/1923,120/18986,0.2,1.974622984919397,3.5954611856737118,8.621142995829915e-4,0.01450721577222256,0.011985750357698902,ABCD1/PLA2G2C/SLC43A3/ACSL5/MAP2K6/IRS2/SLCO3A1/PLA2G4A/CRABP1/FABP3/NTSR1/FABP4/SLCO2A1/SLC27A2/APOE/ERFE/ANXA1/PTGS2/PLA2G10/SLCO4A1/SLC27A6/CRABP2/PLA2G2A/NMUR2,24
GO:0016202,regulation of striated muscle tissue development,12/1923,43/18986,0.27906976744186046,2.755287885934042,3.8683472385561806,8.6804142744632e-4,0.01453503700750669,0.012008736048819375,CENPF/LEF1/SHH/CDON/BMP4/FGF8/IGF2/FGF3/GJA1/JPH2/SHOX2/WNT3A,12
GO:0099504,synaptic vesicle cycle,38/1923,222/18986,0.17117117117117117,1.6899926447508349,3.471566459502321,8.801956771722807e-4,0.01453503700750669,0.012008736048819375,SYNGR3/GRIK5/AP3B2/OTOF/CADPS2/LPAR1/SNCG/ATP6V1G2/CSPG5/RIMS3/P2RY1/SLC2A4/BSN/STX19/CDK5R1/ATP6V1B1/SYN1/SNAP25/STON1/WNT7A/DNAJC6/STX1B/SYT12/SYNDIG1/TH/RIMS4/NLGN1/ATP6V0A4/SNCB/RAB27B/AMPH/UNC13A/SLC18A2/WNT3A/SLC17A7/RIMS2/PRKCG/DOC2A,38
GO:0030071,regulation of mitotic metaphase/anaphase transition,20/1923,93/18986,0.21505376344086022,2.123250521418706,3.645313536761221,8.817799798674828e-4,0.01453503700750669,0.012008736048819375,ESPL1/SPC24/UBE2C/BIRC5/CDCA8/BUB1/CDC20/TTK/TRIP13/NDC80/PLK1/SPC25/SKA1/ANAPC4/DLGAP5/SPDL1/NUF2/CENPE/CENPF/HASPIN,20
GO:0001958,endochondral ossification,10/1923,32/18986,0.3125,3.0853484139365577,3.9634229929127502,8.839727111428917e-4,0.01453503700750669,0.012008736048819375,SMPD3/CSGALNACT1/FGFR3/PHOSPHO1/DLX5/SCX/BMP4/FGF18/CBS/RUNX2,10
GO:0021532,neural tube patterning,10/1923,32/18986,0.3125,3.0853484139365577,3.9634229929127502,8.839727111428917e-4,0.01453503700750669,0.012008736048819375,PTCH1/TCTN1/SHH/BMP4/FGF8/DZIP1L/GLI3/WNT3A/GSC/FOXA1,10
GO:0036075,replacement ossification,10/1923,32/18986,0.3125,3.0853484139365577,3.9634229929127502,8.839727111428917e-4,0.01453503700750669,0.012008736048819375,SMPD3/CSGALNACT1/FGFR3/PHOSPHO1/DLX5/SCX/BMP4/FGF18/CBS/RUNX2,10
GO:0060325,face morphogenesis,10/1923,32/18986,0.3125,3.0853484139365577,3.9634229929127502,8.839727111428917e-4,0.01453503700750669,0.012008736048819375,MSX1/PAX9/LEF1/DLX5/SCX/NOG/MMP2/CRISPLD1/PDGFRA/DKK1,10
GO:1905820,positive regulation of chromosome separation,10/1923,32/18986,0.3125,3.0853484139365577,3.9634229929127502,8.839727111428917e-4,0.01453503700750669,0.012008736048819375,ESPL1/UBE2C/BIRC5/CDCA8/CDC20/NCAPH/SKA1/DLGAP5/NCAPG/SMC4,10
GO:0021510,spinal cord development,21/1923,100/18986,0.21,2.0733541341653665,3.6127697856680774,9.201736600709499e-4,0.015032927994455617,0.01242008976193809,PTCH1/VLDLR/TCTN1/SOX11/LRP8/SHH/DMRT3/MNX1/PROX1/FOXB1/NOG/MDGA1/SLIT1/GLI3/GDNF/LHX1/GDF7/DAB1/WNT3A/HOXC10/FOXN4,21
GO:0044784,metaphase/anaphase transition of cell cycle,21/1923,100/18986,0.21,2.0733541341653665,3.6127697856680774,9.201736600709499e-4,0.015032927994455617,0.01242008976193809,ESPL1/SPC24/UBE2C/BIRC5/CDCA8/BUB1/TACC3/CDC20/TTK/TRIP13/NDC80/PLK1/SPC25/SKA1/ANAPC4/DLGAP5/SPDL1/NUF2/CENPE/CENPF/HASPIN,21
GO:0046394,carboxylic acid biosynthetic process,52/1923,331/18986,0.15709969788519637,1.5510633718400095,3.395354800061669,9.22089241015262e-4,0.015032927994455617,0.01242008976193809,ELOVL3/ABCD1/SLC38A1/TRIB3/ACOT7/PSAT1/ALDH1A3/CEACAM1/GAD1/ELOVL2/GGTA1/CPS1/PTGS1/PLA2G4A/XBP1/ALOX15B/ASS1/ELOVL7/CYP39A1/AASS/AKR1B1/GSTM4/BHMT2/CARNS1/PROX1/UST/GSTM2/SLC27A2/LIPC/CBS/STAR/ALOXE3/FA2H/FGF19/GATM/ELOVL4/ABHD1/LPL/HPGDS/KMO/CYP8B1/ACSM1/PTGS2/PLA2G10/DSEL/SCD5/LIPG/OSBPL6/FGFR4/ALOX12B/ALOX15/PTGIS,52
GO:0055092,sterol homeostasis,22/1923,107/18986,0.205607476635514,2.029986246178819,3.5867496823169747,9.476176496932836e-4,0.015377184986115545,0.012704512246976801,ABCD1/DGAT2/XBP1/TSKU/APOA1/CYP39A1/FABP3/ABCG4/RORA/GRAMD1B/FABP4/LIPC/APOE/DISP3/PCSK9/LPL/ACSM1/PLA2G10/NR5A2/LIPG/FGFR4/NEGR1,22
GO:0060004,reflex,8/1923,22/18986,0.36363636363636365,3.590223608944358,4.080852258609648,9.48549204182627e-4,0.015377184986115545,0.012704512246976801,ALDH1A3/SLC1A1/SLITRK6/TMC1/GLRB/GJA1/HPN/SHANK1,8
GO:0035148,tube formation,27/1923,142/18986,0.19014084507042253,1.8772824152402716,3.522607829723173,9.596248194055166e-4,0.015513036055277383,0.012816751357938258,PTCH1/TCTN1/RARG/DLC1/HES5/SHH/CC2D2A/BMP7/PODXL/BMP4/PROX1/PAX2/LRP2/FGF8/NOG/EDAR/COBL/HOXA1/BMP5/SALL4/GDNF/TRIM71/GDF7/RET/SIX1/FOLR1/HNF1B,27
GO:0060411,cardiac septum morphogenesis,17/1923,74/18986,0.22972972972972974,2.2681480232182265,3.6693093436610087,9.645712525027058e-4,0.015549320891185076,0.012846729610953036,MDM2/ADAMTS19/SOX11/DNAH11/ROBO2/BMP7/BMP4/PROX1/LRP2/FGF8/ZFPM2/NOG/MIR17HG/MSX2/BMP5/HEY1/HEY2,17
GO:0016081,synaptic vesicle docking,6/1923,13/18986,0.46153846153846156,4.556822272890916,4.306585612703044,9.79897764487945e-4,0.015752267135832745,0.013014402241082173,RIMS3/SNAP25/STX1B/RIMS4/UNC13A/RIMS2,6
GO:0070293,renal absorption,11/1923,38/18986,0.2894736842105263,2.8580069518570217,3.8487942259089625,0.0010125467384484955,0.01623177292415346,0.013410566244163185,CLDN19/KIRREL1/CLCNKB/SLC5A1/SLC15A2/AMN/CLDN16/HNF1A/AQP3/SLC12A3/HAS2,11
GO:0015718,monocarboxylic acid transport,32/1923,179/18986,0.1787709497206704,1.765026131771528,3.452313851228722,0.0010355883452381257,0.01655503035234837,0.013677639050995945,SLC6A12/SLC6A13/SLC6A11/ABCD1/PLA2G2C/SLC43A3/ACSL5/MAP2K6/CEACAM1/IRS2/SLCO3A1/PLA2G4A/CRABP1/FABP3/NTSR1/FABP4/SLCO2A1/SLC27A2/APOE/ERFE/ANXA1/SLC16A12/SLC16A10/PTGS2/PLA2G10/SLCO4A1/SLC27A6/CRABP2/PLA2G2A/NMUR2/CLDN2/SLC5A12,32
GO:0015711,organic anion transport,68/1923,462/18986,0.1471861471861472,1.4531857464774782,3.310526671331352,0.0010470610985385122,0.01667085740243492,0.013773334471040932,SLC6A12/SLC6A13/SLC6A11/ABCD1/CYB5R1/PLA2G2C/SLC38A1/SLC47A1/SLC43A3/ACSL5/MAP2K6/CEACAM1/SLC1A1/SLC39A5/ADORA1/IRS2/SLCO3A1/PLA2G4A/SLC6A14/SLC2A4/CALHM3/SLC1A2/CRABP1/FABP3/NTSR1/SLC46A2/SLC26A2/FABP4/SLCO2A1/SLC43A1/SLC27A2/APOE/ERFE/SLC17A9/GFAP/LRP2/ANXA1/KCNK2/SLC6A9/SLC38A3/SLCO5A1/SLCO4C1/BEST4/SLC16A12/KMO/SLC4A3/SLC16A10/PTGS2/PLA2G10/SLC23A1/SLCO4A1/SLC7A11/SLC26A4/SLC3A1/GJA1/SLC27A6/SLC6A17/CRABP2/PLA2G2A/TRH/SLC17A7/NMUR2/FOLR1/SLC7A2/SLC4A4/SLC6A20/CLDN2/SLC5A12,68
GO:0046928,regulation of neurotransmitter secretion,18/1923,81/18986,0.2222222222222222,2.19402553879933,3.6152225062927177,0.001048627346599729,0.01667085740243492,0.013773334471040932,GPR158/OTOF/SNCG/CSPG5/RIMS3/P2RY1/SYN1/WNT7A/STX1B/CHRNA3/BAIAP3/MICU3/KMO/FER1L5/RIMS4/NLGN1/RIMS2/PRKCG,18
GO:0000070,mitotic sister chromatid segregation,34/1923,194/18986,0.17525773195876287,1.7303397290530795,3.4324683121096844,0.001052948401983974,0.01669343816368532,0.013791990522724696,KIF2C/TPX2/ESPL1/SPC24/UBE2C/BIRC5/CDCA8/RANGRF/CDCA5/BUB1/CDC20/NCAPH/TTK/MYBL2/KIFC1/TRIP13/NDC80/PSRC1/SPAG5/KIF18B/PLK1/CENPI/SPC25/KIF4A/KIF23/SKA1/DLGAP5/SPDL1/NCAPG/NUF2/CENPE/CENPF/HASPIN/SMC4,34
GO:0050878,regulation of body fluid levels,58/1923,381/18986,0.15223097112860892,1.5029938730357613,3.329489066499828,0.001061745947747665,0.01678667013540608,0.013869018062395036,TRAF3IP2/WNK3/ADA/NPR1/EPHB2/HPSE/FOXA2/MFSD2B/AGR2/CEACAM1/SERPIND1/CD40/ANO1/FGL1/ADRA2B/NEURL1/ADORA1/P2RY1/SERPINA1/C4BPB/AVPR2/PLA2G4A/XBP1/TLR4/SHH/ATP6V1B1/COMP/AKR1B1/PRSS56/SCNN1B/FOXB1/TSPAN8/SVEP1/APOE/CEL/SCNN1G/ADRA2A/ITGA2/F13A1/AQP3/ADAMTS18/KCNN4/PLG/TPH1/SLC7A11/FBLN1/GJA1/KLKB1/PDGFRA/ANXA8/ERBB4/NEGR1/SCUBE1/HAS2/WNT3A/AQP5/ALOX12B/OPRK1,58
GO:0016331,morphogenesis of embryonic epithelium,27/1923,143/18986,0.1888111888111888,1.864154566182647,3.4821836436182134,0.0010711358751017996,0.01688873140057769,0.01395334029656764,PTCH1/TCTN1/RARG/DLC1/ALDH1A3/HES5/SOX11/SHH/CC2D2A/BMP7/BMP4/PAX2/LRP2/FGF8/NOG/COBL/BMP5/SALL4/TP63/GDNF/TRIM71/GDF7/RET/SIX1/FOLR1/TBX18/HNF1B,27
GO:0033045,regulation of sister chromatid segregation,22/1923,108/18986,0.2037037037037037,2.011190077232719,3.5378053436924417,0.0010783524559388811,0.016956061158273937,0.014008967625757625,ESPL1/SPC24/UBE2C/BIRC5/CDCA8/BUB1/TACC3/CDC20/TTK/TRIP13/NDC80/PLK1/SPC25/RMI2/SKA1/ANAPC4/DLGAP5/SPDL1/NUF2/CENPE/CENPF/HASPIN,22
GO:0048477,oogenesis,23/1923,115/18986,0.2,1.974622984919397,3.5192924647788173,0.0010931089278000037,0.01714125852721804,0.014161976270966922,AURKA/CDC25B/YBX2/TRIP13/MAJIN/IHH/PTX3/BRCA2/DMRT1/ASPM/INSL3/MEIOC/ANG/FMN2/BMPR1B/NPM2/TDRD5/PAQR5/FUT6/TNFAIP6/AMH/IGF1/HORMAD1,23
GO:1904888,cranial skeletal system development,17/1923,75/18986,0.22666666666666666,2.237906049575316,3.6060215448212865,0.0011315825752648426,0.017696352501764046,0.01462059065352201,CEP55/BMP4/LRP2/FGF8/NOG/PRRX1/MSX2/RUNX2/HOXA2/HOXA1/FGF4/GLI3/TP63/LHX1/PDGFRA/SIX2/SIX1,17
GO:0035115,embryonic forelimb morphogenesis,10/1923,33/18986,0.30303030303030304,2.991853007453632,3.8445235166648426,0.0011544551262848751,0.017956457437214746,0.014835487355416165,MSX1/SHH/WNT7A/MSX2/WNT3/RUNX2/TP63/CRABP2/SHOX2/HOXA9,10
GO:0060795,cell fate commitment involved in formation of primary germ layer,10/1923,33/18986,0.30303030303030304,2.991853007453632,3.8445235166648426,0.0011544551262848751,0.017956457437214746,0.014835487355416165,EYA2/BMP4/PAX2/EYA1/FZD7/SIX2/WNT3A/SFRP2/DKK1/HNF1B,10
GO:0045861,negative regulation of proteolysis,48/1923,303/18986,0.15841584158415842,1.5640578098371458,3.32268271015463,0.0011854278291100117,0.018388509855870937,0.015192445748588235,MDM2/BIRC5/CDKN2A/PTPN3/LAMP3/SERPINA4/HFE/SERPINA6/SERPINA11/SERPIND1/EPPIN/BIRC7/SERPINA1/NLRP7/PCSK1N/SHH/ECM1/PZP/COL28A1/CD44/SPINK4/SERPINA3/CRB2/CST2/PAX2/WFDC8/WFDC1/CPAMD8/CST1/DPEP1/PTGS2/IFI6/SPINK5/SERPINA5/SPINK6/ITIH2/CST4/SPOCK3/LTF/RARRES1/ANXA8/GAS1/SPOCK1/ITIH5/A2ML1/SERPINI2/PRKCG/SERPINB3,48
GO:0035282,segmentation,21/1923,102/18986,0.20588235294117646,2.032700131534673,3.510706875516109,0.0012017162488146076,0.018556562634935766,0.015331289665189055,DLL3/MLLT3/HES5/TCF15/MEOX1/AXIN2/LEF1/SHH/FOXB1/CRB2/CDX2/WT1/TDRD5/COBL/NKD1/HOXA2/LHX1/WNT3A/SFRP2/TBX18/DKK1,21
GO:0070371,ERK1 and ERK2 cascade,50/1923,319/18986,0.15673981191222572,1.54751017626912,3.3106824059137616,0.0012027103150010496,0.018556562634935766,0.015331289665189055,DUSP9/FAM83D/IQGAP3/DUSP15/EPHB2/EPHB1/CEACAM1/LMO3/FGF20/P2RY1/NEK10/XBP1/TLR4/FGFR3/ERBB2/DAB2/CTSH/SPRY3/GPBAR1/CD44/NDRG2/BMP4/FGF18/PDGFD/TNFAIP8L3/ABCA7/MT3/APOE/C1QL4/CXCL17/DUSP4/FGF8/FGF19/P2RY6/NDRG4/AKAP12/ALKAL2/NECAB2/FGF4/FBLN1/RPS6KA6/SLC30A10/PDGFRA/PLA2G2A/ERBB4/FGFR4/EPHA7/IGF1/ALOX15/CCL21,50
GO:0061180,mammary gland epithelium development,16/1923,69/18986,0.2318840579710145,2.2894179535297354,3.602129929416608,0.0012097775488074298,0.01856605278236469,0.015339130352177294,PGR/PTCH1/IQGAP3/ESR1/CEBPB/BRCA2/ATP2C2/MSX1/NTN1/FOXB1/HOXA5/MSX2/WNT3/AR/CSMD1/ERBB4,16
GO:0071300,cellular response to retinoic acid,16/1923,69/18986,0.2318840579710145,2.2894179535297354,3.602129929416608,0.0012097775488074298,0.01856605278236469,0.015339130352177294,RARG/TESC/FZD10/PCK1/ANKK1/MYB/PAX2/BRINP1/WNT3/HOXA2/BRINP2/EPHA3/GJB3/FZD7/WNT3A/RET,16
GO:0002921,negative regulation of humoral immune response,7/1923,18/18986,0.3888888888888889,3.839544692898827,4.046144961116483,0.0012564129011790098,0.019078248670937208,0.015762302665256456,C4BPA/C4BPB/SVEP1/CR2/SUSD4/SPINK5/FOXJ1,7
GO:0045836,positive regulation of meiotic nuclear division,7/1923,18/18986,0.3888888888888889,3.839544692898827,4.046144961116483,0.0012564129011790098,0.019078248670937208,0.015762302665256456,RAD51AP1/DMRT1/MSX1/PLCB1/NPM2/MSX2/OOEP,7
GO:0072087,renal vesicle development,7/1923,18/18986,0.3888888888888889,3.839544692898827,4.046144961116483,0.0012564129011790098,0.019078248670937208,0.015762302665256456,STAT1/FMN1/PAX2/KIF26B/GDNF/LHX1/SIX2,7
GO:0072189,ureter development,7/1923,18/18986,0.3888888888888889,3.839544692898827,4.046144961116483,0.0012564129011790098,0.019078248670937208,0.015762302665256456,SHH/BMP4/PAX2/LHX1/RET/SIX1/TBX18,7
GO:0007612,learning,29/1923,159/18986,0.18238993710691823,1.8007568101466196,3.403892917227475,0.0012611272385959903,0.01909944015294717,0.015779810905091656,EPHB2/SLC1A1/PLCB1/GRIN1/SNAP25/SLC12A5/NTSR1/RAPGEF3/FOXB1/C1QL1/SHANK2/ABCA7/SPECC1/NOG/NDRG4/DBH/MEIS2/TH/PTGS2/JPH3/PPP1R1B/PAK5/SLC7A11/SLC8A2/CNTN2/CSMD1/SHANK1/DKK1/OPRK1,29
GO:0003156,regulation of animal organ formation,9/1923,28/18986,0.32142857142857145,3.1735012257633164,3.8637577850215252,0.001271875873586649,0.019211668379241903,0.015872533004533482,ROBO2/SHH/BMP7/BMP4/FGF8/WT1/GDNF/SIX1/DKK1,9
GO:0009100,glycoprotein metabolic process,59/1923,392/18986,0.15051020408163265,1.4860045422225052,3.2641055648875934,0.001275544780414864,0.019216649767768438,0.0158766485895121,FBXO17/PMM1/GAL3ST3/FBXO27/GCNT1/EOGT/GALNT10/MGAT4A/HPSE/TMTC2/ITM2C/IHH/PTX3/ST8SIA5/BACE2/GALNT5/PHLDA1/FBXO2/FUT1/CSGALNACT1/B4GALT1/HS3ST1/PLCB1/SRD5A3/B3GNT3/HS3ST3B1/MAN1A1/CHST13/GCNT3/UST/GALNT4/BMPR1B/ABCA7/A4GALT/IL33/TMTC1/ST6GALNAC1/CWH43/B3GALT5/FOXL1/FUT2/GALNT14/GALNT16/EXTL1/B3GNT8/NECAB2/FUT3/FUT6/NEU4/ST6GALNAC2/ST8SIA6/HS3ST3A1/NCCRP1/DSEL/ABO/IGF1/GALNT13/CHST4/CCL21,59
GO:0071312,cellular response to alkaloid,11/1923,39/18986,0.28205128205128205,2.7847247223222262,3.745420326043425,0.0012828961125593182,0.01927693767044093,0.015926457992113344,MDM2/RYR1/TMEM38A/CCNA2/SLC8A1/SLC1A1/SLC1A2/GSTM2/TH/PPP1R1B/CACNA1S,11
GO:0060041,retina development in camera-type eye,31/1923,174/18986,0.1781609195402299,1.759003233692566,3.3765097860386235,0.0013017370741885649,0.019509106411341643,0.016118274024423652,CLDN19/CLCN2/IHH/SLC1A1/TULP1/PDE6B/ACHE/CDON/THRB/PROX1/ATP2B2/RP1/BMPR1B/CRB2/PAX2/NDP/HCN1/SIX3/RBP4/RD3/VAX2/HPCA/TUB/LHX1/PDGFRA/CELF4/SLC17A7/RET/TFAP2B/PROM1/FOXN4,31
GO:0001707,mesoderm formation,17/1923,76/18986,0.2236842105263158,2.2084599173440624,3.54372921780873,0.0013224875778843847,0.019623163501525022,0.01621250711717747,LEF1/BMP7/EYA2/SCX/BMP4/CRB2/PAX2/NOG/ITGA2/WNT3/HMGA2/GJA1/EYA1/SIX2/WNT3A/SFRP2/DKK1,17
GO:0097120,receptor localization to synapse,17/1923,76/18986,0.2236842105263158,2.2084599173440624,3.54372921780873,0.0013224875778843847,0.019623163501525022,0.01621250711717747,KIF2C/SHISA6/CACNA2D2/ERBB2/GPC4/CACNG8/SLC12A5/KIF5A/STX1B/RAPSN/CACNG4/GRIP2/ZDHHC2/NPTX1/NLGN1/TMEM108/ERBB4,17
GO:0023019,signal transduction involved in regulation of gene expression,8/1923,23/18986,0.34782608695652173,3.434126930294603,3.921216886314351,0.0013263962818580771,0.019623163501525022,0.01621250711717747,TRAF3IP2/MSX1/P2RY1/TRAF5/FGF8/MSX2/PDGFRA/GSC,8
GO:0032253,dense core granule localization,8/1923,23/18986,0.34782608695652173,3.434126930294603,3.921216886314351,0.0013263962818580771,0.019623163501525022,0.01621250711717747,CADPS2/TRIM46/KIF1A/SNAP25/TANC2/KIF5A/BAIAP3/UNC13A,8
GO:0060571,morphogenesis of an epithelial fold,8/1923,23/18986,0.34782608695652173,3.434126930294603,3.921216886314351,0.0013263962818580771,0.019623163501525022,0.01621250711717747,SHH/BMP7/BMP4/NOG/BMP5/AR/TP63/GDF7,8
GO:0072091,regulation of stem cell proliferation,20/1923,96/18986,0.20833333333333334,2.056898942624372,3.485140961412443,0.0013352012926393026,0.019652387312376434,0.016236651605469728,CCNE1/PTCH1/RARG/CEBPA/SOX11/OVOL1/SFN/SHH/FGF8/PRRX1/RUNX2/FGF4/GLI3/HMGA2/FBLN1/GJA1/HOXA3/TP63/SHOX2/HMX2,20
GO:1902099,regulation of metaphase/anaphase transition of cell cycle,20/1923,96/18986,0.20833333333333334,2.056898942624372,3.485140961412443,0.0013352012926393026,0.019652387312376434,0.016236651605469728,ESPL1/SPC24/UBE2C/BIRC5/CDCA8/BUB1/CDC20/TTK/TRIP13/NDC80/PLK1/SPC25/SKA1/ANAPC4/DLGAP5/SPDL1/NUF2/CENPE/CENPF/HASPIN,20
GO:1901861,regulation of muscle tissue development,12/1923,45/18986,0.26666666666666666,2.6328306465591957,3.681401588412666,0.0013450734730682075,0.019747188360988606,0.016314975504428283,CENPF/LEF1/SHH/CDON/BMP4/FGF8/IGF2/FGF3/GJA1/JPH2/SHOX2/WNT3A,12
GO:0007200,phospholipase C-activating G protein-coupled receptor signaling pathway,26/1923,138/18986,0.18840579710144928,1.86015208724291,3.404469138473795,0.0013549767074550207,0.019841961708406217,0.01639327651687245,C5AR2/ADRA1B/ESR1/LPAR1/GNA14/AZU1/ANO1/P2RY1/PLCB1/PLCB4/GPR83/ADRA2A/CHRM2/CALCA/P2RY6/PLCH2/PTGER1/CX3CR1/ACTN2/CXCR2/KISS1/CCKBR/SELE/NMUR2/OPRK1/CHGA,26
GO:0099003,vesicle-mediated transport in synapse,42/1923,258/18986,0.16279069767441862,1.607251266794858,3.2968548697984277,0.0013649778775598916,0.019937684480601972,0.01647236193678341,MDM2/SYNGR3/GRIK5/AP3B2/OTOF/CADPS2/LPAR1/SNCG/ATP6V1G2/CSPG5/RIMS3/P2RY1/SLC2A4/BSN/STX19/CDK5R1/ATP6V1B1/SYN1/SNAP25/STON1/WNT7A/DNAJC6/STX1B/SYT12/SUSD4/SYNDIG1/TH/GRIP2/RIMS4/NLGN1/HPCA/ATP6V0A4/SNCB/RAB27B/AMPH/UNC13A/SLC18A2/WNT3A/SLC17A7/RIMS2/PRKCG/DOC2A,42
GO:0031214,biomineral tissue development,32/1923,182/18986,0.17582417582417584,1.7359322944346347,3.3490041168479285,0.001375947375461161,0.020047030748807548,0.01656270298456513,TRPM4/SMPD3/CEBPB/SLC8A1/AXIN2/FGFR3/KLK4/PHOSPHO1/TSPEAR/ECM1/COMP/BMP7/BMP4/BMPR1B/SP7/SNX10/MSX2/ISG15/RUNX2/PTGS2/GJA1/FAM20A/ASPN/HEY1/PKDCC/HEY2/ADRB2/LTF/WDR72/IGF1/ALOX15/NOTUM,32
GO:1903707,negative regulation of hemopoiesis,24/1923,124/18986,0.1935483870967742,1.9109254692768356,3.416387032959496,0.0013888550320416073,0.02018399169040265,0.016675859063614937,CDKN2A/IHH/CEACAM1/PIK3R1/CEBPA/TLR4/ERBB2/SHH/BMP4/FSTL3/GPR68/ERFE/TMEM176A/ANXA1/CALCA/LRRC17/HOXA7/TLR3/TMEM176B/FGL2/GLI3/TNFAIP6/LTF/FOXJ1,24
GO:1902106,negative regulation of leukocyte differentiation,23/1923,117/18986,0.19658119658119658,1.9408687458609455,3.427005317593711,0.0013931589890216242,0.020195541515918004,0.01668540144083435,CDKN2A/IHH/CEACAM1/PIK3R1/TLR4/ERBB2/SHH/BMP4/FSTL3/GPR68/ERFE/TMEM176A/ANXA1/CALCA/LRRC17/HOXA7/TLR3/TMEM176B/FGL2/GLI3/TNFAIP6/LTF/FOXJ1,23
GO:0055001,muscle cell development,35/1923,205/18986,0.17073170731707318,1.6856537676141194,3.3135207029695293,0.001438641123688262,0.020802461474437053,0.01718683405368918,TNNT1/SORBS2/UCHL1/ACTL8/RYR1/CACNA2D2/SLC8A1/OBSCN/COMP/BMP4/PROX1/FHOD3/SGCD/KEL/MYOM2/ALPK2/SYNPO2L/ACTN2/MYOM3/CACNA1S/XK/FLNC/TNNT3/PDGFRA/MYOZ1/HEY2/SHOX2/TMOD1/CASQ1/MYLK3/IGF1/SIX1/MYO18B/TBX18/ALPK3,35
GO:1903532,positive regulation of secretion by cell,47/1923,298/18986,0.15771812080536912,1.55716913240288,3.2544755635597102,0.0014543543157875252,0.020976965131221072,0.01733100763596426,TRPM4/GPR158/SMPD3/CADPS2/GCK/HFE/MAP2K6/C1QTNF12/EDN3/UNC13D/ANO1/IRS2/P2RY1/SOX11/PLA2G4A/TLR4/PLCB1/OR51E2/DAB2/RASL10B/ACHE/SNAP25/ANG/MYB/NTSR1/STX1B/GPR68/ADORA2B/BAIAP3/MICU3/RBP4/GAL/KMO/KCNN4/NLGN1/PLA2G10/TRPM5/GDNF/RAB27B/VSNL1/KISS1/GIPR/NKX6-1/TRH/IGF1/OPRK1/DOC2A,47
GO:0051961,negative regulation of nervous system development,27/1923,146/18986,0.18493150684931506,1.825850020302182,3.3628261036413867,0.0014756787444378404,0.02123132793559943,0.01754116023322559,DLL3/EPHB2/TRIM46/HES5/SEMA6C/SOX11/ROBO2/MAG/ARHGAP4/BMP7/RTN4R/NTN1/WNT7A/PROX1/MT3/BRINP1/NOG/SLIT1/WNT3/NKX6-1/DAB1/EPHA7/WNT3A/SEMA3A/DKK1/VAX1/LRP4,27
GO:0006575,cellular modified amino acid metabolic process,32/1923,183/18986,0.17486338797814208,1.7264463256125875,3.3149940309723354,0.0015091843520959082,0.02165924176137644,0.017894699352716148,CRAT/ABHD12B/SLC1A1/MBOAT2/CHDH/SLC1A2/ASS1/GSTA3/GSTM4/BHMT2/FOLH1/GSTM2/DIO2/CPT1C/NDP/GATM/ALDH1L2/SLC22A4/HPGDS/DPEP1/SLC16A10/DUOX1/PLA2G10/FTCD/SLC7A11/PLA1A/DIO1/CRYM/DUOXA1/ALDH1L1/HPN/FOLR1,32
GO:0003014,renal system process,25/1923,132/18986,0.1893939393939394,1.8699081296585198,3.366866149248579,0.0015371813302835712,0.022006165561646647,0.018181325134566356,TMEM63C/PKN1/CLDN19/KIRREL1/NPR1/CLCNKB/SLC5A1/SLC15A2/ADORA1/AMN/CLDN16/AVPR2/OR51E2/ATP6V1B1/AKR1B1/BMP4/SCNN1B/HNF1A/CHRNA3/CORIN/AQP3/ATP6V0A4/SLC12A3/HAS2/AGTR2,25
GO:0033002,muscle cell proliferation,41/1923,252/18986,0.1626984126984127,1.6063401266209378,3.252883952698913,0.001562358285055808,0.022311096601727483,0.01843325682015694,MDM2/CDKN1A/NDC80/SMPD3/NPR1/EPHB1/HES5/STAT1/PIK3R1/FGF20/PPARGC1A/XBP1/TLR4/SHH/TP73/NDRG2/BMP4/ANG/MYB/PDGFD/APOE/GLI1/KCNK2/ZFPM2/NOG/P2RY6/NDRG4/ITGA2/MIR17HG/RBP4/DBH/MMP2/PTGS2/GJA1/HPGD/APOD/HEY2/ERBB4/IGF1/SIX1/OGN,41
GO:0006971,hypotonic response,6/1923,14/18986,0.42857142857142855,4.231334967684421,4.0602865795142415,0.0015684799831022923,0.02234307500681607,0.018459677133072058,CLCN2/FBP1/PCK1/SLC12A5/ITGA2/AQP5,6
GO:0019369,arachidonate metabolic process,14/1923,58/18986,0.2413793103448276,2.3831656714544445,3.5416291402730273,0.001592413265653159,0.02262799591070106,0.018695076597674644,ABHD6/DAGLA/PTGS1/PLA2G4A/ALOX15B/CYP2S1/ALOXE3/CYP2J2/PTGS2/PLA2G10/CYP4F3/ALOX12B/ALOX15/PTGIS,14
GO:0016266,O-glycan processing,11/1923,40/18986,0.275,2.7151066042641707,3.645269114266734,0.0016097801100826144,0.02276236986124188,0.01880609532456529,GCNT1/GALNT10/GALNT5/B3GNT3/GCNT3/GALNT4/GALNT14/B3GNT8/ST6GALNAC2/GALNT13/CHST4,11
GO:0045745,positive regulation of G protein-coupled receptor signaling pathway,11/1923,40/18986,0.275,2.7151066042641707,3.645269114266734,0.0016097801100826144,0.02276236986124188,0.01880609532456529,MRAP2/GAS2L2/KLK6/PDE6G/KLK5/FGF8/NECAB2/CNTN2/NOS1/KLK14/CHGA,11
GO:0003197,endocardial cushion development,13/1923,52/18986,0.25,2.468278731149246,3.559231535806387,0.0016431352157811716,0.023064007723952788,0.019055306212281267,MDM2/MSX1/ROBO2/BMP7/BMP4/RBM24/FGF8/NOG/MSX2/BMP5/HEY1/HEY2/DKK1,13
GO:0010043,response to zinc ion,13/1923,52/18986,0.25,2.468278731149246,3.559231535806387,0.0016431352157811716,0.023064007723952788,0.019055306212281267,PAM/KHK/CPS1/SLC30A2/ASS1/MT1H/MT4/MT3/TH/SLC30A3/SLC30A10/MT1G/KCNK3,13
GO:0045214,sarcomere organization,13/1923,52/18986,0.25,2.468278731149246,3.559231535806387,0.0016431352157811716,0.023064007723952788,0.019055306212281267,TNNT1/OBSCN/PROX1/FHOD3/MYOM2/SYNPO2L/ACTN2/MYOM3/FLNC/TNNT3/MYOZ1/CASQ1/MYLK3,13
GO:0008038,neuron recognition,12/1923,46/18986,0.2608695652173913,2.5755951977209524,3.5917063660142414,0.001654570709231363,0.02311178260103518,0.01909477744915193,ROBO3/EPHB2/DSCAML1/CRTAC1/ROBO2/PALLD/CDK5R1/OPCML/CNR1/EPHA3/CNTN2/FOXG1,12
GO:0021517,ventral spinal cord development,12/1923,46/18986,0.2608695652173913,2.5755951977209524,3.5917063660142414,0.001654570709231363,0.02311178260103518,0.01909477744915193,PTCH1/VLDLR/TCTN1/LRP8/SHH/DMRT3/MNX1/GLI3/LHX1/DAB1/HOXC10/FOXN4,12
GO:0043588,skin development,50/1923,324/18986,0.15432098765432098,1.5236288463884233,3.1914219196305793,0.001688286843632694,0.023525643547472528,0.019436706187559268,CDKN1A/RYR1/TRAF3IP2/FOXI3/DHCR24/HPSE/POU2F3/APCDD1/OVOL1/SFN/SHH/PALLD/ALOX15B/COMP/KLK5/WNT10A/KRT7/TNFRSF19/ALOXE3/ANXA1/TGM1/FA2H/EDAR/ITGA2/DACT2/AQP3/MSX2/HOXA7/FOXN1/GAL/DKK4/PLA2G10/SPINK5/ZNF750/CLDN1/TP63/GJB3/IVL/SCEL/ALOX12B/KRT36/FST/TFAP2B/KRT4/FLG/DKK1/SPRR3/SPRR2D/LRP4/KRT6A,50
GO:0002088,lens development in camera-type eye,19/1923,91/18986,0.2087912087912088,2.0614195996411286,3.4072311562037028,0.0016943293188678714,0.02355281456542174,0.019459154674106725,VIM/BIRC7/SOX11/CRYAB/SLITRK6/CDON/WNT7A/BMP4/PROX1/FAT1/NDP/SIX3/CRYBA4/HSF4/SLC7A11/GJA1/CRYBB1/TMOD1/PLAAT1,19
GO:0006820,monoatomic anion transport,31/1923,177/18986,0.1751412429378531,1.7291896195621836,3.2719865142099236,0.0017262667724990861,0.023655435747549372,0.019543939507372175,CLCN4/CLCN2/GABRE/GABRQ/CLCNKB/SLC1A1/ANO1/SLC6A14/CLCA4/SLC1A2/SLC12A5/GLRB/SLC26A2/CLIC6/KCNK2/P2RY6/CLIC5/BEST4/SLC4A3/OCA2/CLCA2/SLC26A4/GABRP/MCOLN3/BEST3/GABRG3/SLC12A3/GABRA3/SLC17A7/NMUR2/SLC4A4,31
GO:0010496,intercellular transport,5/1923,10/18986,0.5,4.936557462298492,4.1800502910030035,0.0017263741118976083,0.023655435747549372,0.019543939507372175,EPHB2/CLDN16/GJB2/PEG10/GJB6,5
GO:0060054,positive regulation of epithelial cell proliferation involved in wound healing,5/1923,10/18986,0.5,4.936557462298492,4.1800502910030035,0.0017263741118976083,0.023655435747549372,0.019543939507372175,B4GALT1/WNT7A/CLDN1/LRG1/FZD7,5
GO:0072203,cell proliferation involved in metanephros development,5/1923,10/18986,0.5,4.936557462298492,4.1800502910030035,0.0017263741118976083,0.023655435747549372,0.019543939507372175,PTCH1/STAT1/SHH/BMP7/WT1,5
GO:0098917,retrograde trans-synaptic signaling,5/1923,10/18986,0.5,4.936557462298492,4.1800502910030035,0.0017263741118976083,0.023655435747549372,0.019543939507372175,ABHD6/DAGLA/PLCB1/GUCY1A1/CNR1,5
GO:1905770,regulation of mesodermal cell differentiation,5/1923,10/18986,0.5,4.936557462298492,4.1800502910030035,0.0017263741118976083,0.023655435747549372,0.019543939507372175,BMP4/GJA1/WNT3A/SFRP2/DKK1,5
GO:0048332,mesoderm morphogenesis,17/1923,78/18986,0.21794871794871795,2.151832739976266,3.4220091847341783,0.0017867342561599293,0.024342605362159802,0.020111673770337155,LEF1/BMP7/EYA2/SCX/BMP4/CRB2/PAX2/NOG/ITGA2/WNT3/HMGA2/GJA1/EYA1/SIX2/WNT3A/SFRP2/DKK1,17
GO:0099173,postsynapse organization,40/1923,246/18986,0.16260162601626016,1.6053845405848755,3.208347005156265,0.0017885620223449747,0.024342605362159802,0.020111673770337155,KIF2C/LRFN1/SHISA6/EPHB2/EPHB1/KIF1A/NEURL1/LRP8/CDK5R1/RAC3/RTN4R/TANC2/SLC12A5/WNT7A/GLRB/SHANK2/RPS6KA5/PLPPR4/GRIN2B/APOE/RAPSN/SYNDIG1/LRRC4/ZDHHC2/NPTX1/NLGN1/ACTN2/SLC7A11/TMEM108/MAP1B/GDNF/ASIC2/CPNE6/CNKSR2/EPHA7/INA/SHANK1/CHRDL1/FRRS1L/LRP4,40
GO:0001756,somitogenesis,15/1923,65/18986,0.23076923076923078,2.278411136445458,3.465951076303809,0.001789213217757358,0.024342605362159802,0.020111673770337155,DLL3/TCF15/MEOX1/AXIN2/LEF1/FOXB1/CRB2/CDX2/COBL/NKD1/LHX1/WNT3A/SFRP2/TBX18/DKK1,15
GO:0007224,smoothened signaling pathway,27/1923,148/18986,0.18243243243243243,1.8011763713791795,3.2847993138309,0.001813265033284249,0.024371385769084854,0.020135451921707674,GLIS2/PTCH1/TCTN1/IHH/HES5/TMEM231/SHH/CC2D2A/HHAT/CDON/RORA/HHIP/IQUB/GLI1/NDP/NOG/DISP3/PRRX1/RUNX2/DZIP1L/GLI3/GPC2/SHOX2/NKX6-1/GAS1/SCUBE1/FOXA1,27
GO:0021533,cell differentiation in hindbrain,8/1923,24/18986,0.3333333333333333,3.2910383081989942,3.7701892279845817,0.0018147003165073093,0.024371385769084854,0.020135451921707674,RORA/WNT7A/PROX1/CEND1/NOG/LHX1/KNDC1/FAIM2,8
GO:0045932,negative regulation of muscle contraction,8/1923,24/18986,0.3333333333333333,3.2910383081989942,3.7701892279845817,0.0018147003165073093,0.024371385769084854,0.020135451921707674,TNNT1/DOCK5/GUCY1A1/ADORA2B/ADRA2A/CALCA/PTGS2/ADRB2,8
GO:0072574,hepatocyte proliferation,8/1923,24/18986,0.3333333333333333,3.2910383081989942,3.7701892279845817,0.0018147003165073093,0.024371385769084854,0.020135451921707674,CEBPB/CEACAM1/FGL1/XBP1/PROX1/GLI1/WNT3A/HPN,8
GO:0072575,epithelial cell proliferation involved in liver morphogenesis,8/1923,24/18986,0.3333333333333333,3.2910383081989942,3.7701892279845817,0.0018147003165073093,0.024371385769084854,0.020135451921707674,CEBPB/CEACAM1/FGL1/XBP1/PROX1/GLI1/WNT3A/HPN,8
GO:0060231,mesenchymal to epithelial transition,7/1923,19/18986,0.3684210526315789,3.6374633932725726,3.8612788516845877,0.0018167375317006782,0.024371385769084854,0.020135451921707674,STAT1/TCF15/PAX2/WT1/GDNF/FZD7/SIX2,7
GO:0006970,response to osmotic stress,18/1923,85/18986,0.21176470588235294,2.0907772781499494,3.383532885732778,0.0018753164062370027,0.025040477767735384,0.020688250597075446,PKN1/WNK3/CLCN2/FBP1/SST/PCK1/SLC2A4/AKR1B1/SLC12A5/ITGA2/KMO/TH/TLR3/PTGS2/SCN2A/MLC1/ICOSLG/AQP5,18
GO:0086001,cardiac muscle cell action potential,18/1923,85/18986,0.21176470588235294,2.0907772781499494,3.383532885732778,0.0018753164062370027,0.025040477767735384,0.020688250597075446,RANGRF/TRPM4/SCN8A/SCN4A/FGF12/KCNH2/SLC8A1/KCNE4/SCN2B/KCNE1/KCND3/SLC4A3/GJA1/SCN1A/SCN2A/NOS1/KCNH6/TBX18,18
GO:0048048,embryonic eye morphogenesis,10/1923,35/18986,0.2857142857142857,2.820889978456281,3.619669426582981,0.0018976772691457944,0.025280399731328812,0.020886472282484293,RARG/IHH/ALDH1A3/SOX11/BMP7/PROX1/PAX2/SIX3/TH/VAX2,10
GO:0034764,positive regulation of transmembrane transport,36/1923,216/18986,0.16666666666666666,1.6455191540994971,3.2031045922408454,0.0019137476739193454,0.025435607074840258,0.021014703398793442,WNK3/SLC38A1/EPHB2/PRKCI/ACSL5/KCNH2/TESC/C1QTNF12/EDN3/FXYD6/PIK3R1/IRS2/SLC1A2/GRIN1/NTSR1/ADCYAP1R1/KCNE1/LRRC26/GSTM2/ERFE/STAC2/FGF19/P2RY6/STAC/GAL/FXYD4/KCNN4/BDKRB1/ACTN2/LRRC55/NOS1/JPH2/CEMIP/CASQ1/IGF1/OPRK1,36
GO:0030901,midbrain development,19/1923,92/18986,0.20652173913043478,2.039012864862421,3.353668491357207,0.0019365810342741355,0.025679778461400116,0.021216435924851493,SYNGR3/S100A1/KDM7A/MSX1/TTBK1/MAG/SHH/NDRG2/FOXB1/MAOB/EN2/WNT3/OTX1/LMX1A/GDF7/WNT3A/SFRP2/INA/DKK1,19
GO:0032355,response to estradiol,23/1923,120/18986,0.19166666666666668,1.892347027214422,3.2919386779762005,0.0019743862444928486,0.02599755527295956,0.021478980688272593,RGS9/PTCH1/ESR1/SSTR3/IHH/CCNA2/CRYAB/ASS1/BMP7/WNT7A/ADCYAP1R1/ITGA2/MSX2/TH/IGFBP2/MMP2/PTGS2/GJB2/NQO1/MAP1B/HPGD/SSTR1/FOXA1,23
GO:0042303,molting cycle,23/1923,120/18986,0.19166666666666668,1.892347027214422,3.2919386779762005,0.0019743862444928486,0.02599755527295956,0.021478980688272593,FOXI3/HPSE/APCDD1/TSKU/SHH/TSPEAR/TRPV3/WNT10A/TNFRSF19/FA2H/EDAR/MSX2/FOXN1/EPS8L3/GAL/DKK4/PTGS2/PLA2G10/SPINK5/TP63/FST/DKK1/LRP4,23
GO:0042633,hair cycle,23/1923,120/18986,0.19166666666666668,1.892347027214422,3.2919386779762005,0.0019743862444928486,0.02599755527295956,0.021478980688272593,FOXI3/HPSE/APCDD1/TSKU/SHH/TSPEAR/TRPV3/WNT10A/TNFRSF19/FA2H/EDAR/MSX2/FOXN1/EPS8L3/GAL/DKK4/PTGS2/PLA2G10/SPINK5/TP63/FST/DKK1/LRP4,23
GO:0032330,regulation of chondrocyte differentiation,13/1923,53/18986,0.24528301886792453,2.4217074343351093,3.4794107364640907,0.0019786149799402757,0.02599755527295956,0.021478980688272593,RARG/IHH/MBOAT2/AXIN2/BMP4/FGF18/BMPR1B/RUNX2/GLI3/PKDCC/GDF5/SHOX2/SIX2,13
GO:0042632,cholesterol homeostasis,21/1923,106/18986,0.19811320754716982,1.955994466193742,3.3134053067454827,0.001990593793897179,0.026095369667148666,0.02155979419022553,DGAT2/XBP1/TSKU/APOA1/CYP39A1/FABP3/ABCG4/RORA/GRAMD1B/FABP4/LIPC/APOE/DISP3/PCSK9/LPL/ACSM1/PLA2G10/NR5A2/LIPG/FGFR4/NEGR1,21
GO:0071542,dopaminergic neuron differentiation,11/1923,41/18986,0.2682926829268293,2.6488844919650445,3.548151085371925,0.002001640626906688,0.026180549563290884,0.021630169166836147,FOXA2/FGF20/SHH/FGF8/EN2/WNT3/LMX1A/WNT3A/SFRP2/DKK1/FOXA1,11
GO:0045840,positive regulation of mitotic nuclear division,12/1923,47/18986,0.2553191489361702,2.520795299897102,3.5043575918712637,0.0020202966226310045,0.02630499335574984,0.021732983673313284,AURKA/ESPL1/UBE2C/CDC20/SMPD3/SKA1/DLGAP5/EDN3/DMRT1/FGF8/IGF2/IGF1,12
GO:0050919,negative chemotaxis,12/1923,47/18986,0.2553191489361702,2.520795299897102,3.5043575918712637,0.0020202966226310045,0.02630499335574984,0.021732983673313284,SEMA6C/ROBO2/APOA1/NTN1/SLIT1/SEMA3D/EFNA5/SEMA3E/EPHA7/SEMA3A/PLXNA4/LGR6,12
GO:0031016,pancreas development,17/1923,79/18986,0.21518987341772153,2.124594350862642,3.362523890200743,0.0020659336255319806,0.02677803606967691,0.022123807933921186,FOXA2/IHH/DNAAF1/CCDC40/SHH/MNX1/BMP4/PROX1/HNF1A/IGF2/BHLHA15/MEIS2/BMP5/NR5A2/GIPR/NKX6-1/HNF1B,17
GO:1901568,fatty acid derivative metabolic process,17/1923,79/18986,0.21518987341772153,2.124594350862642,3.362523890200743,0.0020659336255319806,0.02677803606967691,0.022123807933921186,ELOVL3/ABCD1/PAM/ACSL5/ACOT7/ALDH3A2/ELOVL2/DGAT2/GGTA1/ALOX15B/ELOVL7/SLC27A2/ELOVL4/DPEP1/HPGD/CYP4F3/ALOX15,17
GO:0015909,long-chain fatty acid transport,15/1923,66/18986,0.22727272727272727,2.2438897555902235,3.3982908041286906,0.0021025754778074674,0.027191734550071855,0.02246560244413088,ABCD1/PLA2G2C/ACSL5/IRS2/PLA2G4A/FABP3/NTSR1/FABP4/SLC27A2/APOE/ANXA1/PLA2G10/SLC27A6/PLA2G2A/NMUR2,15
GO:0030856,regulation of epithelial cell differentiation,30/1923,172/18986,0.1744186046511628,1.7220549287087763,3.1934574789770216,0.002165585686676262,0.0279438242753854,0.02308697320442926,PTCH1/CEBPB/CEACAM1/HES5/STAT1/MSX1/PLCB1/LEF1/SFN/ALOX15B/BMP7/TP73/BMP4/PAX2/AQP3/MSX2/HOXA7/FOXN1/TP63/GDNF/LHX1/HEY2/FOXJ1/SIX2/SFRP4/NKX6-1/KRT36/FST/SULT2B1/PROM1,30
GO:0072175,epithelial tube formation,24/1923,128/18986,0.1875,1.8512090483619346,3.243849137170569,0.0021710846750308682,0.02795210806443545,0.023093817207381212,PTCH1/TCTN1/RARG/DLC1/HES5/CC2D2A/BMP7/PODXL/BMP4/PROX1/PAX2/LRP2/FGF8/NOG/COBL/BMP5/SALL4/GDNF/TRIM71/GDF7/RET/SIX1/FOLR1/HNF1B,24
GO:0062149,detection of stimulus involved in sensory perception of pain,9/1923,30/18986,0.3,2.961934477379095,3.6102645254396877,0.002187466199266184,0.028100151733876984,0.0232161297511404,NR2F6/EPHB1/ANO1/ADORA1/NTSR1/CALCA/ITGA2/PHF24/SCN1A,9
GO:0006493,protein O-linked glycosylation,20/1923,100/18986,0.2,1.974622984919397,3.2804536361826258,0.002237328664491232,0.02867659954138033,0.0236923865066377,GCNT1/EOGT/GALNT10/TMTC2/GALNT5/B3GNT3/GCNT3/GALNT4/A4GALT/TMTC1/B3GALT5/GALNT14/GALNT16/B3GNT8/FUT3/FUT6/ST6GALNAC2/ST8SIA6/GALNT13/CHST4,20
GO:0043266,regulation of potassium ion transport,21/1923,107/18986,0.19626168224299065,1.9377141440797818,3.2654279810629343,0.0022452740151562706,0.02867659954138033,0.0236923865066377,KCNIP3/GCK/KCNH2/EDN3/ADORA1/KCNS1/KCNRG/KCNE4/KCNE1/LRRC26/ADRA2A/KEL/GAL/KCNN4/KCNG1/ACTN2/LRRC55/KCNG3/NOS1/DPP10/OPRK1,21
GO:0060632,regulation of microtubule-based movement,14/1923,60/18986,0.23333333333333334,2.3037268157392963,3.395471215766965,0.0022472886869092145,0.02867659954138033,0.0236923865066377,CFAP69/TRIM46/EPPIN/DNAAF1/GAS2L2/DNAH11/CFAP43/CCDC40/CCDC65/RSPH4A/CFAP45/DRC1/TTLL6/DEFB1,14
GO:0002067,glandular epithelial cell differentiation,16/1923,73/18986,0.2191780821917808,2.1639703944322157,3.3449559311284895,0.00226273344224812,0.028746205210017507,0.023749894175984103,SPDEF/PGR/CLCN2/RARG/AGR2/BMP4/PROX1/FGF8/HOXA5/BHLHA15/BMP5/NR5A2/TP63/SLC9A4/NKX6-1/FOXA1,16
GO:0061035,regulation of cartilage development,16/1923,73/18986,0.2191780821917808,2.1639703944322157,3.3449559311284895,0.00226273344224812,0.028746205210017507,0.023749894175984103,SMPD3/RARG/IHH/MBOAT2/AXIN2/SCX/BMP4/FGF18/BMPR1B/NOG/RUNX2/GLI3/PKDCC/GDF5/SHOX2/SIX2,16
GO:0051962,positive regulation of nervous system development,46/1923,297/18986,0.15488215488215487,1.5291693149207448,3.085653052092489,0.0023452605056225443,0.0297290180833871,0.0245618866308765,L1CAM/PLAG1/CLCN2/EPHB2/PRKCI/EPHB1/WDR62/SLITRK2/ASPM/NEURL1/TTBK1/SOX11/ROBO2/MAG/LRP8/SHH/SLITRK6/TP73/BDNF/NTN1/CDON/WNT7A/MYB/IL33/GFAP/LRP2/WNT3/SYNDIG1/ZNF488/NLGN1/CX3CR1/GLI3/CHODL/MME/MAP1B/ASIC2/EFNA5/CRABP2/RASSF10/RND2/SHOX2/NKX6-1/WNT3A/ISLR2/FOXG1/PLXNA4,46
GO:0032412,regulation of monoatomic ion transmembrane transporter activity,32/1923,188/18986,0.1702127659574468,1.6805301999314013,3.1480219519942496,0.0023563406533974748,0.02980382518747795,0.02462369168628431,RANGRF/GNB5/WNK3/PTPN3/EPHB2/FGF12/TESC/KCNRG/CACNG8/KCNE4/KCNE1/LRRC26/GSTM2/STAC2/SLC6A9/ADRA2A/P2RY6/PCSK9/STAC/GAL/CACNG4/NLGN1/JPH3/ACTN2/HPCA/LRRC55/FGF14/JPH2/CASQ1/RRAD/HAMP/SHANK1,32
GO:0002069,columnar/cuboidal epithelial cell maturation,6/1923,15/18986,0.4,3.949245969838794,3.8360014229739505,0.002391539558257179,0.029920239473413185,0.024719872276081644,CDKN1A/PGR/HOXA5/BHLHA15/GJA1/NKX6-1,6
GO:0002713,negative regulation of B cell mediated immunity,6/1923,15/18986,0.4,3.949245969838794,3.8360014229739505,0.002391539558257179,0.029920239473413185,0.024719872276081644,C4BPA/C4BPB/SVEP1/CR2/SUSD4/FOXJ1,6
GO:0002890,negative regulation of immunoglobulin mediated immune response,6/1923,15/18986,0.4,3.949245969838794,3.8360014229739505,0.002391539558257179,0.029920239473413185,0.024719872276081644,C4BPA/C4BPB/SVEP1/CR2/SUSD4/FOXJ1,6
GO:0072044,collecting duct development,6/1923,15/18986,0.4,3.949245969838794,3.8360014229739505,0.002391539558257179,0.029920239473413185,0.024719872276081644,PTCH1/SHH/AKR1B1/PAX2/DACT2/TFAP2B,6
GO:2000052,positive regulation of non-canonical Wnt signaling pathway,6/1923,15/18986,0.4,3.949245969838794,3.8360014229739505,0.002391539558257179,0.029920239473413185,0.024719872276081644,MLLT3/DAB2/PLEKHA4/NKD1/RSPO3/DKK1,6
GO:0042537,benzene-containing compound metabolic process,8/1923,25/18986,0.32,3.159396775871035,3.62692922791972,0.0024344501973463,0.030325240012398173,0.025054480613837405,AADAT/SRD5A2/GSTM4/GSTM2/KMO/TH/ACSM1/IDO2,8
GO:0071467,cellular response to pH,8/1923,25/18986,0.32,3.159396775871035,3.62692922791972,0.0024344501973463,0.030325240012398173,0.025054480613837405,SCNN1B/KCNE1/GPR68/SCNN1G/SCNN1D/GJA1/ASIC2/INSRR,8
GO:0021915,neural tube development,27/1923,151/18986,0.17880794701986755,1.765391410358401,3.1699797860638674,0.0024430066383765445,0.030366097632520545,0.025088236866083555,PTCH1/TCTN1/RARG/DLC1/HES5/SHH/CC2D2A/BMP7/BMP4/PROX1/DACT1/FOXB1/PAX2/LRP2/FGF8/NOG/COBL/BMP5/DZIP1L/GLI3/SALL4/TRIM71/GDF7/WNT3A/FOLR1/GSC/FOXA1,27
GO:0030178,negative regulation of Wnt signaling pathway,31/1923,181/18986,0.1712707182320442,1.6909754843232403,3.1356855523130673,0.002474597575274736,0.030692476391607985,0.02535788849254987,SHISA6/MLLT3/IGFBP4/IGFBP6/AXIN2/APCDD1/MCC/TSKU/DAB2/SHH/WIF1/BARX1/DACT1/APOE/GLI1/NOG/TLE2/NKD1/ALPK2/DKK4/IGFBP2/GLI3/CXXC4/APCDD1L/SFRP4/SFRP2/TBX18/GSC/DKK1/LRP4/NOTUM,31
GO:0003007,heart morphogenesis,43/1923,274/18986,0.15693430656934307,1.5494304443710596,3.0753542178556477,0.0024825278301377975,0.030724618628909732,0.025384444162382412,MDM2/RYR1/PTCH1/IHH/DLC1/DNAAF1/TNNI3/MSX1/ADAMTS19/AXIN2/SOX11/DNAH11/ROBO2/CCDC40/SHH/BMP7/BMP4/RBM20/PROX1/LRP2/FGF8/ZFPM2/NOG/NDRG4/MIR17HG/MSX2/RBP4/ALPK2/TH/SYNPO2L/BMP5/GJA1/EYA1/HEY1/HEY2/SHOX2/HAS2/WNT3A/SFRP2/SIX1/FOLR1/DKK1/FOXN4,43
GO:0006937,regulation of muscle contraction,30/1923,174/18986,0.1724137931034483,1.702261193896032,3.1240865496833554,0.002594888580530597,0.03204106901749022,0.02647208537235417,TNNT1/RANGRF/DOCK5/TRPM4/TMEM38A/ADRA1B/SCN4A/ADA/NMU/SLC8A1/EDN3/TNNI3/ADRA2B/ADORA1/GUCY1A1/GSTM2/CHRNA3/ADORA2B/ADRA2A/CHRM2/CALCA/ITGA2/PTGS2/CACNA1S/TNNT3/ADRB2/NOS1/CASQ1/NMUR2/CHGA,30
GO:0048863,stem cell differentiation,40/1923,251/18986,0.1593625498007968,1.573404768860077,3.0700013046314134,0.002600031143556548,0.03204106901749022,0.02647208537235417,EFNB1/ESRRB/ESR1/MLLT3/EDN3/HES5/TCF15/MSX1/MEOX1/SEMA6C/SHH/BMP7/WNT7A/BMP4/WNT10A/PAX2/RBM24/SP7/NOG/CDX2/MSX2/WNT3/RUNX2/HOXA7/SEMA3D/HMGA2/TP63/GDNF/HOXD4/SEMA3E/PDGFRA/ERBB4/SFRP2/RET/SIX1/FOLR1/SEMA3A/GSC/HNF1B/FOXA1,40
GO:0030858,positive regulation of epithelial cell differentiation,16/1923,74/18986,0.21621621621621623,2.134727551264213,3.2832653050998433,0.002620847149764092,0.03222857980105203,0.02662700534296987,PTCH1/LEF1/SFN/ALOX15B/BMP7/TP73/BMP4/PAX2/FOXN1/GDNF/LHX1/FOXJ1/SFRP4/NKX6-1/SULT2B1/PROM1,16
GO:0070588,calcium ion transmembrane transport,52/1923,348/18986,0.14942528735632185,1.4752930347098943,3.0041296079533004,0.0027862929445432367,0.034190012571100915,0.028247526047585687,RYR1/RGS9/GNB5/TRPM4/TMEM38A/GRIN2C/PLCH1/CACNA2D2/SLC8A1/CNGA4/ATP2C2/PLCB1/CACNA1B/CALHM3/PLCB4/CACNG8/GRIN1/TMC1/TRPV3/NTSR1/CNGB1/ATP2B2/ADCYAP1R1/GSTM2/GRIN2B/STAC2/MICU3/NALCN/ADRA2A/CALCA/P2RY6/PLCH2/STAC/TRPM3/CACNG4/BHLHA15/KCNN4/BDKRB1/JPH3/HPCA/CACNA1S/TRPM5/MCOLN3/GRIN3B/SLC8A2/NOS1/JPH2/CEMIP/CASQ1/RRAD/WNT3A/CCL21,52
GO:0032370,positive regulation of lipid transport,18/1923,88/18986,0.20454545454545456,2.0195007800312017,3.218016181769588,0.002807408087727571,0.03425167059841465,0.02829846743665261,PTCH1/ACSL5/ABCA3/MAP2K6/PLA2G4A/DAB2/APOA1/FABP3/ABCG4/MYB/NTSR1/ABCA7/APOE/ERFE/GAL/PLA2G10/ABCA8/LIPG,18
GO:0042310,vasoconstriction,18/1923,88/18986,0.20454545454545456,2.0195007800312017,3.218016181769588,0.002807408087727571,0.03425167059841465,0.02829846743665261,DOCK5/TRPM4/ADRA1B/SLC8A1/EDN3/ADRA2B/AVPR2/COMP/SMTNL1/SCNN1B/SVEP1/ADRA2A/KEL/DBH/GRIP2/MMP2/PTGS2/ASIC2,18
GO:0021602,cranial nerve morphogenesis,9/1923,31/18986,0.2903225806451613,2.8663882039152533,3.491308139659097,0.0028091726363947377,0.03425167059841465,0.02829846743665261,EPHB2/EPHB1/PAX2/HOXA1/GLI3/HOXA3/SIX1/SEMA3A/PLXNA4,9
GO:0006939,smooth muscle contraction,21/1923,109/18986,0.1926605504587156,1.9021597561150154,3.1710088824433895,0.0028378028260881392,0.03452760098126267,0.028526439001758375,DOCK5/ADA/NMU/SLC8A1/EDN3/TNNI3/ADRA2B/COMP/GUCY1A1/SCNN1B/CHRNA3/ADORA2B/ADRA2A/CHRM2/CALCA/ITGA2/GRIP2/PTGS2/GDNF/ADRB2/NMUR2,21
GO:0007589,body fluid secretion,19/1923,95/18986,0.2,1.974622984919397,3.196967530182197,0.002845251312039488,0.03454519261769463,0.028540973076798506,TRAF3IP2/WNK3/ADA/NPR1/AGR2/ANO1/NEURL1/ADORA1/XBP1/SCNN1B/FOXB1/CEL/KCNN4/GJA1/ERBB4/NEGR1/AQP5/ALOX12B/OPRK1,19
GO:0050768,negative regulation of neurogenesis,25/1923,138/18986,0.18115942028985507,1.7886077761951058,3.121297821903085,0.0028896001021681576,0.034722308771589244,0.02868730508414077,DLL3/EPHB2/TRIM46/HES5/SEMA6C/SOX11/MAG/ARHGAP4/BMP7/RTN4R/NTN1/WNT7A/PROX1/MT3/BRINP1/NOG/SLIT1/WNT3/NKX6-1/DAB1/EPHA7/WNT3A/SEMA3A/VAX1/LRP4,25
GO:0019372,lipoxygenase pathway,5/1923,11/18986,0.45454545454545453,4.487779511180447,3.8843800940698143,0.0029020730702231847,0.034722308771589244,0.02868730508414077,ALOX15B/ALOXE3/HPGD/ALOX12B/ALOX15,5
GO:0060433,bronchus development,5/1923,11/18986,0.45454545454545453,4.487779511180447,3.8843800940698143,0.0029020730702231847,0.034722308771589244,0.02868730508414077,SPDEF/AGR2/BMP4/HOXA5/ADAMTSL2,5
GO:0071313,cellular response to caffeine,5/1923,11/18986,0.45454545454545453,4.487779511180447,3.8843800940698143,0.0029020730702231847,0.034722308771589244,0.02868730508414077,RYR1/TMEM38A/SLC8A1/GSTM2/CACNA1S,5
GO:0072178,nephric duct morphogenesis,5/1923,11/18986,0.45454545454545453,4.487779511180447,3.8843800940698143,0.0029020730702231847,0.034722308771589244,0.02868730508414077,BMP4/PAX2/LHX1/EPHA7/HNF1B,5
GO:1904668,positive regulation of ubiquitin protein ligase activity,5/1923,11/18986,0.45454545454545453,4.487779511180447,3.8843800940698143,0.0029020730702231847,0.034722308771589244,0.02868730508414077,UBE2C/CDC20/PLK1/UBE2S/CDC20B,5
GO:2001054,negative regulation of mesenchymal cell apoptotic process,5/1923,11/18986,0.45454545454545453,4.487779511180447,3.8843800940698143,0.0029020730702231847,0.034722308771589244,0.02868730508414077,SHH/BMP7/PAX2/GDF5/HNF1B,5
GO:0010092,specification of animal organ identity,10/1923,37/18986,0.2702702702702703,2.668409439080266,3.4101823305652244,0.002985642707005112,0.03564807837928303,0.029452168830622606,AXIN2/ROBO2/BMP4/PAX2/LRP2/FGF8/GLI3/GDNF/SIX1/DKK1,10
GO:0042692,muscle cell differentiation,62/1923,432/18986,0.14351851851851852,1.416974827141234,2.9430672234628252,0.0030903039851339063,0.03682132388083982,0.030421495261740993,TNNT1/SORBS2/MDM2/UCHL1/ACTL8/RYR1/DOCK5/MAMSTR/CACNA2D2/SPEG/SLC8A1/OBSCN/ADAMTS15/MSX1/XBP1/BARX2/SHH/COMP/BDNF/CDON/RORA/BMP4/PROX1/FHOD3/RBM24/SGCD/KEL/OLFM2/WT1/IGF2/MYOM2/ALPK2/BHLHA15/SYNPO2L/ACTN2/SCGB3A1/MYOM3/CACNA1S/TNFSF14/NPHS1/HEY1/XK/CEACAM5/FLNC/TNNT3/PDGFRA/FZD7/MYOZ1/HEY2/NOS1/SHOX2/TMOD1/CASQ1/MYLK3/MYMX/WNT3A/IGF1/SIX1/MYO18B/TBX18/DKK1/ALPK3,62
GO:0030516,regulation of axon extension,17/1923,82/18986,0.2073170731707317,2.046865289245716,3.1892467347521083,0.0031310793261639953,0.03723008578940866,0.0307592112141861,L1CAM/TRIM46/SEMA6C/MAG/ARHGAP4/RTN4R/NTN1/MT3/APOE/SLIT1/WNT3/MAP1B/NKX6-1/WNT3A/ISLR2/SEMA3A/PLXNA4,17
GO:0032252,secretory granule localization,8/1923,26/18986,0.3076923076923077,3.0378815152606107,3.4907093155034112,0.0032082795538603635,0.03791303661697411,0.031323459947665104,CADPS2/TRIM46/KIF1A/SNAP25/TANC2/KIF5A/BAIAP3/UNC13A,8
GO:0048596,embryonic camera-type eye morphogenesis,8/1923,26/18986,0.3076923076923077,3.0378815152606107,3.4907093155034112,0.0032082795538603635,0.03791303661697411,0.031323459947665104,IHH/ALDH1A3/SOX11/BMP7/PROX1/PAX2/SIX3/TH,8
GO:0072576,liver morphogenesis,8/1923,26/18986,0.3076923076923077,3.0378815152606107,3.4907093155034112,0.0032082795538603635,0.03791303661697411,0.031323459947665104,CEBPB/CEACAM1/FGL1/XBP1/PROX1/GLI1/WNT3A/HPN,8
GO:0001649,osteoblast differentiation,41/1923,262/18986,0.15648854961832062,1.545029434765177,2.9822121430234367,0.00324531658936065,0.03827212494215274,0.03162013596665672,TRPM4/PTCH1/CEBPB/MAP2K6/IHH/CEBPA/CREB3L1/AXIN2/SOX11/LEF1/SHH/DLX5/ID3/BMP7/BAMBI/ACHE/BMP4/SATB2/BMPR1B/DNAI3/ERFE/GLI1/SP7/NOG/IGF2/MSX2/WNT3/RUNX2/HOXA2/IGFBP2/GLI3/GJA1/TP63/TNFAIP6/CYP24A1/LTF/SHOX2/SMOC1/WNT3A/IGF1/SFRP2,41
GO:0098773,skin epidermis development,24/1923,132/18986,0.18181818181818182,1.795111804472179,3.0773767114881405,0.0033002506091706226,0.03884037271120027,0.0320896179133004,FOXI3/HPSE/APCDD1/SFN/SHH/WNT10A/TNFRSF19/ALOXE3/FA2H/EDAR/MSX2/FOXN1/GAL/DKK4/PLA2G10/SPINK5/ZNF750/CLDN1/TP63/ALOX12B/FST/FLG/DKK1/LRP4,24
GO:0001508,action potential,30/1923,177/18986,0.1694915254237288,1.673409309253726,3.0216916413930273,0.003374226565068066,0.03962994669789126,0.03274195788273352,RANGRF/TRPM4/PTPN3/SCN8A/CLDN19/CLCN2/SCN4A/FGF12/KCNH2/SLC8A1/GNA14/KCNS1/KCNE4/SCN2B/KCNE1/KCNK2/NDP/HCN1/KCND3/CNR1/SLC4A3/KCNG1/GJA1/SCN1A/SLC8A2/KCNG3/SCN2A/NOS1/KCNH6/TBX18,30
GO:0001889,liver development,26/1923,147/18986,0.17687074829931973,1.74626522475865,3.0492300858169252,0.003387460531136571,0.03970434899529728,0.03280342848996439,AURKA/PTPN3/PTCH1/ADA/CEBPB/IHH/CEACAM1/DNAAF1/CEBPA/FGL1/CPS1/PCK1/XBP1/CCDC40/ASS1/E2F8/PROX1/HNF1A/GLI1/ITGA2/COBL/PCSK9/CLDN1/WNT3A/HPN/HNF1B,26
GO:0050769,positive regulation of neurogenesis,39/1923,247/18986,0.15789473684210525,1.5589128828311027,2.9681554247118624,0.003437592102261383,0.04021004583031354,0.03322123133486236,L1CAM/PLAG1/CLCN2/EPHB2/PRKCI/WDR62/ASPM/NEURL1/TTBK1/SOX11/ROBO2/MAG/LRP8/SHH/TP73/BDNF/NTN1/CDON/MYB/IL33/GFAP/LRP2/WNT3/ZNF488/CX3CR1/GLI3/CHODL/MME/MAP1B/EFNA5/CRABP2/RASSF10/RND2/SHOX2/NKX6-1/WNT3A/ISLR2/FOXG1/PLXNA4,39
GO:0048670,regulation of collateral sprouting,7/1923,21/18986,0.3333333333333333,3.2910383081989942,3.5264101459203068,0.003498425359894289,0.04030082553816155,0.033296232832937166,BDNF/WNT3/EFNA5/CRABP2/RND2/EPHA7/WNT3A,7
GO:0051383,kinetochore organization,7/1923,21/18986,0.3333333333333333,3.2910383081989942,3.5264101459203068,0.003498425359894289,0.04030082553816155,0.033296232832937166,CENPA/NDC80/DLGAP5/NUF2/CENPE/CENPF/SMC4,7
GO:0090189,regulation of branching involved in ureteric bud morphogenesis,7/1923,21/18986,0.3333333333333333,3.2910383081989942,3.5264101459203068,0.003498425359894289,0.04030082553816155,0.033296232832937166,BMP4/NOG/GDNF/LHX1/SIX2/SIX1/AGTR2,7
GO:1901970,positive regulation of mitotic sister chromatid separation,7/1923,21/18986,0.3333333333333333,3.2910383081989942,3.5264101459203068,0.003498425359894289,0.04030082553816155,0.033296232832937166,ESPL1/UBE2C/BIRC5/CDCA8/CDC20/SKA1/DLGAP5,7
GO:0043584,nose development,6/1923,16/18986,0.375,3.702418096723869,3.6303300775808887,0.003501374938154783,0.04030082553816155,0.033296232832937166,ALDH1A3/MSX1/DLX5/PROX1/GLI3/SIX1,6
GO:0090660,cerebrospinal fluid circulation,6/1923,16/18986,0.375,3.702418096723869,3.6303300775808887,0.003501374938154783,0.04030082553816155,0.033296232832937166,DNAH9/JHY/CFAP43/CWH43/CFAP221/CFAP45,6
GO:1900006,positive regulation of dendrite development,6/1923,16/18986,0.375,3.702418096723869,3.6303300775808887,0.003501374938154783,0.04030082553816155,0.033296232832937166,VLDLR/ALK/LRP8/BMP7/COBL/BMP5,6
GO:1903909,regulation of receptor clustering,6/1923,16/18986,0.375,3.702418096723869,3.6303300775808887,0.003501374938154783,0.04030082553816155,0.033296232832937166,SHISA6/ZDHHC2/SLC7A11/TNFAIP6/FRRS1L/LRP4,6
GO:0021515,cell differentiation in spinal cord,12/1923,50/18986,0.24,2.3695475819032756,3.255256783844418,0.0035308379955993367,0.04031740608070274,0.03330993154996283,PTCH1/TCTN1/SHH/DMRT3/MNX1/MDGA1/GLI3/LHX1/GDF7/WNT3A/HOXC10/FOXN4,12
GO:0022602,ovulation cycle process,12/1923,50/18986,0.24,2.3695475819032756,3.255256783844418,0.0035308379955993367,0.04031740608070274,0.03330993154996283,PGR/ESR1/MAP2K6/PTX3/ROBO2/BMPR1B/MMP2/GAS2/TNFAIP6/PDGFRA/KISS1/AMH,12
GO:0090102,cochlea development,12/1923,50/18986,0.24,2.3695475819032756,3.255256783844418,0.0035308379955993367,0.04031740608070274,0.03330993154996283,CCNA2/SLITRK6/PAX2/KCNK2/MCM2/HOXA1/EYA1/HEY2/KCNK3/HPN/SIX1/TBX18,12
GO:0098815,modulation of excitatory postsynaptic potential,12/1923,50/18986,0.24,2.3695475819032756,3.255256783844418,0.0035308379955993367,0.04031740608070274,0.03330993154996283,GRIN2C/GRIN1/WNT7A/STX1B/GRIN2B/NLGN1/TMEM108/SLC8A2/ADRB2/CELF4/RIMS2/SHANK1,12
GO:0030203,glycosaminoglycan metabolic process,21/1923,111/18986,0.1891891891891892,1.8678866073561864,3.0785644030482318,0.003556427123890436,0.040518290612202,0.033475900808508194,SMPD3/CEMIP2/HPSE/GALNT5/CSGALNACT1/HS3ST1/B3GNT3/HS3ST3B1/CD44/CHST13/UST/LYG1/HAS3/CHST6/TNFAIP6/ITIH2/HS3ST3A1/DSEL/CEMIP/HAS2/ITIH5,21
GO:0035590,purinergic nucleotide receptor signaling pathway,9/1923,32/18986,0.28125,2.7768135725429017,3.3770202238014266,0.0035625117375802278,0.040518290612202,0.033475900808508194,ADCY5/ADA/ADORA1/P2RY1/P2RY14/ADORA2B/P2RY6/NECAB2/CNTN2,9
GO:0051952,regulation of amine transport,17/1923,83/18986,0.20481927710843373,2.0222042616644424,3.1331314334866565,0.0035740189029751465,0.040568991689589676,0.03351778964961847,SLC38A1/SNCG/FGF20/ADRA2B/ADORA1/P2RY1/NTSR1/SLC43A1/CHRNA3/ADRA2A/SLC38A3/KMO/CNR1/GDNF/TRH/OPRK1/CHGA,17
GO:0043268,positive regulation of potassium ion transport,11/1923,44/18986,0.25,2.468278731149246,3.2733253767065404,0.003661604889916778,0.04148137035722649,0.034271589904173415,KCNH2/EDN3/ADORA1/KCNE1/LRRC26/ADRA2A/GAL/KCNN4/ACTN2/LRRC55/OPRK1,11
GO:0048639,positive regulation of developmental growth,29/1923,171/18986,0.1695906432748538,1.6743879111889621,2.97387676690747,0.003869721713233524,0.04375294392860301,0.036148346559147615,L1CAM/RASAL1/CACNA2D2/AGR2/PLCB1/BDNF/NTN1/PROX1/SPTBN4/GLI1/IL7/FGF8/ZFPM2/WT1/IGF2/MIR17HG/WNT3/MAP1B/EFNA5/CPNE6/UNC13A/CRABP2/HEY2/ERBB4/RND2/WNT3A/IGF1/ISLR2/RIMS2,29
GO:0006941,striated muscle contraction,32/1923,194/18986,0.16494845360824742,1.6285550391087809,2.954098166007002,0.0038845363363638687,0.04383432669759621,0.03621558437844292,TNNT1/RANGRF/RYR1/TRPM4/TMEM38A/SCN8A/ADRA1B/SCN4A/FGF12/KCNH2/MAP2K6/SLC8A1/TNNI3/ADORA1/DTNA/KCNE4/SCN2B/KCNE1/GSTM2/STAC2/SGCD/CCDC78/KCND3/STAC/CACNA1S/GJA1/SCN1A/TNNT3/SCN2A/NOS1/CASQ1/CHGA,32
GO:0001755,neural crest cell migration,13/1923,57/18986,0.22807017543859648,2.2517630529782595,3.177334719816246,0.0039308276769401415,0.04426988900350394,0.036575442613530997,EFNB1/EDN3/SEMA6C/SHH/BMP7/BMP4/SEMA3D/GDNF/SEMA3E/ERBB4/RET/FOLR1/SEMA3A,13
GO:0045165,cell fate commitment,45/1923,297/18986,0.15151515151515152,1.495926503726816,2.8918100250529393,0.003963637675619369,0.044552216451541934,0.03680869938481228,SPDEF/FOXI3/PTCH1/FOXA2/IHH/HES5/DSCAML1/SHH/DMRT3/EYA2/MNX1/CDON/WNT7A/BMP4/PROX1/WNT10A/PAX2/IL7/FGF8/WT1/PRRX1/WNT3/RUNX2/FOXN1/BHLHA15/HOXA2/GLI3/EYA1/FZD7/HEY2/ERBB4/GDF7/SIX2/GAS1/WNT3A/SFRP2/FOXG1/SIX1/TBX18/GSC/DKK1/HNF1B/HOXC10/FOXN4/FOXA1,45
GO:0030239,myofibril assembly,16/1923,77/18986,0.2077922077922078,2.0515563479682046,3.10392256790166,0.003987158495584016,0.04464221233868874,0.03688305329623797,TNNT1/ACTL8/OBSCN/PROX1/FHOD3/MYOM2/SYNPO2L/ACTN2/MYOM3/FLNC/TNNT3/PDGFRA/MYOZ1/TMOD1/CASQ1/MYLK3,16
GO:0051966,"regulation of synaptic transmission, glutamatergic",16/1923,77/18986,0.2077922077922078,2.0515563479682046,3.10392256790166,0.003987158495584016,0.04464221233868874,0.03688305329623797,GRIN2C/ADORA1/CACNG8/GRIN1/GRM4/PLPPR4/GRIN2B/GRM8/KMO/CACNG4/CNR1/NLGN1/PTGS2/UNC13A/DKK1/FRRS1L,16
GO:1905477,positive regulation of protein localization to membrane,20/1923,105/18986,0.19047619047619047,1.8805933189708541,3.0375594535134147,0.004040580317925572,0.04515250432944014,0.037304652623545854,RANGRF/WNK3/EPHB2/PRKCI/AGR2/PIK3R1/ERBB2/CDK5R1/STAC2/STAC/ZDHHC2/NECAB2/HPCA/TNFAIP6/EPHA3/CEMIP/DPP10/WNT3A/MTCL1/LRP4,20
GO:0035235,ionotropic glutamate receptor signaling pathway,8/1923,27/18986,0.2962962962962963,2.9253673850657727,3.360895637989335,0.004160250339798445,0.046309943337601654,0.03826091985110369,GRIK5/GRIN2C/CDK5R1/GRIN1/GRIN2B/GRIN3B/ADRB2/GRIA2,8
GO:0051953,negative regulation of amine transport,8/1923,27/18986,0.2962962962962963,2.9253673850657727,3.360895637989335,0.004160250339798445,0.046309943337601654,0.03826091985110369,ADRA2B/ADORA1/P2RY1/SLC43A1/ADRA2A/CNR1/TRH/CHGA,8
GO:0048013,ephrin receptor signaling pathway,12/1923,51/18986,0.23529411764705882,2.323085864611055,3.176199041851174,0.0041999817538758664,0.04666195944701855,0.0385517528596978,EFNB1/EPHB2/EPHB1/CDK5R1/EPHB6/EPHA6/MMP2/EFNA5/EPHA3/EFNA2/EPHA10/EPHA7,12
GO:0048701,embryonic cranial skeleton morphogenesis,11/1923,45/18986,0.24444444444444444,2.4134280926792626,3.186733686351031,0.004411070936544272,0.048912742273241404,0.04041133236055264,BMP4/FGF8/PRRX1/RUNX2/HOXA2/HOXA1/GLI3/LHX1/PDGFRA/SIX2/SIX1,11
GO:0045600,positive regulation of fat cell differentiation,15/1923,71/18986,0.2112676056338028,2.0858693502669685,3.0773069942616273,0.004429612937507718,0.048943842450188395,0.04043702708811578,TRPM4/CEBPB/LMO3/CEBPA/AXIN2/XBP1/METRNL/WIF1/BMP7/FNDC5/LPL/PTGS2/TPH1/SFRP2/SIX1,15
GO:0006633,fatty acid biosynthetic process,28/1923,165/18986,0.1696969696969697,1.6754376841740337,2.9253185119319953,0.004439389358644369,0.048943842450188395,0.04043702708811578,ELOVL3/ABCD1/TRIB3/ACOT7/CEACAM1/ELOVL2/PTGS1/PLA2G4A/XBP1/ALOX15B/ELOVL7/GSTM4/GSTM2/LIPC/ALOXE3/FA2H/ELOVL4/ABHD1/LPL/HPGDS/ACSM1/PTGS2/PLA2G10/SCD5/LIPG/ALOX12B/ALOX15/PTGIS,28
GO:0006865,amino acid transport,28/1923,165/18986,0.1696969696969697,1.6754376841740337,2.9253185119319953,0.004439389358644369,0.048943842450188395,0.04043702708811578,SLC6A12/SLC6A13/SLC6A11/SLC38A1/SLC47A1/SLC1A1/ADORA1/SLC6A14/SLC1A2/SLC6A2/NTSR1/SLC43A1/GFAP/KCNK2/SLC6A9/SLC38A3/SLC22A4/KMO/SLC16A10/SLC7A11/SLC3A1/GJA1/XK/SLC6A17/TRH/SLC17A7/SLC7A2/SLC6A20,28
GO:0099560,synaptic membrane adhesion,9/1923,33/18986,0.2727272727272727,2.6926677067082685,3.2670587538275333,0.004465532966815997,0.04908263408434446,0.040551695671312615,CDH6/ELFN2/SLITRK2/GPC4/MDGA1/NTNG1/LRRC4/EFNA5/LRFN5,9
GO:0061008,hepaticobiliary system development,26/1923,150/18986,0.17333333333333334,1.7113399202634771,2.936268175104553,0.004478249714449743,0.04908263408434446,0.040551695671312615,AURKA/PTPN3/PTCH1/ADA/CEBPB/IHH/CEACAM1/DNAAF1/CEBPA/FGL1/CPS1/PCK1/XBP1/CCDC40/ASS1/E2F8/PROX1/HNF1A/GLI1/ITGA2/COBL/PCSK9/CLDN1/WNT3A/HPN/HNF1B,26
GO:0000819,sister chromatid segregation,37/1923,235/18986,0.1574468085106383,1.5544904349365465,2.871329418524583,0.004503223070076831,0.04908263408434446,0.040551695671312615,KIF2C/TPX2/ESPL1/SPC24/UBE2C/BIRC5/CDCA8/RANGRF/CDCA5/BUB1/TACC3/CDC20/NCAPH/TTK/MYBL2/KIFC1/TRIP13/NDC80/PSRC1/SPAG5/KIF18B/PLK1/CENPI/SPC25/KIF4A/KIF23/RMI2/SKA1/ANAPC4/DLGAP5/SPDL1/NCAPG/NUF2/CENPE/CENPF/HASPIN/SMC4,37
GO:0045444,fat cell differentiation,39/1923,251/18986,0.1553784860557769,1.5340696496385753,2.8594016133035747,0.004546992747130939,0.04908263408434446,0.040551695671312615,E2F1/TRPM4/ZNF516/TRIB3/CEBPB/LMO3/CEBPA/PPARGC1A/AXIN2/MB/XBP1/PLCB1/SLC2A4/METRNL/WIF1/BMP7/FABP3/RORA/FNDC5/FABP4/ALOXE3/C1QL4/ZFPM2/IL11/MSX2/LPL/PTGS2/TPH1/GNB3/HMGA2/LRG1/CNTN2/PDGFRA/ADRB2/NEGR1/WNT3A/SFRP2/TFAP2B/SIX1,39
GO:0001547,antral ovarian follicle growth,5/1923,12/18986,0.4166666666666667,4.113797885248744,3.6221701037585547,0.004562851300629763,0.04908263408434446,0.040551695671312615,ESR1/PTX3/BMPR1B/GAS2/TNFAIP6,5
GO:0033313,meiotic cell cycle checkpoint signaling,5/1923,12/18986,0.4166666666666667,4.113797885248744,3.6221701037585547,0.004562851300629763,0.04908263408434446,0.040551695671312615,TTK/TRIP13/SYCP2L/SYCP2/HORMAD1,5
GO:0045835,negative regulation of meiotic nuclear division,5/1923,12/18986,0.4166666666666667,4.113797885248744,3.6221701037585547,0.004562851300629763,0.04908263408434446,0.040551695671312615,TRIP13/DMRT1/SYCP2L/SYCP2/HORMAD1,5
GO:0048635,negative regulation of muscle organ development,5/1923,12/18986,0.4166666666666667,4.113797885248744,3.6221701037585547,0.004562851300629763,0.04908263408434446,0.040551695671312615,SFMBT1/LEF1/BMP4/FGF8/FGF3,5
GO:0051798,positive regulation of hair follicle development,5/1923,12/18986,0.4166666666666667,4.113797885248744,3.6221701037585547,0.004562851300629763,0.04908263408434446,0.040551695671312615,HPSE/MSX2/FOXN1/GAL/FST,5
GO:0098953,receptor diffusion trapping,5/1923,12/18986,0.4166666666666667,4.113797885248744,3.6221701037585547,0.004562851300629763,0.04908263408434446,0.040551695671312615,SHISA6/CACNG8/SLC12A5/CACNG4/ZDHHC2,5
GO:0098970,postsynaptic neurotransmitter receptor diffusion trapping,5/1923,12/18986,0.4166666666666667,4.113797885248744,3.6221701037585547,0.004562851300629763,0.04908263408434446,0.040551695671312615,SHISA6/CACNG8/SLC12A5/CACNG4/ZDHHC2,5
GO:0098976,excitatory chemical synaptic transmission,5/1923,12/18986,0.4166666666666667,4.113797885248744,3.6221701037585547,0.004562851300629763,0.04908263408434446,0.040551695671312615,SHISA6/GRIN2C/GRIN1/GRIN2B/CHRDL1,5
GO:0099628,neurotransmitter receptor diffusion trapping,5/1923,12/18986,0.4166666666666667,4.113797885248744,3.6221701037585547,0.004562851300629763,0.04908263408434446,0.040551695671312615,SHISA6/CACNG8/SLC12A5/CACNG4/ZDHHC2,5
GO:0030282,bone mineralization,23/1923,128/18986,0.1796875,1.7740753380135206,2.949902403119784,0.004610352051734309,0.04950107473457267,0.040897408125852075,TRPM4/SMPD3/SLC8A1/AXIN2/FGFR3/PHOSPHO1/ECM1/COMP/BMP7/BMP4/BMPR1B/SNX10/ISG15/RUNX2/PTGS2/GJA1/ASPN/PKDCC/ADRB2/LTF/IGF1/ALOX15/NOTUM,23
