Gene,logFC,AveExpr,t,P.Value,adj.P.Val,B
EPM2AIP1,2.521286160064312,4.318886213480384,13.277492258850183,2.4081521765664934e-30,2.5730813760005525e-26,58.254820199708135
AC092969.1,4.595914426496691,-2.464888033949663,13.27089559461686,2.532061972053289e-30,2.5730813760005525e-26,57.384305429504955
HIF3A,4.292507083586855,0.8777132889169107,13.187930750045691,4.757803217781682e-30,3.223253086606497e-26,57.42232773821365
IGSF1,4.2412159061481365,-1.3706271048408054,12.975920771998261,2.3786710698770193e-29,1.2086027706045135e-25,55.3603505610331
HENMT1,2.523413549407781,2.1099936063753435,12.380020912473837,2.1427216292150898e-27,7.258112398694582e-24,51.49314200533347
DNAH17-AS1,3.5771893523871685,-2.423799785370881,12.33291077289844,3.0533607769817727e-27,8.865214918768221e-24,50.49749678794507
MLH1,1.9556833913501466,4.05821587559975,12.165473563954823,1.0727371013448128e-26,2.725288605966497e-23,49.96073112860743
ELAPOR1,-5.0370012365585985,7.75023227283373,-11.882149508483549,8.917550060812404e-26,2.01378097151057e-22,47.85622006067776
LINC01936,2.529058510916126,-0.7823720316973211,11.800110960459538,1.6430151204659047e-25,3.339263930834905e-22,46.93627678310842
RNLS,2.5424476179117086,1.8656653762682474,11.779710095014993,1.9123652374858207e-25,3.533355553332893e-22,47.04078661820157
MX2,2.417225798300735,3.9279302896816506,11.744583705192277,2.4832703627329577e-25,4.205832237682053e-22,46.85420609955939
CDKN2A,3.0582715296377563,4.484867530729578,11.70358011705035,3.3678693988147244e-25,5.265275204731574e-22,46.54242451711103
CTCFL,5.69372259615349,-2.3700811707363765,11.683095670877456,3.9212291002006944e-25,5.692504302319922e-22,45.92583871398293
AC021683.1,3.4016674396308373,-1.3449342605509997,11.468252878160515,1.9256011937987173e-24,2.609061244184342e-21,44.50993264341747
NOL4L,1.2719118290623284,5.51458942927851,11.410982760758516,2.9392510723066998e-24,3.7335836745975854e-21,44.359366298592676
DDB2,-1.030077082531955,4.7889700346992035,-11.285161399641892,7.428125713264808e-24,8.880542764493761e-21,43.48351837320908
L1CAM,4.623556509264841,1.9366441973003596,11.14286932078818,2.112128864705373e-23,2.3848281692373334e-20,42.48541514404082
C10orf88B,3.0943794147878947,-2.7556488112454445,11.107126377265464,2.7444924844046944e-23,2.935740276475843e-20,41.73445925502515
AARD,3.1778876868987194,-2.1938314856464,11.049978829197888,4.1696008328400726e-23,4.035379396506745e-20,41.43682523442436
PNMA3,4.181367421100748,0.378793787627825,10.87841800071408,1.4577029012033872e-22,1.2881023375677235e-19,40.51323287016741
BX322639.1,3.895204420382897,-1.530972847952487,10.830188218070411,2.0701787830931885e-22,1.7530963994827485e-19,39.938515480684714
LINC00839,2.742363476993324,1.1271902434268108,10.782323775625084,2.9307697895955425e-22,2.382598608149592e-19,39.86643536973332
AC021683.2,3.0763419380344774,-1.0549154332233641,10.768908926718822,3.230402408493869e-22,2.5251807134703615e-19,39.60061169609426
AC009237.3,3.5378644979486458,0.18969335250937985,10.730978012910862,4.253035325654523e-22,3.2014329614297233e-19,39.444113962112695
PLAG1,2.808549424576594,0.4224150408513638,10.685202166461242,5.924655968483377e-22,4.300453853694863e-19,39.154314037966735
RSPO4,4.6241308016890414,-0.9533726627772395,10.668606885740028,6.680445744256183e-22,4.556238749509055e-19,38.914175788081685
SPDEF,-3.9783427493662247,6.334857750984586,-10.66767948693651,6.725406538342435e-22,4.556238749509055e-19,39.04907284302704
DLGAP3,2.8878786497307454,0.10321748449493981,10.58754696311562,1.1998059227064897e-21,7.866082442931193e-19,38.447931677604274
PLPP2,-2.0090134786227596,7.598084298307158,-10.560485535543334,1.458363170272996e-21,9.262429085196366e-19,38.19845814523044
KCNK9,2.9341864434871368,-1.2549181104426252,10.516204139934654,2.006293578586547e-21,1.2000726607586014e-18,37.802329462220655
NIPA1,-1.902049700248122,3.8659328941001108,-10.482450644175008,2.557732711539433e-21,1.4852388465522125e-18,37.76406968636496
ALK,3.2555899350272126,-1.358399649067558,10.412415600497937,4.2296366612495985e-21,2.3878648750899123e-18,37.03933231385256
ZNF311,2.9157652764602133,-0.9204475494663253,10.382492437555612,5.241817667020989e-21,2.8793162774198536e-18,36.873707732228866
AC009237.14,3.1889492282079397,-0.22747216681124813,10.36147997494688,6.093365312127443e-21,3.258988331675741e-18,36.79344780368306
AC009237.15,3.188822759012374,-1.896708101105902,10.356521918632687,6.31358801576692e-21,3.2901887905755608e-18,36.56389151068773
MYT1,3.7410809588050764,-2.0295180404231816,10.329646068116618,7.652650262342822e-21,3.888311598296388e-18,36.39792013695343
FIRRE,3.142586301540298,-0.0060621458374957755,10.289461277827298,1.0199301855949084e-20,5.0558685590319316e-18,36.343234216872425
ARHGAP29,1.8296038031095208,4.433025491528398,10.262572745093852,1.2358107406858899e-20,5.98014702230953e-18,36.142315791313976
CLCN3P1,2.58269807638538,-1.6730506604211601,10.229293667700864,1.5669013268356834e-20,7.405977341071728e-18,35.75370208038706
ZNF334,2.8997959788339047,-0.4375259810708322,10.203665532907275,1.8808230357002523e-20,8.687692585811803e-18,35.70087238728444
UCHL1,3.794057064424651,3.4093567041963175,10.161591219455394,2.5374013810056525e-20,1.1210901232078018e-17,35.48649529833501
HPDL,2.3153567383625386,0.4905583844045843,10.132104126379332,3.129021180670011e-20,1.3530686484241979e-17,35.2770760176591
CDKN1A,-1.769116432418353,7.153886824901547,-10.1117672398527,3.615149816109031e-20,1.5307146846374988e-17,35.02572314033
SLC6A12,2.888913500951598,1.7410932907606869,10.102443563650219,3.8624627978191847e-20,1.6020549776097368e-17,35.10499734069802
GPR158,3.7774133565411208,-1.1914772733661907,10.03486920861205,6.235179405776797e-20,2.4847801224119142e-17,34.481880630337116
FIGNL2,2.72178262945776,-1.833964268884268,9.99633768318797,8.188557533414122e-20,3.2004662174828584e-17,34.15604458318796
CPVL,2.0458327002157515,3.1734522366663476,9.964315944754828,1.0266851906958095e-19,3.937047135038044e-17,34.123253276703274
PTX3,2.6509725695656043,-0.7033152460197657,9.955282446521567,1.0942752893383335e-19,4.118527959354128e-17,33.958364089971695
SLC6A11,3.840399193381238,-2.759410258614104,9.949118043682216,1.142920563560512e-19,4.223403187964335e-17,33.74880140135468
AC006206.2,3.3740484940101965,-3.359473769475472,9.905784368729508,1.5512252580300924e-19,5.629839668607786e-17,33.397347580228825
GFOD1,1.6400252282414072,3.164802396799619,9.86998630490261,1.9956976769413726e-19,7.055674439978666e-17,33.47306942050374
GALNT10,-1.477307568924763,6.422840595803565,-9.868721684843289,2.0135264589586827e-19,7.055674439978666e-17,33.336705268493766
FAM218A,2.6605383246794965,-1.3109445091376635,9.855772737687056,2.205447660777384e-19,7.597206484345687e-17,33.20640902331102
BCAM,1.9057242559525172,8.601400376281429,9.809073145282545,3.0614226811648866e-19,1.0137805022747715e-16,32.90530173283308
SRR,-1.1511996583598587,1.9581214403300669,-9.801665528522411,3.2247108665755553e-19,1.0403019627346283e-16,33.013133602514216
SLC6A13,3.158225631774705,-1.6198809629952644,9.785936338982577,3.600706037569866e-19,1.1434492110557806e-16,32.76339364710081
GPR19,2.1070351418270397,-0.9798284733852534,9.769986445663724,4.0264777628738853e-19,1.2589866777330592e-16,32.69790192064836
GPRIN2,3.938364700089365,-1.5228259350605604,9.738110372568869,5.03307516802741e-19,1.5498821168937739e-16,32.450211382590076
TRPM4,-1.5420249476913268,7.027678800490207,-9.726462947884977,5.460238397268545e-19,1.6563266445684464e-16,32.34000379064584
PHF7,-1.241544013498341,1.9105760425666214,-9.722510865993096,5.613217652316216e-19,1.6776916994952174e-16,32.46849509359777
ZNF300,3.0959551682582407,1.7272650968656198,9.711650818429273,6.055885751938218e-19,1.758283171748462e-16,32.402654020600664
AC061992.2,2.075714347088678,-1.0167614918170904,9.697515583775086,6.684408751065662e-19,1.8868600480091458e-16,32.187304395329924
MLPH,-2.908808531798666,6.560234686094717,-9.665070316423455,8.383081757525519e-19,2.290009008773795e-16,31.963874960551966
KCNK15-AS1,2.2281527696422243,-2.423088111869242,9.663919519907065,8.45063351987968e-19,2.290009008773795e-16,31.811615475395882
ABR,-1.0211621971490894,6.37162189656773,-9.659384574487161,8.722142821918917e-19,2.3324846146405275e-16,31.883273121377453
AF186192.2,2.779319136801867,-2.708428638133428,9.650733248301226,9.264375037439428e-19,2.445313743648298e-16,31.68204171365023
CLCN4,2.003906123710418,2.1956554383913005,9.645641437959823,9.599037920239388e-19,2.5011647011659655e-16,31.953128210528792
LNCTAM34A,-1.7894296932173834,0.5783459211355926,-9.570305376299194,1.621281680753322e-18,4.1657200156388013e-16,31.36092074887208
BSPRY,-1.1413677314011128,5.035172715095493,-9.521407833454973,2.2761825042166756e-18,5.711251014283915e-16,30.99963735086199
ZNF717,2.293533340848917,0.9065374696355656,9.516040501594619,2.3624456604606956e-18,5.855408000390631e-16,31.051770337642417
RASSF6,-2.1044699836109038,3.472754701567415,-9.51318537265068,2.4096486138128506e-18,5.900445593630407e-16,31.050131524352032
RYR1,2.2917152191788173,1.8967145359613966,9.50273198750199,2.59060766438996e-18,6.268036925126374e-16,30.98181477541926
GPR173,2.221024394558772,2.5417306449975197,9.495740072253678,2.719117484802407e-18,6.501569854249896e-16,30.92694720868557
CLDN9,3.2186857974831433,1.432435674851945,9.44879186455253,3.7622058445269295e-18,8.89105483536806e-16,30.619141691303987
LINC01224,3.504409830729669,0.5703425658982988,9.446991584301445,3.809289715523026e-18,8.898851054975859e-16,30.599396955343952
FBXO17,2.3068464055237756,1.8358011212342487,9.442169571543012,3.938306536888554e-18,9.09569796087761e-16,30.571166214374028
TRO,2.509247203401084,3.0043776244570797,9.43290223223158,4.1985727497207894e-18,9.587841861272509e-16,30.486508766916014
GLIS2,1.4997225108266843,4.557222335769282,9.422276672381951,4.5180676191973746e-18,1.020280069917416e-15,30.30733625209228
THEMIS2,1.3172819527765274,4.678410107748246,9.412843369602852,4.821886756410124e-18,1.0769233674426302e-15,30.234804957316218
UBE2E2,1.5027624562545348,3.9868636659249206,9.407877578643587,4.989887467195181e-18,1.1023312269921182e-15,30.267964568005386
CRTAC1,3.853821688885941,-0.540747317826992,9.392177068960496,5.560263928819796e-18,1.2151269256917583e-15,30.17325806807129
SST,5.313923706410956,-0.21330421735905158,9.300283039723462,1.0459927697556639e-17,2.214453859636887e-15,29.59965978094956
SYT13,3.762472464921801,0.8276529641402862,9.287859447941448,1.1390436585991958e-17,2.3865900327185626e-15,29.53661259304647
TMEM62,-1.0517909060435091,4.564075414319923,-9.248500847549087,1.4915979082482285e-17,3.0933914170649993e-15,29.178417668282737
NANS,-1.0100543061617255,5.910508395737527,-9.226459727216392,1.7343595035983802e-17,3.560517429407422e-15,28.946052644740824
AC132008.2,1.0402682557886598,2.782128081727798,9.213925161270051,1.8895145051746645e-17,3.840249280316988e-15,29.017695042747338
RGS9,1.723703145304836,1.9006360118936438,9.207192915581066,1.9784579684088515e-17,3.981205915835792e-15,28.992694995673244
POU2F3,1.953336292755968,0.3088437471998937,9.187085340732603,2.2696208769285282e-17,4.522330853205432e-15,28.841575459935303
EYA4,3.769257306166198,-2.453919250582427,9.170380679150464,2.5435753398476367e-17,4.970733192986863e-15,28.587892705136742
CDKL2,2.729351768000669,-0.4332419466046148,9.080558340125856,4.6867003297814533e-17,8.902102570325071e-15,28.102317975459293
ANKLE1,2.0658171642086947,0.893749625353881,9.05879352431486,5.4325423985717855e-17,1.0223239973016016e-14,28.01041366226974
CXXC5,1.270056482254935,6.571859407256371,9.043115654229267,6.041692896941477e-17,1.1265262975911798e-14,27.683930515747253
EPHB2,2.245169971558408,4.3554983048411655,9.035124656252103,6.377786655810348e-17,1.1783830544789955e-14,27.724442329204734
RPS27L,-1.0941829265801708,5.523279355782119,-9.018062578824441,7.158772618620411e-17,1.3026562848647786e-14,27.571809129458273
PMM1,-1.3716691916478103,5.246342835331867,-9.017654246796514,7.178582164182995e-17,1.3026562848647786e-14,27.594547853660593
LINC00954,2.0621597725057397,-0.6030313335086082,9.008952623296475,7.613900768725043e-17,1.3694240639253785e-14,27.6368361111224
TFF3,-5.272763713877932,6.866769931455683,-8.991499625383065,8.567540104538968e-17,1.5274270621460524e-14,27.474756582175267
FAM24B,2.7093364954183596,-1.3306531115535607,8.977362284341046,9.42617080231037e-17,1.665891264227443e-14,27.399131445451683
FOXI3,3.2404308240820408,-3.0178050033074344,8.932842336430095,1.2727974741174598e-16,2.192231852878242e-14,26.99750761612642
FAM110B,2.296063008526448,2.0891185636875567,8.930504195952036,1.29300642258681e-16,2.208324582575994e-14,27.151381024691723
MAG,3.5859535838692187,-1.563881214874997,8.928149687567235,1.313678542369794e-16,2.2249335579269748e-14,27.044410301159534
AP000688.2,3.0866515341300307,-2.5285342077326725,8.924895334023754,1.3427920085970276e-16,2.2554466762583462e-14,26.95367510478252
ALKBH3,1.957262364862565,2.968062372316582,8.92318063241102,1.3583883361786868e-16,2.2629413561061992e-14,27.087268080247718
IL20RA,-2.69190614379824,4.06605395345138,-8.919724053547721,1.390376596919465e-16,2.2973995086009112e-14,27.072867079789905
GABRE,2.369432786289826,1.895394950430032,8.917077549262988,1.4153723685854873e-16,2.3198409692847938e-14,27.067070116262002
COX16,-1.083442677449052,2.7014745253355015,-8.903308292021634,1.552794763206493e-16,2.5247200613927013e-14,26.97932144066187
SORBS2,-1.6927556488927396,5.490067455536514,-8.899877596292894,1.5890457302831365e-16,2.5631559858947988e-14,26.82121645754194
NR2F6,1.0179830021559662,7.370300761218444,8.874178598424548,1.8886649917241403e-16,2.9988458821719865e-14,26.55409328784925
KLRG2,2.6284147822258435,-0.8860944356298309,8.87023850486904,1.9393112157268045e-16,3.0553923370877187e-14,26.736984376402837
DOCK3,1.9968777819725336,0.26618242599331154,8.865841814722005,1.9974184528828385e-16,3.12273327972237e-14,26.733833278507674
TNNT1,3.747585283879638,1.6166326862384974,8.862613809636096,2.041176672477908e-16,3.166784327590916e-14,26.688522603105667
HERC5,1.7615183960526966,2.550217428120892,8.843036689488663,2.327687636545075e-16,3.5605978931087526e-14,26.54810114238608
MDM2,-1.0321932832462215,6.221610901114952,-8.842885369594747,2.3300507763406027e-16,3.5605978931087526e-14,26.376466211735146
AC006460.2,1.7126801759634125,-0.7007802300090546,8.831416835132055,2.516254220281023e-16,3.81644408753668e-14,26.47281365979159
LINC02609,1.8932288909360895,0.019557875819296678,8.801427246211963,3.0758686785725874e-16,4.56306241046053e-14,26.30520355504133
MLF1,2.8720870780580805,2.8850022193949223,8.799285676806546,3.1202566283929066e-16,4.595369254743293e-14,26.252755166299043
AC144831.1,2.2987931948186624,-0.6347839575320944,8.774828576329284,3.6745254234911736e-16,5.334361050502472e-14,26.11441392490953
NUDT18,-1.228242365155424,3.7081293111319678,-8.768774684278732,3.8261680719947217e-16,5.515109212427002e-14,26.0491837357756
CRELD2,-1.0227878962041395,6.506064920608033,-8.76554431611386,3.909607852609393e-16,5.59569507017136e-14,25.852599899409498
CLDN6,6.061771169396852,0.3253124701284425,8.739980852787403,4.636788171728342e-16,6.547279577968194e-14,25.919009332178838
NPR1,2.2248506368183527,3.6604534539435343,8.739912849944528,4.638891257761366e-16,6.547279577968194e-14,25.81396809623608
WNK3,2.1849865981132353,0.4716325524768909,8.73524109462844,4.785659827870597e-16,6.707844851147726e-14,25.88707251433266
CLDN19,3.652172574762248,-2.8597493516535453,8.714720747263092,5.4868054908293655e-16,7.585975156164355e-14,25.619368342038896
MPV17L,2.675854725476777,1.2130575266353143,8.703996764463929,5.892825785939444e-16,8.092283194150896e-14,25.685384286702103
IGF2BP1,3.422083120589581,-1.2657064622800251,8.68179033201287,6.830704632383159e-16,9.220823406671718e-14,25.50673646942717
GDPD5,1.268655975929983,3.951448855200068,8.681349690363012,6.850739689074145e-16,9.220823406671718e-14,25.402437251160435
PARD6A,-1.2110461060872004,2.8228758191008128,-8.67801287960372,7.004360770585333e-16,9.365567651406336e-14,25.49169117246776
TMEM63C,2.6725558745601106,3.19344951015599e-4,8.67020426661915,7.377334266843521e-16,9.799800107145602e-14,25.4649628640881
SLCO3A1,1.8330425097218033,3.8896650273977813,8.656957077648826,8.055643145716382e-16,1.0631356577502581e-13,25.26350317201858
MAP3K15,2.0976557022546376,-2.0381463162798843,8.652532378772554,8.295705143361037e-16,1.0877542666688369e-13,25.26263867406877
GAL3ST3,3.8429685020800486,-1.8636870482376426,8.643405841678916,8.813495469123768e-16,1.1409266363979076e-13,25.22491896235389
PNOC,3.4285624353836894,-1.3038882217179195,8.625128304414527,9.948726517950735e-16,1.270510012567839e-13,25.141368504607115
AC003102.1,-1.2943692902491524,1.7236862575027572,-8.624321519901958,1.0002046940112884e-15,1.270510012567839e-13,25.169770710253726
ACTL8,3.3324623570122895,-1.883012990551882,8.605224959940442,1.1350239579630496e-15,1.4239646247926556e-13,24.995691889465952
IGF2BP2,3.3585635804456535,3.2585601207561434,8.590206241979383,1.2535807108076273e-15,1.5535228272228182e-13,24.865900870550547
NT5E,-2.671105306600575,5.350761069782103,-8.584580048083946,1.3010865929487708e-15,1.5929689105476396e-13,24.798648408659623
AC006946.2,2.86517340355031,-2.353674485556366,8.582183072286695,1.3218640651327335e-15,1.60871648262022e-13,24.81927324391329
KIRREL1,1.270088746949165,5.146042185528663,8.552326914115758,1.609941055913466e-15,1.9247318835520752e-13,24.48417105598285
MB21D2,1.670708334225075,2.2060838270197056,8.55114193333825,1.6225768387047204e-15,1.9284942496979377e-13,24.68118552711998
AC067930.9,1.2154974791994815,-0.9232333985716816,8.545783753868339,1.6809508364231192e-15,1.986258418573458e-13,24.630640622070466
CCNE1,1.615706075224403,4.403374094411458,8.544301315085512,1.6974654876230155e-15,1.9941785300838247e-13,24.464098534914758
MTUS1,-1.2188584719342526,5.6531607901072976,-8.539311473730741,1.7542438381456947e-15,2.0490374578432814e-13,24.410943055735736
LINC02613,2.044421965439552,-2.0288208939812695,8.517978536811547,2.0189817754007362e-15,2.344787748756832e-13,24.39232682728572
SEC14L1P1,1.856198807518723,-1.4543479130745451,8.504954974754588,2.1996861028935015e-15,2.525786460746188e-13,24.328182986526688
NUAK2,1.0593838219131664,4.995048619007301,8.502137174578905,2.2408445891673888e-15,2.5585913163055063e-13,24.168817289469942
RNF212,3.387698752297776,-0.0031257512626475356,8.488687095412303,2.4480647351634955e-15,2.772070715092683e-13,24.297829979950286
VASN,1.607828279109273,6.1317183207967405,8.488251062380224,2.4550911666831476e-15,2.772070715092683e-13,24.03703834232003
AC130371.2,2.178990268256629,-1.1111014781289055,8.472825950944696,2.7169420424931657e-15,3.050780666940945e-13,24.161950249868568
TLCD3A,-1.0875747073875797,5.4962097551338776,-8.470857408182033,2.752291021801727e-15,3.073492457532873e-13,23.968823764454818
NKAIN4,3.0662723567900363,0.6430820003772887,8.468405321188678,2.7969609740003624e-15,3.1063079145127524e-13,24.167453219613698
FGF12,2.412397479345929,-0.07915187104898051,8.4663279010610335,2.8353671942131644e-15,3.118402070934212e-13,24.150030893826095
C2orf16,1.518106803800377,0.8263679635350177,8.46615765903685,2.838537606390618e-15,3.118402070934212e-13,24.154191189545106
PCSK1N,2.9283202411741494,3.2253784019309397,8.459228323823277,2.9706075678816805e-15,3.2459477532057673e-13,24.03262978585764
FAM90A1,2.4101946776000553,0.519418467120495,8.455074689952056,3.05267409254825e-15,3.317783329248697e-13,24.082664681218247
ZNF512,1.353402361104743,4.432127322262834,8.449006757806215,3.1766167877386073e-15,3.43412551031912e-13,23.88425319946732
FCHO1,1.6819628509826083,3.0292868378198574,8.422405219703654,3.781504597784114e-15,4.0664179600721867e-13,23.762921119867695
SCN8A,1.8916255884264908,0.045223968513768996,8.40498893723058,4.2379943590850295e-15,4.5095810133007406e-13,23.762062715099397
BEX2,2.3132112519676467,3.188044098615988,8.364241341036236,5.530415231990628e-15,5.823842444299354e-13,23.432468651420464
GSR,-1.0639944708824736,7.148548418714945,-8.361204092540921,5.6410849701516834e-15,5.909763450173341e-13,23.207602595492517
PARD6B,1.2503379082551844,3.645830580279851,8.350165662403086,6.06209008381913e-15,6.318252249412308e-13,23.2940582614042
TLCD5,1.06321459316582,2.3766483423409133,8.348141480050755,6.142601917210628e-15,6.369502110479021e-13,23.374754633240208
LINC01606,3.273898692985172,-2.9417663911835685,8.332053169243997,6.82133235351921e-15,6.990054351602043e-13,23.19270523202404
GRB7,1.5821637675983684,5.459304043843905,8.331538541419043,6.844227592840024e-15,6.990054351602043e-13,23.043734551559204
DSCAML1,2.683257316196998,-0.9128634316226745,8.329536736210292,6.934011918921289e-15,7.046342912007815e-13,23.26207608055043
NHLRC1,1.436275637050064,1.6526834389743543,8.326649215874562,7.065580791052349e-15,7.108953663235046e-13,23.26192536400034
ANKRD37,-1.1996352934533585,2.2496360639286315,-8.29801304097138,8.511887054207534e-15,8.438809389742142e-13,23.07889777921332
GCK,2.38111018230075,-1.4529006219417708,8.28921165335207,9.012700072512398e-15,8.891947391929222e-13,22.99153852374291
CECR7,3.0700040671313884,-1.196914479382338,8.26769634832111,1.036317684634393e-14,1.0126019530052597e-12,22.885115971346153
GRIK5,2.5244953458820865,1.6745074548397034,8.258602282432536,1.099255593249463e-14,1.0654870215875367e-12,22.805770708869293
MAGEH1,1.408235898665534,2.6220598711550713,8.258367956251648,1.1009263655450832e-14,1.0654870215875367e-12,22.781560294847793
NUPR2,3.554877977117963,-1.18676473523181,8.25201776868173,1.1471739141670118e-14,1.1049840109730023e-12,22.754404508671925
DNAH17,1.1382902273328168,1.5048570504988885,8.242514564026262,1.2200011296330037e-14,1.1640987304535759e-12,22.730708946943093
AC005537.1,3.1206408581469125,-2.639202708842077,8.231246902880278,1.3123011144256104e-14,1.2405212953295862e-12,22.548095400539957
LINC00667,1.7309939495273647,2.472514942056182,8.2287102391745,1.3340155980454188e-14,1.2494254845472391e-12,22.60606320998842
SAMD12-AS1,1.6004020142549296,-1.3454204005294552,8.22250581977176,1.3886377885869195e-14,1.2887065943032216e-12,22.561621690442063
VMAC,-1.318760492387963,3.593100400861173,-8.19290319986343,1.6813075504025234e-14,1.5532224842900401e-12,22.36138798594226
TOMM40P2,2.0363603789750804,-2.2727703502865144,8.181007158307969,1.81543370327133e-14,1.6545683670532067e-12,22.290568990788117
B4GALNT3,-1.4824448237479935,6.7636568183469565,-8.170746791605756,1.9395898332675974e-14,1.7520099453924732e-12,22.00314116774998
CLCNKB,2.1260123014028336,-0.5068259934439274,8.144022720502493,2.3038232064391044e-14,2.0536360898100156e-12,22.111806499924004
SUSD3,1.7661101731882434,2.393539492186898,8.142519462288776,2.3262129280796104e-14,2.055563110882174e-12,22.056775229980516
LINC00324,-1.071995516155288,1.1195310140533017,-8.119973393212796,2.6890385778276846e-14,2.3658883141025913e-12,21.969585254348313
MACROD2,2.046769850338629,2.706014981081887,8.11638853959954,2.7516756150443984e-14,2.409823207771177e-12,21.883101007080413
CFAP20DC,2.482593163048275,-0.47602970699716984,8.115508232178714,2.7672765054875652e-14,2.409823207771177e-12,21.933480845422356
AC005256.1,-2.873694380278284,-3.0539792634978937,-8.115099741887917,2.7745455157373323e-14,2.409823207771177e-12,21.767346018128524
IDNK,-1.1741541148356531,2.7348034013097253,-8.097243540200264,3.1114567240974014e-14,2.6909466578959826e-12,21.801324332954856
KLK8,3.611439869998576,-0.5364354512207413,8.095988273505242,3.136609581663837e-14,2.701205641429484e-12,21.81094187425636
LRRN2,2.6384087612384257,4.484912857232626,8.094784140725382,3.160926905416172e-14,2.710661536948451e-12,21.615233664847576
PCK1,3.8418343633343115,-0.19794539570193803,8.091653801959046,3.225020246524703e-14,2.7424816523166554e-12,21.791640712191032
KIF13B,-1.1972360213313413,5.872255120573839,-8.090300836507483,3.253118600402899e-14,2.7451693221345075e-12,21.52298618378332
C9orf152,-2.9785231740368605,3.424442316087668,-8.075811060590205,3.5696599772710646e-14,2.9733512040187346e-12,21.669559293795103
BX322234.1,1.5410015831905362,-0.5275362880299144,8.072142198449114,3.654530943911809e-14,3.019296215612342e-12,21.662007116202457
ADIRF-AS1,1.5555090251817707,0.5698108343591545,8.063065855834015,3.8731691128872925e-14,3.1869752651951955e-12,21.61428421216928
DOCK5,-2.042994046936441,4.945041455064285,-8.05902985817039,3.9745026994015026e-14,3.25716906704178e-12,21.448436543420584
PEX11G,-1.2256665539530949,3.1176353857074472,-8.057037413742126,4.025490785095458e-14,3.285705811898799e-12,21.5345470188609
AP3B2,2.2867515592726972,-0.18473341883305475,8.049910442087947,4.213230660210158e-14,3.4115418302036354e-12,21.533284024414364
SMIM31,-3.866973774626776,-0.4184291824642027,-8.045950304818776,4.321267372852271e-14,3.485136431978157e-12,21.44222292816483
SCN4A,2.2393718696408094,-2.370307601373371,8.043388745031304,4.392604855577338e-14,3.5286680270653684e-12,21.428735545790655
TANC2,1.4901125271215117,3.919891116314811,8.041963024146247,4.4328136240494496e-14,3.5319273166629184e-12,21.323167649032733
WDR31,-1.0495967101802108,2.961298354018108,-8.0414894064849,4.446251207616932e-14,3.5319273166629184e-12,21.444700977580506
TTC9,-1.438064693514474,4.986165017833905,-8.040700730713413,4.4687171923130574e-14,3.5319273166629184e-12,21.296510615952172
ADGRL2,1.7106759568927066,5.3118999687117325,8.04045864020329,4.475635816113624e-14,3.5319273166629184e-12,21.21779338406421
RAB39B,1.8262205448690572,0.23272292559698782,8.04018207386772,4.483552684998194e-14,3.5319273166629184e-12,21.47350567897937
AL731563.3,1.0823948703637083,-0.4180017646378425,8.028967818768349,4.816510525265261e-14,3.765029227518891e-12,21.39612852723571
DIRC3,1.9279545551589812,-2.127915629068526,8.027916802627628,4.8489422502315714e-14,3.775858325429366e-12,21.34217928186978
ZNF192P1,1.735722054155943,-1.3927917343439729,8.025121765767244,4.936245260462627e-14,3.829169796703909e-12,21.35685893877811
ARHGAP23,1.159522529556111,4.7712219810050795,8.016342326750987,5.220712351684786e-14,4.0344394614312394e-12,21.091716021477755
NMRK1,-1.055704294830203,4.210392520288798,-8.013853765835586,5.304255447882532e-14,4.083473019801689e-12,21.176133799287825
MAL,3.3083900447807237,3.159051292007405,8.010505971797564,5.418733803692827e-14,4.155862106651057e-12,21.15504574449625
POC1B-AS1,-1.2305925022536677,1.74687937394345,-8.009557519713976,5.451608344551793e-14,4.165356691528972e-12,21.280493162000383
GRIN1,-2.763078566724185,0.958226113654051,-7.988020680709305,6.253566273001387e-14,4.742443318376126e-12,21.148760391894417
MIR34AHG,-1.445951652313466,2.4940277207727486,-7.9802614461248975,6.570222992647926e-14,4.945674522317647e-12,21.08613253600067
CLDN16,3.390905016071321,-0.6175997652417369,7.973697151736981,6.850462936026158e-14,5.118706202639546e-12,21.05759956480789
AL133227.1,1.4129568092459404,-1.4891804762875924,7.9665266179207075,7.170108971535318e-14,5.3184414137767804e-12,20.978928568717862
AP005262.1,2.7422384146419425,-3.014485298882954,7.952998961146523,7.813836384901896e-14,5.7539279234328315e-12,20.844182146414276
ADCY9,1.503271578932087,3.3044049253844188,7.939281538411983,8.524940654455544e-14,6.254905915565144e-12,20.71549785437591
THRB,2.350820123528915,1.9299725022493837,7.929681401530291,9.06031782010672e-14,6.623809330066509e-12,20.756008787993775
AP000251.1,2.5324079893288003,-0.8751228553957326,7.92809545123641,9.151908151501123e-14,6.666787859179527e-12,20.76988523274249
AL512353.1,1.114097553899934,-0.16833606871419213,7.92161368897769,9.535853293048351e-14,6.921667225996954e-12,20.73949175340259
TMEM220,-1.2788054631942782,2.020284826560626,-7.915502216879547,9.912439294992954e-14,7.169409830300241e-12,20.695004563176656
CD47,1.0854443668066702,6.901835115231748,7.907002989483426,1.0460722227826107e-13,7.512498888987202e-12,20.33068386023793
SNX32,1.4653324964694656,-0.48596240463848067,7.8901297621242925,1.1639614891458345e-13,8.271452204685294e-12,20.54512680088627
SLC43A3,1.3639083159142662,3.579418677773431,7.8839377243102415,1.2104423293648145e-13,8.524096956300252e-12,20.354514309063063
FBXL8,-1.2073640556233887,2.582185192418352,-7.882436728613714,1.2219832533795343e-13,8.543427304238103e-12,20.468040776301073
AC007240.3,1.3829106476112443,-0.4086257728212965,7.87444305719671,1.285302942890208e-13,8.946060620308421e-12,20.448266348000892
S100A5,2.1358587992772904,-2.353085224335051,7.852322352687138,1.4779382786585738e-13,1.0216876726345869e-11,20.273168040924336
ALOX12P2,2.7899675202229153,-0.2749442038005966,7.8505680155331605,1.494384414104941e-13,1.0295548756701296e-11,20.306062785754477
AP000662.1,1.9040323292314232,-1.2805267139527263,7.846723656581864,1.5310590171533848e-13,1.0477186351725722e-11,20.266881659036805
RNF182,3.04758173436978,-0.09808022829510768,7.8412238145847235,1.5850789683290433e-13,1.0810451326281702e-11,20.249292083453142
NPDC1,-1.3823954573272292,7.227989958078776,-7.835180697997381,1.6466096898160576e-13,1.1192540246094165e-11,19.889942632944212
CDC25B,1.1088600711515504,6.112352524843662,7.823404613338748,1.7733768690406782e-13,1.2014037162127582e-11,19.817853956952995
VGLL1,3.167928956824082,0.36181728460723567,7.811632922916492,1.9097324964378879e-13,1.2852120283974714e-11,20.067099488019167
PTPN3,-1.0307425407269655,5.512033693665888,-7.809839789180459,1.9313933486929632e-13,1.2954996177833592e-11,19.795801742637792
AC010894.1,1.2527314499868625,-0.9663768078228504,7.808321496058425,1.9499239390635685e-13,1.3027095318077718e-11,20.036868099789483
BEX4,1.6775353128920423,4.811572311878545,7.807911199571209,1.9549616571608461e-13,1.3027095318077718e-11,19.81339357776597
PTP4A3,1.1753302227880518,5.929505693091483,7.801536371451748,2.0349067876875762e-13,1.3515505082667418e-11,19.69336250719972
IQSEC3,1.912950512138559,0.5659820400845403,7.800029150363441,2.054275973772208e-13,1.3599708433533013e-11,19.994335756629816
GLDC,2.795029348809032,2.4224159562475167,7.774015862840137,2.418786626810606e-13,1.5909197217896038e-11,19.74239170180287
AC022144.1,1.6210518252221926,-0.8390030306217157,7.762568139759112,2.598805798714739e-13,1.692888751701229e-11,19.76388916646691
KCNS1,2.105849081781591,-0.14693809428472282,7.757583924473834,2.681264219474461e-13,1.7410228113929373e-11,19.740428800780805
PIK3R3,-1.0380729893665128,6.628871041339449,-7.755498869644575,2.7165216059506206e-13,1.7582988891509688e-11,19.40197464893687
LRRC26,-3.953449895211347,0.25275327302758366,-7.744716272815954,2.90629426172277e-13,1.869225461242202e-11,19.64539347124198
GCHFR,-1.314783201849478,0.7747042261560094,-7.739760117953985,2.9978619101884107e-13,1.9159919956814232e-11,19.632093153147515
DUSP9,2.627955104148262,-0.7477971756766965,7.736802354161812,3.053860848011985e-13,1.9456635697490776e-11,19.614423961919098
AC009005.1,-2.0548951219968647,1.4955942605206791,-7.735290886611755,3.082875163888875e-13,1.951911365447897e-11,19.601801332485994
CDH6,2.241186287883857,3.9610279986946475,7.734145052798648,3.1050521445575614e-13,1.959847198322605e-11,19.39298268934706
FA2H,-1.5447881258691059,2.9758040870868308,-7.733041868207692,3.1265526348692204e-13,1.967308227587679e-11,19.532948682408865
AC104472.4,1.5352446068709718,-1.8206124746057744,7.732456202105779,3.1380266889547737e-13,1.968433778590025e-11,19.55464934520076
SMIM10L2B,1.3160374809957267,0.26507591039078277,7.729126179913009,3.2040621759328953e-13,2.0036726050356972e-11,19.56595888739499
SMC1B,2.1138543250723734,-1.3549821376017714,7.721763765486088,3.3549758536489175e-13,2.0916113266736382e-11,19.510539268253787
LINC01993,2.3359286925357168,-1.5722621831501356,7.705487182061013,3.713993979290737e-13,2.2943226028907276e-11,19.392608167861855
UAP1L1,-1.0316491884180943,4.665276749711268,-7.697316078637374,3.9082857371431833e-13,2.3925301000511463e-11,19.13801760717134
KCNJ12,2.749589710133235,0.9583417878779119,7.686685301975871,4.1761656412527876e-13,2.54884055533999e-11,19.29350702790393
IQCA1,2.881746802772672,0.9120865831600827,7.683762486185563,4.2529439569498875e-13,2.587929131169147e-11,19.289019817268308
ATP2C2,-2.2537352489975686,4.158747193267901,-7.681856974181679,4.3037485351255203e-13,2.608361127717953e-11,19.167530190212627
ZYG11A,2.5028505011482514,-0.430751088486046,7.6815425464326745,4.3121892290554627e-13,2.608361127717953e-11,19.280672362298816
GAS6-AS1,-1.91308696081223,1.1925564042979953,-7.668604573067817,4.674059271317661e-13,2.8097963426576427e-11,19.20218606904562
NDUFB4P11,2.736298738602785,-1.865486946580946,7.667698226699747,4.700505591928747e-13,2.8097963426576427e-11,19.181713035222877
GSTM2,1.579404611051591,1.7942148030853031,7.665787726146933,4.756737459836956e-13,2.835071323569686e-11,19.151431307035043
ZNF516-DT,-1.4030883981098776,-1.0809938404389812,-7.6580720091773875,4.990677024115539e-13,2.9485616232012855e-11,19.100832908807394
CNTFR,3.1424965189512166,0.24010267370473773,7.649164270033609,5.274923339477434e-13,3.10746498410259e-11,19.082758661607
ZNF22-AS1,1.088024049090491,1.1517676713918155,7.64418833020891,5.44060886556089e-13,3.192347970030861e-11,19.044296614208157
ZDHHC19,2.212052392539331,-1.9985963602372296,7.643898191077427,5.450426813622853e-13,3.192347970030861e-11,19.02959782287268
MNX1,-3.252562345924456,1.481617316298326,-7.6415439938440315,5.530739889237339e-13,3.2300792387603354e-11,19.038559628135268
SSC4D,1.8477128968867238,1.817365262724699,7.637781665655979,5.661525139433143e-13,3.287566769538263e-11,18.97024582185678
KCNT1,2.1632755465596905,-1.4278179686939512,7.626970199066028,6.054598542199868e-13,3.495842635558811e-11,18.943612985378657
KLK7,3.5391089966559526,0.6707268150818853,7.620984495583373,6.283693872872562e-13,3.607621307126044e-11,18.89831526377214
PGR,-3.3626567611810136,6.171733639300507,-7.613024674446721,6.601660020182382e-13,3.779496852117936e-11,18.68012925849614
KLHL30,1.8733711080681406,0.5178093000095528,7.591478879406066,7.544285508173811e-13,4.307024119891139e-11,18.731831641983664
SLC8A1,1.5572439494777361,2.997062365329802,7.5841788372691745,7.892892922829106e-13,4.493421730072234e-11,18.567614173549565
TUBB4A,2.6753404872911126,0.11410608315085467,7.580830392679469,8.058072819087913e-13,4.567387614765028e-11,18.663628977937762
FOXO6,1.677270046407385,2.3599708776021453,7.580636069070687,8.067763007777235e-13,4.567387614765028e-11,18.587687557342036
WNT10A,2.596962868510052,2.1732267636794993,7.570017890749456,8.615121833576631e-13,4.850241998493392e-11,18.54391175722761
GNB5,-1.0876577033414092,5.292955842010793,-7.565862298957533,8.839187606990196e-13,4.962642235482562e-11,18.322608851073987
PIK3CD-AS2,1.8010771251271829,-0.33044208491574223,7.5595253499524935,9.191996842345242e-13,5.132366588566612e-11,18.54892712331526
DUXAP8,2.0999269870344097,0.3309333920454736,7.557573208686025,9.303458412764913e-13,5.180369555644769e-11,18.52132502667501
FOXA2,-3.3677055393328073,4.540470341276791,-7.556979514860727,9.337620563445416e-13,5.185185801406137e-11,18.438254417594614
CREB3L1,-2.6112481359126853,5.959271177465241,-7.55620197414581,9.382549025070237e-13,5.195938048651975e-11,18.264422437275616
TKTL1,2.9723773492423726,-2.291409839317321,7.535899956403433,1.063427112436849e-12,5.8099711379479885e-11,18.381441528264112
MGAT4A,1.13747094454508,4.525981729346136,7.5276048436646015,1.1191934610833128e-12,6.098254129505965e-11,18.083972793342085
IFIT1,1.9612850335183545,4.028156240318387,7.523983005914329,1.144439010388885e-12,6.219138622230936e-11,18.107165626625697
ONECUT3,-2.9646009371645943,-1.53229376548636,-7.5214954022460825,1.162103467856391e-12,6.298290901523544e-11,18.270229062111085
LDAH,1.725879008643536,2.9118696019285233,7.51960254897226,1.1757247426513168e-12,6.355167465331213e-11,18.210573154140192
COL9A1,3.4985880721919953,0.6029397082885583,7.516071056634515,1.2015607346250667e-12,6.477591610217468e-11,18.275724968154954
TENT5C,-1.5428923437907263,4.679114318244014,-7.510493415737949,1.243512508571911e-12,6.682295680661413e-11,18.053472490152117
CRAT,-1.4681579332541395,6.040845985826928,-7.510154455757486,1.2461080805799426e-12,6.682295680661413e-11,17.948582057049908
ADD2,2.3417819667302062,2.1517589478718877,7.505741716044858,1.2803906131602484e-12,6.794427890827386e-11,18.154260609452642
EGFL6,2.0053091481742764,2.671246972675141,7.4892379764775745,1.4170647137084048e-12,7.480629413353147e-11,18.0026670920777
MIR9-3HG,2.246956269511852,-0.2632052338444306,7.472101993495373,1.574217612059516e-12,8.28870433872995e-11,18.02604145546928
TGIF2,1.0783934741875463,5.537072009790808,7.471097731921962,1.5839435117620368e-12,8.296924725013308e-11,17.69065481669236
HMGA1,1.2466141978684924,8.039120564847108,7.45541337133634,1.7437690222683253e-12,9.017903717196295e-11,17.563372374956273
AL603783.1,2.566466091987843,-2.2585268639314156,7.450187691297174,1.800476837933198e-12,9.264023102317548e-11,17.8785773867476
ERP27,2.26048827285178,2.7610544439139137,7.448457698161285,1.819648471674834e-12,9.339024125838213e-11,17.81055966675216
MNX1-AS1,-2.8640159088786405,-0.757849631026257,-7.447310146997068,1.8324765678521986e-12,9.381172233004555e-11,17.863364116598294
MYO7B,2.3471925715144817,1.106079768497646,7.445030259988796,1.8582281310573067e-12,9.489102647137865e-11,17.83072119331589
ELOVL3,2.0344156032615843,-1.142218640250354,7.442092779290623,1.8919345568525227e-12,9.637012013401172e-11,17.851535345064438
PAQR4,-1.0736036147922992,3.9758878112083798,-7.440867418972954,1.906172833515403e-12,9.685264167091763e-11,17.668521492225437
LPCAT2,-1.4594663223819206,4.672985665185952,-7.437732007013554,1.9430886815862875e-12,9.848213058493693e-11,17.615759201617205
RPL23AP53,-1.0016688572348886,-0.46042640504604365,-7.430311298460814,2.0332942233252833e-12,1.0279769103199766e-10,17.77879560483641
ZNF257,2.613766634924321,-0.7710941355835808,7.41507205964825,2.231700379111263e-12,1.1177233376873906e-10,17.691514629872167
AL079338.1,4.819842614156087,0.7225843517310431,7.414990877054826,2.2328069036660135e-12,1.1177233376873906e-10,17.675383332026325
AC067852.5,-1.1277814852185788,-0.1725172503244041,-7.405284591803993,2.36908275983795e-12,1.1830279609569165e-10,17.634471064819007
EFNB1,1.1216411096495023,6.0122493632627565,7.401908249830019,2.4183852500358202e-12,1.2017423428295355e-10,17.254080299524674
SAT1,-1.1368806874039308,9.470346836180958,-7.398582932341364,2.4679321517013098e-12,1.2233720256384737e-10,17.22414994845241
RARG,1.0813586050185817,5.396130665286763,7.397194790311121,2.4889105289517932e-12,1.2307692844383514e-10,17.248109813474546
MAGEA4,3.6807673906013383,-3.3268216262844392,7.395661033869936,2.5122942154762156e-12,1.2393171756150148e-10,17.53724731437083
SYTL1,-1.2297606298577142,6.136890408215566,-7.389191633602435,2.613336274603973e-12,1.2829334890108971e-10,17.199032521383685
SQOR,-1.1711644169599738,4.6712492878154315,-7.380346348516737,2.7580041785324144e-12,1.350691010228742e-10,17.248580093635514
SPACA6,1.117969913399163,2.432577654527686,7.359980655823839,3.1218232147848307e-12,1.5035055691300214e-10,17.281347026590744
CD22,2.2268494667138627,1.2139597592801026,7.3584063273830775,3.151843111682522e-12,1.514374926757342e-10,17.323098747562717
LINC00888,1.0091866264040612,1.818497068377768,7.353318241077661,3.2508261344870023e-12,1.5572633734012725e-10,17.289936167239386
NR1I2,1.764731209405175,-1.770948884518047,7.346254450712258,3.3933475560073124e-12,1.6189294771899673e-10,17.277466813603418
TMIE,1.7781679496066833,-0.8060218372165601,7.34328485896888,3.4550879269488795e-12,1.6406824071801175e-10,17.270587415122115
AC093627.4,2.0483823929687937,1.768230166013738,7.337556321717224,3.577337114472913e-12,1.6870785669447505e-10,17.19525400128682
KLK6,3.132140646440728,1.551218703222331,7.33462940918418,3.641436105151582e-12,1.7092043279699946e-10,17.16150018507939
WNT7A,3.5926654044571222,3.771208748293496,7.333371139396096,3.669339129403959e-12,1.7183329139632731e-10,17.02704957500491
ADRA1B,2.4255238885515538,-0.2823926126326875,7.31566449574784,4.0851099839331145e-12,1.8999033252507235e-10,17.103006794257244
SPA17,-1.3387257339577867,3.3020354547926742,-7.277867544650518,5.13436880007258e-12,2.344964303206182e-10,16.79765640951816
ANXA1,-1.6061851075248814,7.811975569595483,-7.276690297646177,5.170999376719838e-12,2.3563989087994166e-10,16.496449676088133
MCF2L,-1.066125035883755,5.923264119485024,-7.274943009930475,5.225842770973217e-12,2.3760632768961895e-10,16.525897044277325
PDE6B,2.0709835917445716,1.5206241637577194,7.266860202409796,5.487102543210193e-12,2.4892828591116953e-10,16.773471108112567
UPK2,2.432134265269938,0.13663574831086084,7.265480964265321,5.532952558771872e-12,2.502632017544378e-10,16.80890261028565
GLYATL2,-4.983079231685253,2.3987161045386887,-7.256661771612258,5.835193377377866e-12,2.629589139730105e-10,16.76036528520985
LINC00526,1.6959046590144131,-0.9946772312074501,7.253000864190436,5.9653866436682175e-12,2.6823123483609037e-10,16.743044667420293
DCST1-AS1,-1.3097720429092883,0.4256783966847325,-7.249561901887166,6.090294762326975e-12,2.7285771920293807e-10,16.722072188018902
LINC02449,1.2837671600727945,-0.5176755024290892,7.249430204760241,6.0951291339369155e-12,2.7285771920293807e-10,16.72363442113412
SCGB1B2P,1.559546132302599,-0.38209122923889455,7.2468309581117,6.191321198972043e-12,2.7655475175364353e-10,16.707876851877465
ZFPM2-AS1,2.614581999645595,-0.004582238980338783,7.243605707955282,6.312763922162373e-12,2.8136099551321944e-10,16.68470933243888
LINC01006,1.795389821564216,1.8962691876929048,7.234261189282243,6.678041323147199e-12,2.9505328663400796e-10,16.57225787366233
USP43,-1.09733899254163,4.527990550343034,-7.2333497073905875,6.71476774927013e-12,2.9603240723680285e-10,16.4010320459791
GABRQ,2.482692191262665,-1.255914613112242,7.218399806193238,7.346365845171128e-12,3.2088836681686884e-10,16.543412229287977
ZDHHC1,-1.1575652772880751,4.936311210743235,-7.218147626010313,7.35750732811754e-12,3.2088836681686884e-10,16.280887591841996
SPATA18,-2.5590435698958682,4.117775445947089,-7.207740785533361,7.832112198971343e-12,3.394026616884724e-10,16.381400031256913
OR51E1,-1.6427282831186092,0.6143738397815298,-7.206609571805347,7.885486014544885e-12,3.409885484247027e-10,16.473289155610733
HES5,-2.4721362474049453,-1.4037539662501544,-7.20084670028378,8.163012366529043e-12,3.522400495484846e-10,16.4049741722627
AL391422.4,1.2155227985157624,1.0473089030803118,7.192905315283015,8.561291719131112e-12,3.670879597038412e-10,16.366725009680813
OR7E102P,2.25833148144763,-2.6017785776954914,7.182929704672012,9.08883473415335e-12,3.8807033011960645e-10,16.29744452561775
MFSD2B,1.2056182111339309,-1.4591649047439146,7.181719303921109,9.154986181478835e-12,3.900753441349598e-10,16.328318589327225
AC018413.1,-1.2139019357107663,0.7162607706021764,-7.177310192891536,9.399994093157049e-12,3.988423380987972e-10,16.301732173482378
ST8SIA5,1.8568069078496587,-0.41605861746286343,7.175663478359826,9.493148270695727e-12,4.019557196950416e-10,16.29449141269739
ESR1,-1.9941385426078835,7.9247864449704375,-7.1729621465449105,9.64793687342594e-12,4.067498333869623e-10,15.888977151325339
CEACAM1,-1.9724480479971467,4.764708450841385,-7.172642571682721,9.666412592299882e-12,4.067498333869623e-10,16.06409887635793
TRIM3,-1.0510376462047955,4.312495461073708,-7.165589317543407,1.0083183387346485e-11,4.234103701744421e-10,15.999976557495918
SDR42E1,2.5598213753492813,1.7697230130275083,7.158122077968476,1.0543726510629414e-11,4.4092736132105394e-10,16.149185773258132
CALHM3,2.5207375064659883,-2.613273343440169,7.1468103087167885,1.1281156575224135e-11,4.669617642257746e-10,16.10528898257523
CHCHD5,1.5174770674098705,4.355257350354222,7.145155083489163,1.1393243452983702e-11,4.706428454033349e-10,15.870000673986867
MAP3K13,1.0954080937170634,4.823924018555622,7.142473001654795,1.1577201050395368e-11,4.772718745400314e-10,15.802474256801132
LINC00494,2.6162833389011126,-2.715147720607,7.135612825694479,1.2061152287229103e-11,4.94215441704928e-10,16.050287794604856
RBM38,1.058038804304334,6.564808671966992,7.129778244354992,1.2488405336005286e-11,5.106928572413912e-10,15.63441400126018
SLC38A1,1.306786532995651,6.414026789126083,7.119416341579524,1.3284266224189345e-11,5.421474432538639e-10,15.574427963211987
DUSP4,-1.90212022201559,4.796681020160762,-7.110270400261679,1.4028134128233684e-11,5.713583126697823e-10,15.669746842783288
EPHX4,1.717045115153134,-0.1145825650663808,7.10449009219557,1.4519282605767355e-11,5.890017957676961e-10,15.882551894210215
CELF4,2.1965457687471237,-0.7782453092255095,7.099336229190072,1.4971470798922617e-11,6.061358018272973e-10,15.858451634416937
PNMA8B,1.5865930419854317,0.30378942315143487,7.088098617405808,1.6006110357780626e-11,6.429015551611334e-10,15.782889688985785
DNAJC6,1.7046792994474944,-0.09756315266891767,7.0829819282686,1.6500247737425892e-11,6.614418836596525e-10,15.759018506212804
RANGRF,-1.3550176459894177,1.9185055728721763,-7.081030073530716,1.669268087075544e-11,6.678386732622707e-10,15.727111976974369
RASGEF1A,1.8625295816323288,2.2187220061265536,7.063419423399125,1.853197919148426e-11,7.356327052494651e-10,15.525577460889515
C19orf84,2.122964691981524,-2.264867699200231,7.060107958824023,1.889949446277125e-11,7.487589190279979e-10,15.629311994512484
KRT7-AS,1.3273586580157637,0.5367096322540418,7.057701371652599,1.9171081106631013e-11,7.580409579983827e-10,15.60142708866524
AP000769.1,1.2700175061162084,1.1799818139083944,7.0557428832434645,1.9394934386665337e-11,7.639198575088882e-10,15.55672007064609
ANO1,-1.9169367247143247,6.188875078107391,-7.044747938172857,2.0700295483796617e-11,8.13757844125111e-10,15.191621848638572
MBOAT2,1.6736112432514845,3.8334761148052356,7.039073141803101,2.140751751766389e-11,8.318668006522204e-10,15.259693346956324
UNC13D,1.2699907330090578,4.594844304519771,7.036256468618563,2.1767333382489657e-11,8.418631263624992e-10,15.17154934403941
PGR-AS1,-1.7778265350456945,-1.6161835714742057,-7.032926351228486,2.2200431777091093e-11,8.52933034853685e-10,15.456082010218292
AL034550.3,1.5760777539697075,-1.3161448082835698,7.031092069828211,2.2442603965580342e-11,8.606103452763299e-10,15.467684877246032
LINC01819,2.0892915473311673,-2.809863300488699,7.026327510196844,2.308387530747896e-11,8.83534240582302e-10,15.41116724943678
AC019205.1,1.3221816230449042,1.0664035987622595,7.018380308398137,2.4193903148337382e-11,9.213036128340528e-10,15.358517192648446
NPTXR,1.7508795047523282,4.260602866507192,7.01829108976021,2.4206658593455237e-11,9.213036128340528e-10,15.084977670111275
TRIM46,1.4042847582781035,2.1523453419254595,7.01382382932918,2.4853877670813226e-11,9.441686164142206e-10,15.267538362817813
IRF2BPL,1.0940685945977684,6.034338171510789,7.011029018552764,2.5267429186248703e-11,9.563039679354165e-10,14.952343716539552
CACNA1A,1.454941983031161,1.8200491268407604,7.007984346099851,2.572566992049021e-11,9.700343515102839e-10,15.272979656134666
AL359220.1,-1.0550677040087746,0.3406582549966231,-6.9926953917933,2.8153439254781376e-11,1.0537578258087967e-9,15.247464371800119
LIPE-AS1,-1.1302795917447754,0.761364161006718,-6.99153271934464,2.8347035329127736e-11,1.0583839008447613e-9,15.232181390320717
AC005077.4,-2.887695778392666,1.5268699344098469,-6.9733591061624765,3.154920616239718e-11,1.1679527614655016e-9,15.125959974394352
SLC43A1,-2.4419859948736327,4.673285402105733,-6.972790012517821,3.165503091775025e-11,1.1697397243133748e-9,14.919047371329906
SNCG,1.9628275564740483,2.1488148371071936,6.9693226138956454,3.2307400526467064e-11,1.1873699969257082e-9,14.995942557559294
PALMD,-1.6153277449590013,4.238579819466088,-6.9650623360509805,3.312709715278898e-11,1.2143045731301006e-9,14.9069785978756
LIX1,3.675180784944237,-0.3081268295695405,6.9642189414085545,3.329178223590667e-11,1.216946370795984e-9,15.089705355023323
GULP1,-1.699093984900129,3.3785723028447,-6.959856896498616,3.4156490285861255e-11,1.2445262840910227e-9,14.941635874720932
CHDH,-1.2089663507213224,4.3962666008406766,-6.959728786877789,3.418221758169529e-11,1.2445262840910227e-9,14.822649312302289
C1GALT1C1L,1.942120194916106,-0.6458985536302642,6.955610119504064,3.50195859428498e-11,1.270960829825856e-9,15.041608209404183
TAF4B,1.0104782303899382,2.6174138372430136,6.946664201605252,3.6908599519183095e-11,1.3351263149765467e-9,14.861294125824354
TMPRSS6,2.049610214264863,-1.400746569265161,6.946616380521267,3.691896226219343e-11,1.3351263149765467e-9,14.990920688804728
COL11A2,1.7200077963294564,1.2589793129638567,6.9426497034935775,3.7788584571677946e-11,1.3641477670244807e-9,14.915765751740143
PIPOX,1.6956478068275707,0.08101896839867723,6.93552805575552,3.9400783540433193e-11,1.419825398361284e-9,14.9171151784232
FER1L5,1.949736800812437,-0.8209305369683717,6.932012461009958,4.022142759532839e-11,1.4417289143694077e-9,14.908319646618349
ACTRT3,1.248191399651678,1.1586102954381179,6.928494964312949,4.105935530379862e-11,1.4691731288633859e-9,14.853185872744985
LINC02418,-3.6282346495383564,0.648619370505343,-6.908774940823009,4.608524635143161e-11,1.640344215142725e-9,14.778025142898347
DUSP15,1.8016361143389086,0.7927085253328485,6.905498045933646,4.697715708241489e-11,1.6691673785716787e-9,14.714928950959504
DUXAP9,1.9481943080126805,-2.2945916247692915,6.9047282164575865,4.7189143472296016e-11,1.6737733890592395e-9,14.752279545220896
GBE1,-1.006744958187018,4.900950019776949,-6.901568310268064,4.806919173640398e-11,1.702017862109189e-9,14.422657043714608
CDKN2B,1.3943451108114644,3.3398664946586654,6.900903276709255,4.825645459072278e-11,1.70567684017713e-9,14.542353984528251
POU6F2,2.599364244804054,-3.115529066162726,6.900038298063696,4.8501093767107194e-11,1.7113476210463308e-9,14.707969676619937
KCNIP3,1.4364076848532026,2.189456874515639,6.895052808877503,4.993510914425946e-11,1.7558497547542028e-9,14.570272055276016
SOS1-IT1,1.0833100055478193,0.45815516765942244,6.8830348110644,5.356577025437319e-11,1.8725174688863566e-9,14.613466650692654
HFE,-1.0553105952824575,3.4230966856446474,-6.882856373711595,5.3621588609125157e-11,1.8725174688863566e-9,14.484255567032477
ZNF662,1.8686192344458488,0.8114870995551033,6.881923651827463,5.391429373865962e-11,1.87950961568528e-9,14.598096171629335
MYOZ1,2.3234430934693604,-0.9211340672333332,6.873087363851578,5.676648814128476e-11,1.975551549629232e-9,14.57799410645362
ZNF727,2.1475906111517884,-0.7496174881797139,6.8708353072004895,5.751684920735522e-11,1.99824349280391e-9,14.562867261341644
AMH,-2.63975204620962,1.8399855413496535,-6.869476776288647,5.7974209622349336e-11,2.010695966492539e-9,14.510954599239266
AC104532.2,-1.4736255208445777,-0.09007711771328517,-6.859284807957413,6.152150387023989e-11,2.122857461220298e-9,14.500381779642327
CREB3L4,-1.2326507359588854,6.0987878098674395,-6.858780109420276,6.170260868767253e-11,2.1254979982512822e-9,14.102109132429852
SPEG,1.8974647699863647,2.715666196188709,6.858200070550263,6.191139663702727e-11,2.1290815994093777e-9,14.316523998339184
GPR68,-1.3987668657064722,1.9645090976663517,-6.857319816878688,6.222957757181996e-11,2.1364086732595757e-9,14.43765975677184
WASF1,1.4746397041317376,4.401362207363516,6.851091022698612,6.452752322902277e-11,2.2078407106172705e-9,14.125199454992334
SAMD12,1.1441908230562707,4.083764790214879,6.847372043949379,6.593914980667112e-11,2.2437948610829745e-9,14.177755507936148
TRHDE,2.6452720995651946,-2.062994424188973,6.845653452602556,6.660170821313116e-11,2.2597881765002967e-9,14.424507426350864
KCND1,1.0337080399005338,2.0545087444727153,6.842086780429602,6.799772644540704e-11,2.303309653794088e-9,14.309588510279303
AC012020.1,1.4287942824036135,-0.7061670623141367,6.833976064411442,7.128041253105948e-11,2.410487694311569e-9,14.35782437404417
BHMT2,1.7613040436140694,0.9094012367434917,6.82918854232008,7.329077746835362e-11,2.470251677059401e-9,14.288859977621547
ESYT3,1.4236323374135655,1.0232254717720466,6.820058348120085,7.728059427275108e-11,2.591832999998998e-9,14.239450757834929
SUSD4,1.8992353182485608,3.0127775337302203,6.819142221286334,7.769254204868449e-11,2.6010154341094146e-9,14.097926479819087
GPR156,1.67425058467262,0.2368737188654546,6.815170888283623,7.950343070215606e-11,2.653247496864729e-9,14.23623522514848
SERINC2,-1.2061107860304645,9.228285962306716,-6.81281154905526,8.059886794213592e-11,2.6853957246819186e-9,13.80406664763155
OTOF,1.8931247667102167,-1.1667630845891668,6.804690094387855,8.44844194266534e-11,2.8056557850119343e-9,14.194078323527908
CPXM2,2.1567804818056246,3.2617074353361617,6.79969532194703,8.696500227941725e-11,2.859994670431839e-9,13.976194759816245
ITGA7,1.2946424004195416,3.441202413325858,6.793103390091473,9.034877742556861e-11,2.9569219845366447e-9,13.892363167205842
ZNF229,2.069478527245625,-1.3487464870653554,6.7835809187560105,9.5466724059135365e-11,3.0994659740860496e-9,14.079592112641944
AC087501.4,-1.0050601681812483,0.6862868897427856,-6.783290827038847,9.562703290942963e-11,3.0997190061423407e-9,14.060239341442262
TLE6,-1.531750229947368,2.130731176966798,-6.782158288834938,9.62554291831981e-11,3.115119972482991e-9,14.001053584559035
KCNK6,-1.3864541346660957,5.343917657097593,-6.7803661825979855,9.725810159122661e-11,3.137577232920777e-9,13.727122189128586
YBX2,2.250473091217212,1.5363505820760022,6.777468779743402,9.890095978447004e-11,3.1855199788582714e-9,13.914752134942365
ITM2C,1.734851994564555,7.77863257305718,6.776067279249501,9.970539293245915e-11,3.206348743606487e-9,13.59471020953021
SLC1A1,-1.4963408073972517,2.969675480070087,-6.77148327013156,1.023817461608817e-10,3.282029351693627e-9,13.905244861626326
LINC02308,2.131540806358193,-2.6513132773007895,6.765204964494432,1.0616231426770386e-10,3.397862795554037e-9,13.966174846251237
TMEM38A,1.003509610769056,3.3844596305617096,6.763080185419492,1.0747262517998724e-10,3.4343925065378314e-9,13.71752523258495
SCGB2A1,-3.1056955828692585,7.596037131507948,-6.760395018965448,1.0915129356269756e-10,3.481819749039209e-9,13.554214812977833
CRYL1,-1.0231703038300077,5.304059218101242,-6.7601600648032285,1.092993997189045e-10,3.481819749039209e-9,13.590800614443172
DTNA,1.9213214809565082,1.1463372768213749,6.757446523064265,1.1102430593573042e-10,3.525715615371539e-9,13.8724654651964
PPP4R1L,1.3342401794635883,1.3993925090367796,6.748073496926095,1.1719095566283996e-10,3.715739442888548e-9,13.822826347609547
AVPR2,2.082852597806777,-0.7524951261070224,6.745079833414574,1.192306149376301e-10,3.768651660952402e-9,13.860069211350556
CRB2,2.22193479155542,0.057450865438201666,6.743193380146448,1.205337972572582e-10,3.798029295281419e-9,13.835552307843102
AADAT,-1.256847639912447,3.1652381946673303,-6.7418497222947105,1.2147054441259448e-10,3.815714597591299e-9,13.714686515962805
ATP8B3,-1.7816796703954654,1.417383900016423,-6.741348050333835,1.2182212390951927e-10,3.820853157927577e-9,13.80972820341397
HPD,1.4804966558068628,-1.1587771960125273,6.724564515364906,1.341790077027163e-10,4.1825983934816045e-9,13.750243815811498
SRARP,-3.9402247024926313,-0.5266638977445807,-6.720734155346784,1.3716744909853778e-10,4.262677730089728e-9,13.724434701857533
DCAF12L1,3.359095417694425,-1.1171577959401873,6.719538843326587,1.3811336129581876e-10,4.285520541948428e-9,13.72537468053073
ANKRD33B,1.8578148857851973,0.8484325120514905,6.716350883341191,1.4066764476330312e-10,4.351490429481541e-9,13.644627017052745
S100A1,2.0412324754697067,1.3632837367189088,6.712850850928397,1.435254895027652e-10,4.426421925120182e-9,13.577031815022782
LRCH2,1.8252829387116614,0.024139183122895543,6.7093209762583825,1.464655198921377e-10,4.5034269686653656e-9,13.648339556858797
DUXAP10,1.9791405721736473,-0.8957681902599011,6.691914339923336,1.6185214158135195e-10,4.931758508994598e-9,13.563410081535176
CCDC150,1.1188179144182018,1.5697818307117948,6.689364176618974,1.6423596182833066e-10,4.996903724848791e-9,13.468683885098457
ZFP92,1.3833739504424112,1.7079763176606835,6.68756446359059,1.6593902898859034e-10,5.041173131784918e-9,13.453044618749281
LINC01460,1.8517643711815372,-2.4688669081617096,6.687026905043031,1.6645108005754053e-10,5.043543817738947e-9,13.538343894898745
NYAP1,1.8240165980281942,-0.3776102878399577,6.686420135960828,1.6703092442989725e-10,5.051691232311357e-9,13.529355513558794
SLFN13,2.4195092007621097,3.204214727821536,6.683637027172543,1.6971608634014265e-10,5.112601008764422e-9,13.350237251750348
MYCL,1.1876410038868754,3.207512111302728,6.683551233383025,1.6979953163333915e-10,5.112601008764422e-9,13.329123040382672
POC1B,-1.067846332911075,4.7130751614081206,-6.679574697267907,1.737118047782194e-10,5.222660828864691e-9,13.19789870726278
RSAD2,1.5155959374154406,2.9092951840855763,6.678596549906985,1.7468764717864016e-10,5.244241863011348e-9,13.288047009947451
ANKRD2,2.1145192315005135,-1.8901920842699182,6.6758566656610014,1.774498618000419e-10,5.311474213879311e-9,13.485633357957717
CACNG8,1.9062742191396371,-1.9286639694727399,6.674513091224194,1.788200356301366e-10,5.344615300216024e-9,13.477877486105447
ZNF135,1.8025442858137781,1.9342096203026533,6.671731678929544,1.816896550406803e-10,5.4144582830598045e-9,13.377207688970362
AC011455.8,1.7383226766893392,-0.5441846548178895,6.667314697886235,1.8634001528198154e-10,5.544911377146403e-9,13.424911492555381
LMO1,2.4293769326155887,-2.2048773186849013,6.664748950383864,1.8909485679945256e-10,5.6186606280585875e-9,13.425016576282133
TMCO1-AS1,1.5964771440622658,-1.952259834051805,6.65887107742343,1.9555776270941355e-10,5.793755057297553e-9,13.389174514033504
TSKU,-1.0962204098410453,7.114559769070862,-6.657440218993236,1.9716361671653666e-10,5.832828742571894e-9,12.932076408596089
NR4A2,-1.289946730568119,3.406124324467819,-6.6567885266441165,1.9789930215872216e-10,5.846083455049229e-9,13.207633360837796
AC007611.1,-1.608182559516914,-0.874226068059841,-6.655624519745168,1.9922005285704505e-10,5.8765578436380025e-9,13.37498634997832
COL4A4,1.657344911941864,0.34856838271524976,6.654924636275202,2.0001834960542607e-10,5.89155498171113e-9,13.33872442979198
ADAMTS15,1.777939658053461,4.317835209101038,6.642862186162822,2.1428160515214992e-10,6.257269171138355e-9,12.953255250880867
TRAF3IP2,-1.0143860643836788,6.436174331901805,-6.640681617782508,2.1696466890818992e-10,6.31962247708854e-9,12.860538842858075
TP73,-1.9290029723132696,3.4162226601540615,-6.640621750578985,2.1703879595590438e-10,6.31962247708854e-9,13.146269057635902
PLAAT1,2.20984630595376,0.054837632317664226,6.639455113135259,2.1848829619213515e-10,6.352726941071466e-9,13.26959304223522
NRIP3,1.2407005240942555,0.8401984095928324,6.638471479665685,2.197178124372041e-10,6.379349742819623e-9,13.2226093479003
TJP3,-1.1063166870845373,6.717194689994409,-6.6371577343001125,2.2137057417849148e-10,6.418167688450301e-9,12.826640084668217
MIR1915HG,1.6848888325166542,-0.3243794704735006,6.63533858802495,2.236793519828576e-10,6.465929435943559e-9,13.250408164430512
ESRRB,1.7801752768371388,-2.095403387532225,6.635109037457357,2.2397236385082981e-10,6.465929435943559e-9,13.262859251572559
ABCA7,-1.184820411489504,5.196443493100264,-6.627074496141337,2.3446929086162814e-10,6.749793013416048e-9,12.850379966286257
MKRN3,2.6684960564560933,-2.685043358772064,6.625371056820855,2.3675615319909887e-10,6.8059859372255805e-9,13.20748490747317
PPARGC1A,2.3463654442679274,-0.05511521925352545,6.6211592620157,2.4250501732365053e-10,6.9320280901348425e-9,13.157208388223134
PCSK9,-2.378853719812061,3.23749820840013,-6.615004169675603,2.511539391209281e-10,7.159120138420397e-9,13.020205237249343
UGT3A2,2.3259350197561415,-1.8432785613992964,6.607165769725762,2.626081931126259e-10,7.475138538964998e-9,13.110591699513533
ARHGAP40,2.209831599709967,1.0478707099175182,6.606686287999624,2.633252869201674e-10,7.48506731659508e-9,13.036909382035578
AL355304.1,1.5185845435876861,-1.7414704042068496,6.602768349826508,2.692573656907859e-10,7.642998184775884e-9,13.08663852182503
AL353135.2,1.1752000878913837,-2.033924825013305,6.601811033822647,2.707266714756795e-10,7.6632992633310735e-09,13.080574808677198
PKIA,2.005918873536654,-0.10389519034525142,6.5955046757879865,2.8060464479104855e-10,7.920845556573986e-9,13.012966144022698
ASS1,1.926656153130458,6.4961703743412285,6.595202365090274,2.8108696358588484e-10,7.923455544964665e-9,12.587331876097231
N4BP3,1.046893107367742,3.0656362814349345,6.5906589415741665,2.8843462725556176e-10,8.119314909060994e-9,12.787194778886565
ZFP3,1.5153762058754514,2.065664720628409,6.5890494723350495,2.9108248806822723e-10,8.159945499998138e-9,12.910637038509632
PTGS1,2.100503933621634,5.130016490445685,6.583886719222178,2.997383697605395e-10,8.379480917487215e-9,12.571017331032241
CASP10,1.163909800299479,3.47420765023296,6.582131148978639,3.0273900589308007e-10,8.440147538780466e-9,12.73704096714183
NR6A1,1.503164578257688,1.4064562746591165,6.572889666204131,3.190279730413585e-10,8.821666019173564e-9,12.834738924305178
AC126323.1,2.4537246717027585,-1.7091844372732439,6.571040691607779,3.223888631653367e-10,8.902488118168889e-9,12.914727876577604
PRRG1,1.20486816900029,2.3924695104215834,6.569929727369092,3.244249754294026e-10,8.946557938435793e-9,12.771502429152038
BIRC7,1.9774214676035384,-0.9304545950247647,6.554607339330538,3.538298489275226e-10,9.678651210771157e-9,12.81603507455342
CEBPA-DT,1.4733336735998575,-0.22441431529101122,6.55407027798801,3.5490666332654414e-10,9.695057829904143e-9,12.797635292967488
RAB40A,1.3328125480292685,-0.9536428187419947,6.549251561671131,3.6471341773080024e-10,9.92293909231698e-9,12.7948890321044
HHIP,-2.403314447243046,1.0873095897452127,-6.548430927347005,3.6640984779903295e-10,9.955767040999392e-9,12.767209673831122
TEPP,1.714769107973395,-2.4058708416006382,6.537064191712342,3.907202048719445e-10,1.057389806100852e-8,12.726560915302436
IFI44L,1.8231830943328458,3.7983038594294136,6.535214289264008,3.948238068615472e-10,1.0670743418422986e-8,12.422460137844684
GPC4,-1.3667484810242145,5.814259795506547,-6.533599172687027,3.984411881728053e-10,1.073994523663673e-8,12.2987499937826
SMPD3,-1.8152391479970604,3.3940751020102238,-6.527603072521418,4.1215772166888334e-10,1.1065645356933138e-8,12.541520210782112
DMGDH,1.115806800530444,-0.04828206136171724,6.526873219744264,4.138586617702111e-10,1.109665361717384e-8,12.657219524839892
MS4A15,2.2127169865390313,-1.8407425142897178,6.524641657493175,4.1910226254199294e-10,1.1222443193548701e-8,12.664096592349106
PAX9,-3.054555141090022,1.1773660918131756,-6.51882262204675,4.330844273930015e-10,1.1566370436708755e-8,12.613748742190714
C19orf57,1.199631873811998,1.6633487176526423,6.511885227357396,4.5035348198067027e-10,1.2011790246424072e-8,12.484477309748268
MRAP2,-1.8310849955343023,2.66437274695531,-6.509979621806972,4.552143019981676e-10,1.2125524867379762e-8,12.499464016763833
BMP7,2.503667733988264,3.828569483021053,6.503830760345651,4.712528952425872e-10,1.2503582040352927e-8,12.246908620909776
AC010980.1,1.5702542007408529,-0.8175958631578736,6.495695124473321,4.933293498469989e-10,1.3055241805065632e-8,12.502272960828739
ADCY5,1.4527036595477139,3.3092379315385285,6.486277883648821,5.201538014519894e-10,1.3729358260662639e-8,12.178615978206285
OBSCN,1.3080705497104699,5.196301235932327,6.4849201963899885,5.241374062813379e-10,1.3800266722994347e-8,12.015519393492962
FBXO2,2.0373210260690997,3.1804063834735907,6.4848995270676015,5.241982833178329e-10,1.3800266722994347e-8,12.192834600804474
FBLN2,1.51513449957893,5.104782856984558,6.484082925817583,5.266089709876776e-10,1.3827907915185478e-8,12.007865658638476
AL358334.2,1.7344635313901242,-2.4016167055192614,6.4819044145497955,5.33093546136114e-10,1.3980120298929523e-8,12.430746713458701
CAPS,-2.058868182477605,8.781506413824994,-6.480590657818947,5.370419229154209e-10,1.406170041211905e-8,11.947462263299016
CACNA2D2,1.6708863094694797,1.9922236880917794,6.480409662725962,5.375881332521404e-10,1.406170041211905e-8,12.279389388374877
MAST4-AS1,-1.3420006174699917,-0.9237894183606188,-6.480113846821134,5.384820266948687e-10,1.406697777705207e-8,12.424654545983419
STON1,1.2629081988181445,2.198737179424195,6.479276919024271,5.410189609263405e-10,1.4115108295079519e-8,12.280603158061211
NBPF15,-1.5797788346113246,2.8112142963140685,-6.478257419445544,5.441251769881564e-10,1.4159795258780141e-8,12.292927799042584
AL133243.2,1.124712050114462,-0.27116260022582767,6.476378100203658,5.498970614073727e-10,1.4291698051206448e-8,12.387816014926493
STAP2,-1.0078242803967248,6.237748461248139,-6.476081381022352,5.508138434797294e-10,1.4297242087971929e-8,11.950882130138481
ADAMTS16,2.182843692425205,0.2196471045511756,6.468106649964857,5.760237391832768e-10,1.4894537500204727e-8,12.319028527193344
IRS2,1.5943668133513427,3.21614325002646,6.466284789779712,5.819401407955934e-10,1.5028400789745415e-8,12.095022687683326
TMEM169,1.6166004447951985,-0.2498128900992356,6.461809930849096,5.967264814177796e-10,1.537571053204386e-8,12.308080143740616
PRRT1B,-2.516499440177363,0.4082871217191845,-6.4569720362454275,6.131275183006983e-10,1.5773675546763786e-8,12.294202589692551
GTF2IP7,-2.1107497673144713,-2.0733448065014506,-6.453012039300237,6.26881130496332e-10,1.6026078108437048e-8,12.26670830280109
ZNF667,2.1020299495168384,2.142594428682973,6.452475729000677,6.287669485186514e-10,1.6054094801121948e-8,12.156606827074775
KLF8,1.3400344269062567,1.981798687663036,6.451528906940352,6.321098484217174e-10,1.611919769049308e-8,12.148794996908814
SPON1,2.6346255812615826,5.340579144204173,6.4499648550555575,6.376702344707342e-10,1.6240613841332335e-8,11.83463271812057
SMIM10L2A,1.2490007423549123,1.9706252363892571,6.448934967553754,6.413577982383637e-10,1.6314087473587613e-8,12.12976143774144
TSBP1-AS1,1.8374934799793547,-1.7902468435199124,6.447036598684415,6.48209950684571e-10,1.6467773797141528e-8,12.247606347287118
BOLA3-AS1,1.229513412407671,1.2723482297952204,6.445459708222869,6.539563373819119e-10,1.6593019476841417e-8,12.15718744610469
SOCS3,1.149699619628331,6.0547024300710675,6.444988551991903,6.556829738126804e-10,1.6616085735372715e-8,11.767542851042684
GALNT12,-1.2705081779852319,3.9406415418586493,-6.4441666201794,6.587058116147469e-10,1.6671901513397403e-8,11.976944269059267
SDR16C5,2.440039187924024,-2.253193700414512,6.442081828644027,6.66434600129964e-10,1.6846538324678343e-8,12.219705967903701
HDX,1.8203432976330973,-0.4169593121325125,6.435703562084777,6.90637329486256e-10,1.7436662216743685e-8,12.167733362206503
AC008060.1,-4.086613831673343,-1.0953625791352994,-6.434997879083996,6.933675325426806e-10,1.748387311587772e-8,12.177478331801044
ERMN,-3.1492992927415555,1.399735236346454,-6.433515369670785,6.991377429556963e-10,1.760752848554098e-8,12.155267967997617
DLX5,-2.1831736864349747,6.61262895761216,-6.423803344973718,7.381221061960752e-10,1.856632881971415e-8,11.678097424789122
CPAMD8,1.8501425105535376,4.6658759003955455,6.422381831412284,7.440042957857787e-10,1.8691153655809847e-8,11.730499561234069
AC112206.2,-1.9422883362490473,-1.942023423623237,-6.420405912225829,7.522571064831325e-10,1.8850827678003392e-8,12.094989851383358
AC107294.2,1.0641736421754031,0.4550215437408749,6.4201951476228665,7.531426921146799e-10,1.8850827678003392e-8,12.060204825520135
SFN,-1.584715991165499,7.3917293766622,-6.411155480022948,7.921040191395115e-10,1.9801626180801268e-8,11.573500253112478
LENG9,-1.0028958329659647,3.073497016077083,-6.408776791075497,8.026808328462164e-10,2.0041382367035016e-8,11.885959106123007
AC007384.1,1.8823932048112277,-0.5851754103047283,6.408343004739514,8.046245491898127e-10,2.0065262991084362e-8,12.02298098782325
BCAS4,1.038780220089142,2.906463769490412,6.40801544770953,8.060953325063309e-10,2.0077305806199348e-8,11.816104316007292
GNA14,-1.1945821266928291,1.5844608322470266,-6.405123047362122,8.191977309242465e-10,2.0378671582991904e-8,11.965416752615344
ALDH1A3,-1.4665858731126842,2.171773612631143,-6.404306650816859,8.229336353303283e-10,2.0446580934539844e-8,11.938788264173951
CITED4,-1.3560042213236398,6.912009731115911,-6.401655357206321,8.351819074628167e-10,2.072556420912611e-8,11.525485277915099
PLIN3,-1.0615637233997033,5.977859624522234,-6.395840758886959,8.62673738928248e-10,2.1329660669072642e-8,11.524060673796987
FBXO27,1.629262766553277,1.3927478636953452,6.394762155176769,8.678702325580311e-10,2.1432071210825547e-8,11.853419779840372
KCNH2,1.9231509156132667,2.5174862986663107,6.389223220341976,8.95043514534772e-10,2.1981945626486307e-8,11.72890088941235
CTD-2297D10.2,2.2436737207829047,-2.7507365821889342,6.389122612711951,8.955447244012332e-10,2.1981945626486307e-8,11.93554620902866
AC100803.3,1.4586547000136392,-0.5623192545599516,6.387571591102424,9.03306595388696e-10,2.214572164617594e-8,11.911097267935371
LINC00261,-4.3808367679400995,2.5883261567687237,-6.380027506042795,9.420115295294475e-10,2.2975094151920573e-8,11.835957824312636
FAM20A,1.6603075074162619,4.5118565084056534,6.379879246236971,9.427882563817043e-10,2.2975094151920573e-8,11.514706804824744
CHST13,1.7528480988996429,-0.8736788914227721,6.375780284466089,9.6451320613027e-10,2.3392547367903104e-8,11.856012570932233
FOXL1,-2.538618767616764,-0.516537911171332,-6.375778555875038,9.645224706899627e-10,2.3392547367903104e-8,11.867365257077902
NEFH,2.686083378204067,0.8824871059919167,6.369838620844867,9.968794230917448e-10,2.4062443461896224e-8,11.782269318967446
THBS3,1.013694414191404,5.080396870919312,6.36534801700092,1.0220461440461084e-9,2.4610951965787495e-8,11.379944861562322
EFNB2,1.139267299378222,4.4214056299031865,6.365138350185595,1.023236292614172e-9,2.4610951965787495e-8,11.438596484644357
AGR2,-2.300710538002705,6.002568280792322,-6.359882254583037,1.053520285350764e-9,2.5279511546008176e-8,11.395906010080015
COL4A3,1.8192907116216355,-1.5191956157312816,6.3565774963455155,1.073009801542331e-9,2.571680566809709e-8,11.76394980582692
SYT11,1.2121132851113918,4.281541253635644,6.3546138069450775,1.0847575921114086e-9,2.5876306692573082e-8,11.40224292844747
FJX1,1.0416230242015372,4.151993296957032,6.348381131410756,1.1228868476013529e-9,2.6691874024151925e-8,11.373320176926109
ESPNL,1.9709989108845742,-0.5928252568937885,6.347690398769671,1.1271925955421333e-9,2.676292326144663e-8,11.688492485541115
ZNF285,2.04356003555631,0.23432976992741159,6.345529813983421,1.1407656615195797e-9,2.7048525548090218e-8,11.677123516590635
ZNF790-AS1,1.157449483961206,1.4161562060184858,6.345217099545699,1.1427434113295723e-9,2.7048525548090218e-8,11.62407894829317
STEAP1B,1.4891441922656303,-1.9088611464003178,6.3451063464172925,1.1434446714519345e-9,2.7048525548090218e-8,11.705704605207304
C6orf141,-2.0431315764834004,1.0122947875679755,-6.344550128869849,1.1469728869362259e-9,2.7067840384783023e-8,11.67619513693938
AC084866.1,-5.188279447453538,2.4985927045824243,-6.3441751141808025,1.1493577175786139e-9,2.7067840384783023e-8,11.672299716102357
PRIMA1,1.810336952857962,1.6447960069705734,6.34375803669934,1.1520157527194876e-9,2.7099037220220912e-8,11.570970243083707
TCEAL5,2.379542163363858,-1.5836449325943949,6.3415529498934395,1.1661693249071565e-9,2.736862050740537e-8,11.685686477740925
TOMM40P1,1.8422216956137436,-2.9677979447433445,6.337749991959991,1.1909808936383568e-9,2.7854425411169118e-8,11.665807836866797
MIR31HG,2.439940397071354,-1.1504114399356522,6.335197274935964,1.2079252870582727e-9,2.8218245441577397e-8,11.643295958529253
MAJIN,1.8052981570670852,-2.651099156570157,6.328243615459645,1.2552909760057553e-9,2.9223979148156896e-8,11.617334761120386
AKR1B1,1.257402932396686,5.87862507473987,6.322679486065534,1.2944998460353694e-9,3.0067902709511825e-8,11.105927434912346
SATB2,-1.4147376973219048,2.14200729371956,-6.319944896328903,1.314207599635754e-9,3.0456682120542493e-8,11.479580858105546
EN2,-3.5077872158831074,0.6438117120324135,-6.314973715758958,1.3507907738038053e-9,3.123261852876967e-8,11.533415263320297
RIMS3,1.1767187411879831,1.170004461902026,6.31362797227287,1.3608647955027082e-9,3.142979102704209e-8,11.452058750414434
TMEM144,-1.0361719839121113,3.559490927227133,-6.312340494038698,1.370571618724207e-9,3.161040668273427e-8,11.311142060806178
ELOVL2,1.572372122420547,-1.0382008280009496,6.312178753021413,1.3717958420670944e-9,3.161040668273427e-8,11.519932741548363
ENTPD3,-2.0390375141578225,3.9439206680237304,-6.3107228502879815,1.3828640147731413e-9,3.1829363800961866e-8,11.331226536151899
AL590822.3,1.2976531088158814,0.727606972151813,6.307336171374029,1.4089504790530908e-9,3.239311033515273e-8,11.450810175714539
SLC47A1,-3.036686446985634,5.1929113881458875,-6.306548290676193,1.4150881309482803e-9,3.249745895298627e-8,11.249908710370427
STEAP1,-1.625076129500626,2.8145846964649763,-6.306248378218363,1.4174313575180022e-9,3.2514531501349745e-8,11.381041680282756
CD44,-1.210968058401387,7.355744240157932,-6.302099993098235,1.450235907343561e-9,3.319211101447132e-8,10.979374063915035
TMTC1,1.5052191314317618,3.6348881845930703,6.295738423680246,1.5019935398851054e-9,3.418422923250266e-8,11.140632241629664
SLC5A1,-3.1769873500203705,2.841107037118052,-6.2873909210165575,1.5726650063413922e-9,3.556985724543255e-8,11.312527040437699
ANKFN1,-2.51377681883547,0.5294124802946732,-6.287308779384787,1.5733763857333135e-9,3.556985724543255e-8,11.395347777372233
NMU,1.5097494509894611,1.8479298048265678,6.28589612795605,1.5856600128390955e-9,3.5807726778824194e-8,11.245859234373295
NUDT16P1,1.3521251363152496,2.013725536181993,6.275430205810798,1.679642475244421e-9,3.7762227507596915e-8,11.201595541147162
CAPN5,1.076320999337658,4.672755980065875,6.2745791572596445,1.687520600019096e-9,3.789742395004211e-8,10.921024124850764
ANG,-1.7478224606559936,2.177621255116431,-6.2742903172587,1.6902026087124293e-9,3.7915759182639527e-8,11.240331024496768
RBM11,1.7512782075991744,-1.236723093130036,6.273304923628826,1.6993839240580414e-9,3.8079690046919115e-8,11.317423851068929
SOX11,2.625831724257606,-1.6454773985811633,6.2707532989952215,1.7233863596534474e-9,3.8532568067763105e-8,11.309153405668901
Z69733.1,1.404825112268005,-1.8939716614160553,6.269849632412487,1.7319663710825819e-9,3.868182667003117e-8,11.311293593883864
AC040169.1,-1.1761399006639235,0.8713393276791878,-6.269450241078159,1.7357717931051186e-9,3.868182667003117e-8,11.258585838645056
LAMP3,1.291668425185847,2.617901656591795,6.268167226042376,1.7480519903866912e-9,3.8870250166979334e-8,11.075214229207452
LRFN1,1.4626124387350272,1.4562355258745843,6.26786534298785,1.7509537799043816e-9,3.889222363144989e-8,11.161948982068703
SSTR1,2.119293550057594,-0.8197958408010528,6.255523689867982,1.8737163498471723e-9,4.13478947820781e-8,11.222172052107114
AL117329.1,2.292041249641181,-1.468150286557352,6.251825972628081,1.912113478734086e-9,4.214945156376525e-8,11.204215744089856
NME3,-1.0529579669021167,6.046416960693106,-6.250050460380347,1.930823549638755e-9,4.2515772289120325e-8,10.730533543477407
LINC00461,-2.252450902484523,0.7870984623484862,-6.249780747898343,1.933681398804231e-9,4.253261985854674e-8,11.171171632586658
RIC3,1.9328654930643123,-1.603497748656723,6.247618024260823,1.956747886735287e-9,4.293345173219087e-8,11.187679971438223
AC083805.1,1.458884217191716,-2.3221657220782617,6.245256625841878,1.982241475172853e-9,4.341279713514339e-8,11.182685998751166
MACC1,1.3305597798513658,3.635357880182506,6.242942954416878,2.0075355515933195e-9,4.3825083298155346e-8,10.889765248386885
KIF3C,1.0138082387619889,3.8358123330481644,6.241166887061392,2.0271667477233805e-9,4.420615555872316e-8,10.814207309827452
FBP1,-1.4452035634045082,3.435423095722604,-6.232244633845974,2.1286692762969944e-9,4.6221233302842e-8,10.933984377426254
GPRC5B,1.179748385503549,4.997710114485575,6.2248599279970325,2.21643491235958e-9,4.777072407075282e-8,10.624486198032328
VIM,-1.277634517377308,9.818606774016393,-6.2206995723929115,2.2674319591049417e-9,4.87463917419056e-8,10.54326148152544
C20orf204,1.4494592155537132,0.8535866257943275,6.217912967871419,2.3022311623298866e-9,4.9302399648423823e-8,10.954768505885287
IGFBP2,1.6041765565777526,8.464608925589603,6.2177302946414965,2.304530587778126e-9,4.9302399648423823e-8,10.526176908129493
USP51,1.0721515481049717,1.6783719501667012,6.208706708658772,2.420962360181124e-9,5.163026128889944e-8,10.883090757782734
IQCJ-SCHIP1,1.4325854739790824,-0.6810378582392196,6.207689437676416,2.4344445036651913e-9,5.186336487682531e-8,10.96104773993438
CDKN2B-AS1,1.1226167492774182,0.5275547221230533,6.207280640939701,2.4398830931140546e-9,5.192479998371732e-8,10.931127731432342
LRP8,1.0197611955717467,3.420096712713634,6.200964721840446,2.5254384920370427e-9,5.346563740850089e-8,10.656370169106973
SRSF12,1.3412579477619668,1.3876580537727474,6.2005475893862965,2.531191344772729e-9,5.353166794085426e-8,10.846870933752237
CFB,1.7211068201720352,2.4142352364108373,6.197905912233417,2.567923244795691e-9,5.4195713423912384e-8,10.78335623313997
ADM,-1.3464622882756112,5.260538954585914,-6.19673014709422,2.5844395212053086e-9,5.44877062541252e-8,10.487087952266986
CRABP2,1.9014977609733696,5.949472539372432,6.195163944545511,2.6066021825388996e-9,5.484118297921387e-8,10.431828642966604
KRT7,1.8277107488454574,7.574627462439429,6.1934441135397575,2.6311533744410912e-9,5.524334832865778e-8,10.39522326670777
SYNPO2L,1.4180781342488058,-2.179992792351969,6.190184461414234,2.6783094782620036e-9,5.6117486429069034e-8,10.896679407928346
NEIL1,-1.1409928768390594,4.4869387435394925,-6.18484751546945,2.757311139542107e-9,5.76539008231006e-8,10.545156725919133
HOXA4,1.9914398470338965,-2.1253545512768284,6.183597536749377,2.7761418468620528e-9,5.798798242099112e-8,10.859821763966671
MYLPF,1.4719014733428721,0.2690210763288062,6.183232634045229,2.7816627682039794e-9,5.804364897430973e-8,10.807725321240797
SLC25A35,-1.852501087730694,5.18150505230975,-6.182829391357555,2.787776283345305e-9,5.805201350687498e-8,10.536845525887673
ADAM33,1.8625397537677102,2.295334084223526,6.181016794398564,2.8154198727960787e-9,5.8567649431635115e-8,10.64352989212027
C1QTNF12,1.3821928104306116,0.40559465543902745,6.1763501403634296,2.8878322204254483e-9,6.001257878111126e-8,10.759248565786857
DGAT2,1.1951854639977233,2.7371783440052555,6.169684164156734,2.994443034963345e-9,6.203777802507137e-8,10.560451416232512
SLC22A15,1.188660421207461,0.9873133851969794,6.167082703075215,3.0370870232424097e-9,6.285718600853231e-8,10.700345993022614
ADORA2B,-1.1996745494532832,1.1335229475038766,-6.164244172631147,3.0842961272894695e-9,6.37045065965764e-8,10.701843929633831
CHST15,1.2834457091286255,4.765026497559112,6.163587327047639,3.095322504113587e-9,6.386734474477618e-8,10.341987604782695
AL009178.2,2.0153593609038234,-1.7421853963560954,6.162495652168187,3.113733805310433e-9,6.418207490783898e-8,10.751206961718344
IFIT2,1.1610449854524298,3.2784319542840565,6.160506720458708,3.1475537592722016e-9,6.474785688608119e-8,10.466500079190006
DOK5,1.6573612247026488,0.19673420080906426,6.146060363612855,3.4042379388834577e-9,6.97456974494631e-8,10.61297153475621
MNX1-AS2,-1.974720713611465,-1.9946829491643185,-6.144873894758648,3.4262081728590466e-9,7.005458239958477e-8,10.660984633562583
ELP3,-1.1992238591137045,6.728148028244113,-6.144300018794474,3.436884610095382e-9,7.020225408600859e-8,10.153541107708886
LBX2-AS1,-1.142064884977294,2.870075376108948,-6.136175830641347,3.591570593944062e-9,7.286179443263205e-8,10.43524707040391
COL9A2,1.3206926264575856,6.023987341168768,6.136144376486483,3.592182543864264e-9,7.286179443263205e-8,10.105179443435599
NQO1,-1.8013345288629692,6.015052236412215,-6.134097078363545,3.632233803785661e-9,7.360071767511443e-8,10.135462697452112
NLRP7,2.20645170085378,-1.3289524891937687,6.132562492795699,3.6625414116271494e-9,7.414092793815755e-8,10.58283949535047
BST2,1.8569138706569506,7.39290802102141,6.125360678140156,3.808116778950351e-9,7.701110986605666e-8,10.034952984021622
AC010531.6,-1.2635716785645492,-0.5317107332159915,-6.118791623735337,3.945835304670194e-9,7.955868723424306e-8,10.511379152395598
PRSS1,2.8530235771228227,-1.155292334031681,6.1172300048859745,3.979285241443668e-9,8.007425073970407e-8,10.501010360809126
PLEKHA4,1.1626257517944962,5.114356208172777,6.116860276857768,3.9872454059833994e-9,8.007586524822788e-8,10.044027575361516
PAPLN,1.3771282042656723,3.484031515774541,6.116549954296688,3.993938621732607e-9,8.0131104193577e-8,10.214569616674273
PELI2,1.319430696864071,2.8207452162860767,6.111810920198151,4.0975306701872475e-9,8.204750082845874e-8,10.249156440204398
NFE2,1.7965686683008102,1.7863478456151698,6.111244525369485,4.110086383896958e-9,8.217310006326988e-8,10.391168401744606
IGDCC3,2.3551079632262812,-0.5150187154962323,6.111163323802997,4.1118895278658464e-9,8.217310006326988e-8,10.46202513193743
UPK3B,2.1441194197413456,1.3964775289496463,6.109122454471014,4.15746394386733e-9,8.292080195795841e-8,10.340850899916743
ABCA3,1.4216018796799368,3.2678175230392146,6.108088309419036,4.18074581620736e-9,8.330340977313568e-8,10.158637188511335
OBSCN-AS1,1.4805161107738642,0.3533468823252103,6.106805392292342,4.209805866640753e-9,8.380028837767548e-8,10.40323749028052
RNF165,1.4735789768767036,0.3821958132240968,6.104669012203161,4.258637803449212e-9,8.468938817739901e-8,10.389261543772037
DLGAP4-AS1,1.045311230536414,-0.95116566769974,6.103341548769331,4.289259071561644e-9,8.521495735133808e-8,10.43067919959382
CRIM1-DT,1.1808925329974702,-0.22495847733408675,6.097381955233385,4.4294103087874585e-9,8.757133766128046e-8,10.384045333571304
LINC00884,1.4311708766772082,-0.3727521519679924,6.096881483977703,4.441381928420414e-9,8.772268835103642e-8,10.382860477254793
SCN11A,1.5680604271453709,-1.2252855187584322,6.0879389613410675,4.660713350716422e-9,9.157036130360679e-8,10.362197295811885
BSN,1.2024354685268523,1.2881106809872875,6.081741577612228,4.818902261971319e-9,9.43539205898893e-8,10.228579246987984
TECTA,1.0513091174912994,0.206421505932247,6.079922885829448,4.86631423108094e-9,9.519053939604332e-8,10.277528795275948
TNFSF10,1.2110340731535532,6.348034843626892,6.076366864540803,4.960340560013455e-9,9.684338284506576e-8,9.787177149048336
ZNF829,1.1795090324389854,1.5782370497650675,6.075500069651417,4.983528186820909e-9,9.720271292605388e-8,10.18594462881789
SCGB2A2,-3.9842488106350245,0.7165798326200095,-6.057843413114253,5.47964173837656e-9,1.0596407106637982e-7,10.199868699722982
PDE6G,1.65781285007413,-0.34654245895173774,6.055678241477874,5.543711554820413e-9,1.0689790667947824e-7,10.162014523468494
ZBTB46,1.0432862396608247,2.8967469651409066,6.051197402927362,5.67864278121761e-9,1.0929236352790409e-7,9.941162888200587
PIGR,-3.3638746311175787,8.406753645436261,-6.049401300947303,5.7336267993474525e-9,1.1003798967888351e-7,9.659541047249165
NPM2,-1.2896327206451175,1.4382453449758985,-6.049131265524449,5.741938331240312e-9,1.1009354211710197e-7,10.092312871764449
MUC20,1.532065358443682,4.589257537373975,6.04392713463562,5.904442116901483e-9,1.1299612201874362e-7,9.713424315561891
SALL4,1.9447068645705292,1.0739080732404511,6.043396253977375,5.921270256194018e-9,1.1310516605910453e-7,10.043463502558717
ZFPM2,1.31776258577524,0.07296211955478987,6.042561099934878,5.947838491566686e-9,1.1350598075361627e-7,10.086773882445863
ARMCX1,1.355893936238564,2.7096221627414607,6.042010758619268,5.965409909923565e-9,1.1373451314191983e-7,9.92298537043898
CILP2,1.5441483787283445,2.0430123672934144,6.030083190403929,6.3589674387716366e-9,1.2067194605564403e-7,9.868548289013113
SLITRK2,2.550702764102704,-2.754060827037344,6.028737311442041,6.404940247913656e-9,1.2131780577688457e-7,10.068164017448149
SEMA6C,1.174864633938323,3.6391395943970894,6.024639947462576,6.546910869721371e-9,1.2377620141043455e-7,9.696843091961853
ARRDC4,-1.044027163943186,4.077055990466833,-6.022987107995573,6.605048373852637e-9,1.247592966079749e-7,9.734243222044386
SALL1,-1.2906835089853734,5.39446661642941,-6.022109514327522,6.636122211010032e-9,1.2504524684672803e-7,9.575254052257995
ATP8A2,1.4292343398072789,-0.8150228898891495,6.022038441325814,6.638645018087953e-9,1.2504524684672803e-7,10.012058467300502
PNPLA5,1.8750855802409312,-2.9941284959545107,6.021116273605638,6.671463512855946e-9,1.2554705966230023e-7,10.030462670969534
BLACAT1,1.6788952856671633,2.5603785597152013,6.01814817282628,6.778175298773021e-9,1.2720187882942092e-7,9.806475686892325
IGSF23,1.931154667955939,-1.4096736395313787,6.017432053384673,6.8041709807352605e-9,1.275719289782873e-7,9.995795249955352
AC008060.4,-4.078837207721238,-1.0729142101273912,-6.016840482959424,6.8257190171790466e-9,1.2785798461303867e-7,10.008712914764665
LINC01186,1.7352280606113308,-2.3790239773229023,6.013615529903972,6.944368135625856e-9,1.2962781787623126e-7,9.99181916536527
LPAR1,-1.1568643361991078,3.969779967651858,-6.013579255629216,6.94571411470261e-9,1.2962781787623126e-7,9.710124508474927
FRMPD2,-2.38735587664097,-0.34163802938162147,-6.004994693178723,7.271535566288731e-9,1.3533579564949834e-7,9.943055533919884
SLC22A16,2.3081233760831843,-0.9116179627868947,6.002492611802858,7.369283677386488e-9,1.3677928900383836e-7,9.906659568980556
HOXA11,-1.558786358559399,3.5923442022784284,-6.0007310120043496,7.438873804584064e-9,1.3783226496049925e-7,9.661005048731031
EPPK1,1.342234769929835,4.333291986692403,6.000713254481066,7.439578560404825e-9,1.3783226496049925e-7,9.48547911141921
NRG4,1.2475243276723655,-0.16958633579728374,5.999297307553696,7.49598511358277e-9,1.3859417213602197e-7,9.877690018996102
SCHIP1,1.2715889887368184,-1.4569371614744246,5.99899755280681,7.507979901680782e-9,1.3859417213602197e-7,9.907631454374883
ENHO,1.7855591532736557,-1.2971108868374148,5.9951176816748015,7.664939546092598e-9,1.4136318632920688e-7,9.872263785422165
CACNG4,2.5790767753014183,1.5044444813595423,5.99440207666454,7.694237951302437e-9,1.4177487953061717e-7,9.751795555001735
STX18,-1.2457786817198118,7.619481904463481,-5.994170039691918,7.703761550771184e-9,1.4182178420097243e-7,9.350263645326487
CNGB1,1.5793854737489446,-1.2625847572208342,5.992710240659953,7.763941865687055e-9,1.4265501361587763e-7,9.8681262992035
IFIT3,1.2269422046404799,4.438287762772915,5.992561977147174,7.770079712299574e-9,1.4265501361587763e-7,9.448361804235386
FAM13C,-1.5683839518402782,0.5860932743417577,-5.992027902184701,7.79222885332594e-9,1.429325444178668e-7,9.83954799740436
LINC00857,1.3615932404751216,0.7318381811060902,5.988894478985393,7.923428135486457e-9,1.4481632502304563e-7,9.790187675850651
AP000757.1,1.608138486824851,-1.7982088736806723,5.987695460462497,7.974201883009724e-9,1.4561336843691792e-7,9.8563880157641
AC109322.2,1.2955958283328404,-1.681980131075443,5.9843756267243995,8.116450766539422e-9,1.479450631203114e-7,9.836963904814784
AC020910.6,1.0672580663721507,-0.16686560256898023,5.983175861920956,8.16846690219645e-9,1.484936684438646e-7,9.79528385339199
METRNL,1.1594316867049574,5.197082966756092,5.9808767420002615,8.269058923393053e-9,1.5018798352014336e-7,9.326805516724264
LMO3,2.691950491004065,0.4222381643935113,5.970844944955159,8.722341272498236e-9,1.5771607119417627e-7,9.664511653008098
AL670729.3,1.594497128839926,0.7670991751901151,5.96974926371342,8.773297753830925e-9,1.5823237575210344e-7,9.66885173370441
LINC00648,2.6058827941410643,-2.890807230577058,5.968233721339345,8.844260912535155e-9,1.592123638497471e-7,9.763430539995138
GALNT4,-1.8874828554651126,-0.9409827437070218,-5.967797664908473,8.864782472826194e-9,1.5944056546700848e-7,9.755433327772131
SLC12A5,1.5883267561734653,0.6152136442003602,5.967389227380552,8.88404649053e-9,1.5964576558225619e-7,9.669447314643946
HSF2BP,1.046168833701816,-0.8892050676636316,5.961119745987204,9.184938143097411e-9,1.647614146692955e-7,9.698957592678997
EP300-AS1,-1.4136228699365696,-1.9154518103678735,-5.960029286037291,9.238280842849057e-9,1.654262729956513e-7,9.722150309803903
ERBB2,1.0382750565495753,8.090642162732234,5.95391207952892,9.543186255780979e-9,1.705855034850419e-7,9.13866548807366
SLC38A3,1.9690150268135551,0.2750135705339946,5.941832701845511,1.0174457089455963e-8,1.8107326259728808e-7,9.556691380579355
FAM131C,1.5533914793682708,-0.6438458669492576,5.940861969763237,1.0226925145917653e-8,1.818477923583818e-7,9.586096015916567
PCDH10,2.533953759023764,-0.455477237660304,5.939271349651195,1.031347080467262e-8,1.829066148640195e-7,9.573153162189005
ZNF667-AS1,1.7858385323301849,3.133153496489847,5.9384712130886905,1.035727665479864e-8,1.8352335722068662e-7,9.352742234114414
MROH7,1.3821587422993125,-1.1631142724196732,5.930121460781638,1.0825406200484405e-8,1.911366193380455e-7,9.550876544675756
DMRT1,2.0242896731850157,-1.2411537277144096,5.929972215245099,1.0833959135870321e-8,1.911366193380455e-7,9.542335173584297
FSD1,1.5678996339166735,0.37651370041965676,5.929339675174909,1.0870282049096542e-8,1.9161111219933922e-7,9.466795785379105
LINC02535,-1.8947990587309171,-1.6114946194117203,-5.929021080451607,1.0888622075081182e-8,1.9176807197049387e-7,9.566609153617298
CR2,1.9883619023173744,-0.03924752278541692,5.925427377971827,1.1097602443785709e-8,1.952793697554119e-7,9.487193530446959
AC010319.1,1.1578703851631447,-1.8092417730998294,5.923470359681824,1.1213051141702847e-8,1.9714018287540543e-7,9.53181846725837
AL161669.3,1.8007592740157048,-1.4462821003076225,5.916483470715809,1.1634884868351914e-8,2.0420328157546138e-7,9.489627723303883
ASRGL1,-1.4726246226274036,7.1353083733434115,-5.913275787688004,1.1833709502161304e-8,2.0715616875273587e-7,8.944472539965899
LINC01356,1.4745541380169103,-2.2485629543163417,5.911555418067206,1.1941709632658451e-8,2.0868727994337948e-7,9.47608674860125
C15orf65,-1.1321979348372144,1.7729702699961496,-5.9065316930501615,1.2262632130525764e-8,2.1356104149169292e-7,9.353577494978614
SCN2B,1.8574575687630608,-2.482952882376855,5.904709417429223,1.2381113578963146e-8,2.1543985648873884e-7,9.443025755150074
NEURL1,1.4350046495439375,0.18072144607812843,5.903728378673532,1.2445361941677291e-8,2.1637257151638088e-7,9.364006624926757
KIF1A,2.6893509724398568,4.5368318172556705,5.900070634743617,1.2687794486767919e-8,2.1983659164368631e-7,8.951214253927942
TRIM17,1.8444825817986927,2.476455330721885,5.9000694677787084,1.2687872564359578e-8,2.1983659164368631e-7,9.237354147570633
SLC16A5,1.2638604599687926,3.950991374333036,5.899545533826197,1.2722974673971625e-8,2.2025701641720554e-7,9.021554446968707
TMEM176A,1.4365073321944433,4.862083029411672,5.896530359837998,1.2926836204444645e-8,2.2321581904769154e-7,8.91979988584189
STOX2,1.2144697230856667,2.752803988980724,5.893181863682962,1.3156978117787936e-8,2.2699696372319356e-7,9.177683856039067
AC010210.1,1.1059706254120292,-0.6642277159562011,5.887957306318469,1.3524085514053218e-8,2.3313275147380627e-7,9.325654900589548
FBN3,2.4804459387583484,1.7308730428921755,5.884595232408518,1.3765600226995255e-8,2.3709496526563692e-7,9.146742610538999
MCOLN3,1.8776402191416142,0.9922298262836271,5.881180724969343,1.4015196091998127e-8,2.406223844280769e-7,9.21793966658234
ORAOV1P1,-1.8880447792464536,-1.0943397149486034,-5.880544041599798,1.406222373671108e-8,2.411819706539376e-7,9.320093273366485
SLC12A2,-1.012345935872161,5.288753373853444,-5.875302200589409,1.4455312971145904e-8,2.475061338041865e-7,8.824078092248545
RFPL1S,1.9858491552184596,-2.0760287881511212,5.874296606732399,1.4531941737256513e-8,2.484664802030665e-7,9.292395117497906
DLL3,1.888597364879885,-1.5844015677499612,5.87409001135884,1.4547733923553776e-8,2.484664802030665e-7,9.265138911251151
SLC16A1-AS1,1.1306616385860575,0.3654944118229595,5.86940195533,1.4910633481132455e-8,2.542313044215906e-7,9.195056248922505
LINC01833,2.611484690863328,-0.47293130518427384,5.868985991066037,1.494325717189286e-8,2.5457398052099786e-7,9.188476403456963
LINC02028,1.3331868297317468,-1.3589897384078,5.857873078690677,1.5841132630466665e-8,2.691932939645523e-7,9.196644346600834
IGFALS,1.7010071571562817,0.26860684658894735,5.855543285036928,1.603594947159195e-8,2.718220492582442e-7,9.119981878370195
OAS1,1.410605168261183,4.515239440296792,5.854048154132435,1.616220359275877e-8,2.735059332383258e-7,8.719647614879683
AGBL4,1.8063304049485045,-1.7591083819682827,5.85318267139716,1.6235731452891094e-8,2.744708698931323e-7,9.181428746207414
PARVG,-1.3639040542853986,4.602625423332854,-5.846064344421627,1.6853007357923203e-8,2.8424939547089727e-7,8.736716039594457
ZNF772,1.7345317669621836,1.6815582341864659,5.845351927766517,1.6916033720987342e-8,2.8507584522831405e-7,9.013095029774826
IGF2BP3,1.9526839416797022,1.048943159688803,5.840635432384028,1.7339144026236462e-8,2.9148119370490474e-7,8.990963676885357
AC079145.1,1.262168536254586,-0.45731459309145966,5.837882750153277,1.7590844727937757e-8,2.944945043250469e-7,9.071897998676345
USP44,1.847644481820432,0.2792240722099083,5.832050525413728,1.8135988215035987e-8,3.0287249341198963e-7,9.019694077027324
ELOVL7,1.3216529523188703,2.0971270151004857,5.828079739836633,1.8516551847375425e-8,3.0846754077545753e-7,8.860704011023772
AC016821.1,1.1462292097060114,-1.934275485674627,5.824622072555171,1.8854285514748923e-8,3.135797862534837e-7,9.040270995589147
SLC14A2,1.933974975758486,-1.8858446283250154,5.822609578383484,1.905362298069316e-8,3.163773149179802e-7,9.02632863748551
NAT8L,1.7876293382220285,4.294843237006248,5.820051716947047,1.9309953118420663e-8,3.2011051156507466e-7,8.58181518116662
POT1-AS1,1.3395730758975943,-1.6286488381890871,5.817942697583295,1.9523835472832704e-8,3.2312901640867417e-7,8.999788217921383
GLOD5,1.3457572771018087,-1.1600014098498828,5.816203341243577,1.9701969387839496e-8,3.2554701287678854e-7,8.985266773785664
DNM1P35,1.3193299542277181,-1.1739853311462285,5.814706419833841,1.9856545340490345e-8,3.277622299797928e-7,8.969948116341943
MAP1LC3C,1.970017616296262,-2.1200891496549303,5.812552883185747,2.0081005614668786e-8,3.3100272353003115e-7,8.97438171812958
AC011298.1,2.3044046658234305,-2.2778384725448992,5.804224010840813,2.0972683440130605e-8,3.4430437660518124e-7,8.933184969549611
IGF2,2.594202630610933,1.0976097638467546,5.799749655358769,2.146755583127111e-8,3.5214415231215017e-7,8.783721941312292
APLP1,1.5617223574386268,3.0358320758108945,5.799221886027692,2.1526674997552274e-8,3.5267327454867376e-7,8.562209008610173
LINC02489,-2.237198331966529,-2.922030164512345,-5.797543941125307,2.1715692107198553e-8,3.550681628211612e-7,8.91267317011217
C5AR2,-1.8640675584615254,1.7029822113067208,-5.794648610828667,2.204566487112374e-8,3.6017370807131745e-7,8.819767283669046
SLC39A5,2.0348498892985494,-0.9715404072997119,5.791105434847862,2.245614051592992e-8,3.65997273332606e-7,8.837206185486242
PALM3,1.811082734404402,3.2756208601627983,5.789808567334246,2.260824089597552e-8,3.6818099997580644e-7,8.554239330972948
AC092835.1,1.359411975674716,-1.8814666718221673,5.788301264115382,2.278628661354754e-8,3.7078341804142526e-7,8.859208549517916
KCNN2,-1.3275968885091927,-0.06763990805719126,-5.7872999701924,2.2905317879415924e-8,3.724221444649994e-7,8.81897309771405
AOC1,2.7026774783536593,4.511584568454795,5.784999214439512,2.3181131852491558e-8,3.763045717013086e-7,8.39766862997913
FADS2,-1.1229128787585685,7.825204512800853,-5.770349224250171,2.501502357307031e-8,4.0317631966620224e-7,8.199828433023612
GABRG3,2.428645718235562,-1.2528074188576281,5.7689389572207865,2.519886165705962e-8,4.0549617127322223e-7,8.749087757914271
PRSS21,2.8378691873715667,1.2315919922886454,5.768188784558402,2.529718883518242e-8,4.064348346926858e-7,8.628373995209488
COL25A1,2.280836999171899,0.2848845473074975,5.764951029905536,2.5725886377510294e-8,4.1299598320420153e-7,8.660806813753656
IFI44,1.2817411314205533,3.977583289907323,5.7577684619726925,2.6702384729723384e-8,4.276589970424729e-7,8.307310525731543
AC007255.1,-1.12578359773906,0.4874350134606696,-5.756509629136924,2.687721639780755e-8,4.2978170422426485e-7,8.650363714091254
PLA2G4A,-1.8962212516041728,4.0353487044719305,-5.756016230331365,2.6946046084071074e-8,4.305435853873117e-7,8.422462080845772
BISPR,1.0865560571069355,2.126120256206513,5.7524564609298245,2.7447764519461404e-8,4.368428865258681e-7,8.496872072086992
GLYATL3,-3.0079777220399992,-1.7646481516764236,-5.74415251563045,2.8653857554778847e-8,4.549695319869729e-7,8.652085106918136
LINC02381,2.0447874379773503,1.5625161004165724,5.740673981463211,2.9174333296917752e-8,4.6251103738420936e-7,8.463807212778585
TMEM220-AS1,-1.1089511701483241,-0.9320151096353355,-5.740062893269771,2.9266715783123493e-8,4.636139762869851e-7,8.61559401495515
TMCO1,1.2703202117924155,5.864720174131523,5.734327874629441,3.014775505495827e-8,4.760862266798538e-7,8.058402118969617
ATP2A3,-1.4320157136309621,5.180766330181467,-5.730777649998128,3.07060779965831e-8,4.837754489942285e-7,8.079639170210346
GGTA1,-1.7534325861674063,2.855502287472378,-5.730352857651188,3.077355506398506e-8,4.844630000932862e-7,8.404094215661361
HCAR1,1.3836129143408304,0.7942703011329532,5.728705556934721,3.1036596092250185e-8,4.874712356869341e-7,8.47835020994291
LINC00665,1.76972693399397,4.6158726147198665,5.728345696919943,3.1094350025660565e-8,4.880012122946141e-7,8.115838979018815
ANTXR2,-1.033713736570884,4.391063830047579,-5.727957895384968,3.1156705757141524e-8,4.886025368890002e-7,8.186937340254445
ABO,2.117830873892874,1.7970144930731033,5.720650365843629,3.235478955525703e-8,5.058298022469569e-7,8.363242312119857
MPP3,1.1747604869921133,0.8066248999871559,5.717421192876419,3.289843880047884e-8,5.139337972182413e-7,8.40609964631916
ZNF516,-1.1274039189721474,6.068394350034202,-5.716142512533586,3.311616763711714e-8,5.165410522308279e-7,7.98721635847017
OR51E2,-1.5371884134054508,-1.1783129730293127,-5.714500140896881,3.3397889115766455e-8,5.201369336312931e-7,8.49873916822095
MAST1,1.3887567243800971,1.894220744684217,5.7142617635125355,3.3438972727079334e-8,5.203780104939972e-7,8.282708617320525
TMCC3,1.0377931565517846,3.9959836437332323,5.713046851183628,3.364912681293519e-8,5.232477837384046e-7,8.072462719990362
CRNDE,-1.6693606683308215,3.0680635957570703,-5.703267593214978,3.53883464018857e-8,5.481956953292111e-7,8.238692241074887
PRRG3,1.3705072429088154,-0.39182761165000735,5.699492071431929,3.6083032916294107e-8,5.581062107996662e-7,8.380955905513737
COL26A1,2.435298802347487,3.4039239862139112,5.698818217677176,3.6208412410863695e-8,5.596195998771055e-7,8.108806728891691
APOA1,2.2911187090403144,-0.3517830265907305,5.698266512960801,3.6311380951681216e-8,5.606114918027139e-7,8.351748747360846
SLC16A10,1.63447089639965,1.3864682343500208,5.698178910597228,3.6327757070663953e-8,5.606114918027139e-7,8.277347731210392
CARD14,1.1066234209781043,1.3136188027062186,5.694587423447341,3.700538019223751e-8,5.697707174447236e-7,8.273510011436342
LGI2,1.5602564020456406,1.1928278112087638,5.6915577632242025,3.7586580442723074e-8,5.774071511095266e-7,8.25751653947471
KAZN,1.1258450548251595,4.610695282818695,5.689233416117287,3.803850589613261e-8,5.834676179871691e-7,7.9045916034105215
LIPC,1.381826171144001,-1.105947953449033,5.688663121190375,3.815019665456605e-8,5.847395149377077e-7,8.345681426911646
UPK1A,1.8766366530163308,-2.1564591138676943,5.686931335715152,3.8491327549821056e-8,5.890796243392795e-7,8.361889787916978
SUGCT,1.1800584531297207,1.1185930445008672,5.684660537038816,3.894314845777389e-8,5.9509815733518535e-07,8.231752640445062
AC103706.1,1.1332969790882914,-0.7648656428960986,5.68325395185825,3.9225608390244256e-8,5.989641359303713e-7,8.315013166825235
SORCS2,1.7575812777284767,1.54517664771365,5.681919156531592,3.949550039817533e-8,6.026325451145011e-7,8.184862869908248
DEUP1,2.253934866113834,-2.545359523369837,5.679233109403481,4.004411580731246e-8,6.105450935242449e-7,8.336166266049405
ATP2C2-AS1,-1.2050310889858595,-1.539896882560848,-5.679059199833382,4.007989141170061e-8,6.106324685542752e-7,8.327737681011815
SMIM2-AS1,1.0555489214985703,-0.7228815219598961,5.678877602049328,4.0117281877693794e-8,6.10744297290074e-7,8.297904095985556
LINC01612,-2.1818243815978198,-2.005627406617173,-5.67422628088124,4.108666194326537e-8,6.240996392637709e-7,8.312631505339166
AC092868.1,-2.6091825888595306,-0.3064656091406951,-5.673355465521016,4.1270671437593986e-8,6.264265319624049e-7,8.297628885571934
SLC6A14,-2.875865167814495,1.0758064589966487,-5.663355187426078,4.3442304392824914e-8,6.559594312628332e-7,8.20158203968651
LINC01503,1.2721850637714693,2.676139793634526,5.653280537114536,4.574270201855855e-8,6.876291980955502e-7,7.945632782364077
TMCC2,1.1477494975125528,1.892806908151102,5.650994236929311,4.628106006566351e-8,6.95207882316737e-7,8.012260141514805
BEND6,1.3871073681984663,-0.6537017835204801,5.649956036393339,4.652756261904114e-8,6.978791016010275e-7,8.137938270821806
ARHGAP26,-1.0162731107400749,5.7928504803214516,-5.649444892329598,4.664939492970911e-8,6.986752413790774e-7,7.659623301033442
AP001347.1,1.3679420268949238,-1.1924216037451996,5.646900128151888,4.72605919569467e-8,7.073080051052908e-7,8.142885668174884
RTP4,1.3218619367623066,2.8354700115852154,5.641939402730382,4.847458981638611e-8,7.234920364531066e-7,7.887322072152964
FMO5,-1.34139064038229,1.9762280302660955,-5.641899968619223,4.8484361033710454e-8,7.234920364531066e-7,8.00285140849429
TMED6,-1.4748978146496476,0.1517875979475985,-5.6404766916290345,4.8838318072291455e-8,7.282391610427377e-7,8.105154445224674
SHISA6,-2.8531787685155083,0.9540263959211168,-5.639580155273696,4.906257184078632e-8,7.310467082786959e-7,8.10285713347006
MSX1,-2.406866037506319,7.947923605638681,-5.627331388661785,5.222887186296167e-8,7.748172202502432e-7,7.499012096997133
ADAM28,-1.5266774228855824,5.161665126648286,-5.62392317870829,5.314477460128109e-8,7.87255392854546e-7,7.629582334460787
SLC22A17,1.2173472583301042,4.204081682792067,5.623102317372742,5.336769828827134e-8,7.899818645381113e-7,7.607219601219433
PTPRT,2.506688087529665,-1.7681043473925673,5.617969359370326,5.4782495817991724e-8,8.091565734046976e-7,8.021049421515137
ARL4D,-1.5945193210869792,4.9083443962775615,-5.617422285223944,5.4935425709212185e-8,8.108261380639278e-7,7.5720171954991695
REEP6,-1.509514172691445,3.1944940917992466,-5.617252914918843,5.498285607696334e-8,8.109372764210472e-7,7.779923225335083
B3GNT8,1.3211945761258614,1.5544752464480311,5.616600601299142,5.516590303476043e-8,8.130470002019369e-7,7.866264486358753
CYP2S1,1.4691215605878605,2.9685076800471615,5.61344293872252,5.6060415947038915e-8,8.238408486678372e-7,7.694314293925004
UST,1.3727105109012943,1.1243337255593737,5.609446303257013,5.7212897842320884e-8,8.389573850990834e-7,7.853803867105505
LRRC37A4P,-1.4760775942069126,1.7995704430491684,-5.606055000427898,5.8208918467395655e-8,8.52332895483681e-7,7.843176170377929
FOLH1,-1.2944024569839834,3.927026287747097,-5.602933011520953,5.9140777682281034e-8,8.647317738235106e-7,7.633143164901493
AL135818.2,-1.5185073114501249,-2.4081308966235024,-5.6006864662273985,5.982031646891279e-8,8.734109999383503e-7,7.959401560429107
TRPM5,1.7960475872892026,-1.599605201974411,5.597831099458695,6.069500886452963e-8,8.842762438442296e-7,7.920956377712882
TREML2,1.7469358276121298,-2.06680726294029,5.594601015876991,6.169952674367022e-8,8.976243246516489e-7,7.911914715580038
NAAA,-1.027168279699623,4.189393096814987,-5.594042546122637,6.187484020334578e-8,8.995309386929897e-7,7.536616854761503
SEC14L4,1.7267307672563281,-1.0256395342695108,5.591422649914486,6.270377672780886e-8,9.10930348974973e-7,7.8825309833341075
CHODL,1.8436551836481472,0.15099049857875235,5.589452567705567,6.333423460854274e-8,9.192729408147568e-7,7.813257768932488
ANO2,1.3130991174899387,-0.32327997552342524,5.585661235506083,6.456496076096884e-8,9.359616708316196e-7,7.8241972337285315
CACNA2D3,1.5426051843914512,0.7334879576253291,5.583918898683028,6.513834142211771e-8,9.430631149368782e-7,7.772796742125318
RPS6KA6,2.126848615742155,-1.2771225307277225,5.583890769676412,6.51476389180957e-8,9.430631149368782e-7,7.8440336072808226
AC092111.1,1.4416677015579253,-1.2662437556718802,5.583377511229225,6.531751388348993e-8,9.441772063784135e-7,7.850096867069638
FAM107A,1.677881638813869,4.078749621358011,5.582583574770748,6.55811368722533e-8,9.472935818180127e-7,7.39254527536084
TRHDE-AS1,2.249107284511166,-2.215565804632329,5.577055994685296,6.744551422436973e-8,9.687368417640214e-7,7.81938648314251
KHDC1,1.3282921070514881,0.04098427167989358,5.5738358467144185,6.855534006312187e-8,9.832877427261037e-7,7.731313304249738
HEPHL1,1.4796914821862543,-0.7294791644032143,5.57255717724793,6.900095518700504e-8,9.882842940244472e-7,7.769452574016481
LINC01359,1.2708212901943858,-2.0262006168883366,5.570140669481974,6.985082956186265e-8,9.990487403344803e-7,7.798494244623689
AC009119.1,-1.7728423160325586,-1.5088262136125101,-5.566906365626603,7.100430389520663e-8,1.0141190951273223e-6,7.794162895910406
SLC2A4,1.23365088693416,-0.06333013558019047,5.565666210991013,7.145149671066408e-8,1.0190691914069727e-6,7.703468043218038
WT1-AS,1.9027115168034872,-0.8865396923496818,5.565170972476953,7.163084300874343e-8,1.0201998972037152e-6,7.734408491333834
NTF3,1.6495792593603615,-0.8764090539469129,5.564478993700464,7.188217219726788e-8,1.023062512421059e-6,7.740600635638947
DDX25,1.6939753773922959,-2.520488454820942,5.5633807685304,7.22828172504909e-8,1.0280447710279754e-6,7.775490346765104
UQCRH,-1.2540688577771526,6.704098793783834,-5.562134660884616,7.274004789788129e-8,1.033824289144433e-6,7.180468873195693
TMEM108,1.9984479960346122,0.6141621722250734,5.560841713277099,7.321744536393447e-8,1.0398821520451463e-6,7.648229911727638
LYPD6B,1.7591319721886527,2.8126027429774663,5.560657480467955,7.328571810131255e-8,1.039949987049985e-6,7.459890259060257
TTC22,1.09142990004166,3.488934310841845,5.560552744370235,7.33245587208536e-8,1.039949987049985e-6,7.384472112325181
ELFN2,2.0294802049063136,-1.643941749088145,5.5585263401420155,7.407999776532096e-8,1.049931572233182e-6,7.717088254886359
FAM81A,-1.298826730392014,2.1534100719760305,-5.558233519139913,7.418978622319258e-8,1.050754853798025e-6,7.60117395367478
RPS6KA5,-1.071729781697532,3.4780574317492983,-5.557965925524967,7.429025476357562e-8,1.0514450820438099e-6,7.453940277799052
C9orf139,-1.0203080429274158,0.11917541692121231,-5.556964961454011,7.466724583256879e-8,1.053845211320228e-6,7.682111062732456
KCNJ4,2.1332456714842625,-1.8776323623817803,5.552959420031478,7.619459343871384e-8,1.073166262680818e-6,7.706650840499592
COL9A3,1.9848869095295405,1.5272698898778365,5.5505062354012535,7.714500481229097e-8,1.0850484967508663e-6,7.518841127425279
TSPAN7,1.5620066686857728,3.9678212202848315,5.547790306303291,7.821068690273445e-8,1.0977582877149e-6,7.2861116117121405
IHH,-4.2134974719855665,3.893314653481336,-5.546081156412736,7.888866803377999e-8,1.105747095943824e-6,7.520979108349048
SYT12,1.4435597443334158,1.3798126929634003,5.543325282399592,7.999394253938872e-8,1.1204664977054006e-6,7.513797356258486
ZNF730,1.8647773259901717,-1.3324348218924729,5.541555817694339,8.071154694013523e-8,1.128185337009153e-6,7.638415790340282
PRRT4,1.5561707026752643,-2.183989523997466,5.539444396575856,8.157604346787847e-8,1.1371409516057354e-6,7.654350871025099
CMPK2,1.1347942537534932,2.512626191301836,5.53552347797676,8.320541811347815e-8,1.1590588881002946e-6,7.373114549453641
CRIP3,1.414210293749803,-1.0975830260138861,5.5333491214087225,8.412261785111466e-8,1.1707531082883173e-6,7.592798449509599
HOXD1,2.0748163665265746,-2.629866581818343,5.533260708023972,8.416012060663411e-8,1.1707531082883173e-6,7.630609626628933
CECR2,2.1150929229667117,0.3457534934608979,5.5314052591234315,8.495092504825627e-8,1.1801384830353796e-6,7.535712858084233
SRD5A3-AS1,-1.3831383207214634,0.4509124307070927,-5.5281627421919755,8.635032524128361e-8,1.1979413038934116e-6,7.538339397713678
RAPGEF3,1.0609893189517825,4.609314768692547,5.525290084748305,8.760884885152955e-8,1.2145717899443973e-6,7.0785426498123964
GCNT1,-1.1568319750600882,5.666236240499851,-5.51453882718623,9.247959354593734e-8,1.2757343320911182e-6,7.019121571000932
FOXN1,1.9142615959576816,-1.7130841531877778,5.512945731489956,9.322341450033322e-8,1.2845238483422187e-6,7.514017759335262
TMEM221,1.468533235214935,-0.2449174190969384,5.5102784990886695,9.448182120024557e-8,1.2992209296845676e-6,7.444609792541578
LHX1,2.9189266293574514,-2.5289558597282826,5.5086281075989625,9.526875200641423e-8,1.3083803232588873e-6,7.512790200381162
TENM1,2.0897812533325015,-1.2053053602794672,5.5084771721115,9.534103811978017e-8,1.3083803232588873e-6,7.464232646713702
MX1,1.3896062857308555,6.34883698862184,5.504163355415345,9.742975071014252e-8,1.3334425949043345e-6,6.888404993580243
PHOSPHO1,1.418076006287885,-0.8856303798614638,5.49820494958816,1.0038821994716108e-7,1.3711627568589394e-6,7.411566798141482
MAP2K6,-1.1580218005344811,6.277277795924549,-5.497411303502128,1.0078882653949516e-7,1.375709946668032e-6,6.888895333619906
ALOX15B,1.4230566352845644,-0.3423437262425089,5.495249833466707,1.0188777826436926e-7,1.389776647949692e-6,7.374479302481601
HCG11,1.1933521920173438,3.0899194787827224,5.491683363289961,1.0372663971205253e-7,1.4120162260601177e-6,7.14046473026583
JPH3,1.9910501516557833,-1.1107484548093838,5.489422397989957,1.0490908708111785e-7,1.4271568178290757e-6,7.383142497935028
EMSLR,1.5013227864907912,-1.1053672719076653,5.4871048581336535,1.0613474571442846e-7,1.4409369217769167e-6,7.358891929093459
AL929091.1,1.655935502054359,-1.865631035725948,5.483460272966399,1.0809049255319438e-7,1.462603975133903e-6,7.376192509358223
KLK5,2.7525551921045652,-1.629618839668481,5.482861143685816,1.0841533720507047e-7,1.4650487455823486e-6,7.35752991790553
TRIM71,2.037075751357193,-2.4922520332214795,5.481002022514276,1.0942940729789667e-7,1.4758084100348054e-6,7.383633588536583
LRP2,2.530405034888842,0.054887725419146556,5.478488532190711,1.1081510691374688e-7,1.4905401938550573e-6,7.2677016541032495
SCX,1.4857459084438736,2.6997498052327673,5.4768645222956565,1.117195039542514e-7,1.5009014445943372e-6,7.051279844314537
HES6,-1.1279502744773051,5.67305452986314,-5.476328087277562,1.1201981632709505e-7,1.5037587496908056e-6,6.80954345632832
CADPS2,-1.05049632345035,4.49990508355678,-5.460929579724688,1.2098353467295518e-7,1.6166136480559769e-6,6.878053913653807
MUC20P1,1.5386727498349129,1.2906700915710396,5.458120773594679,1.2269225531515028e-7,1.6372931037591034e-6,7.127671661113169
ABCG4,1.315204018386558,-1.0363293181187565,5.449403432265888,1.2814638689127031e-7,1.7022530504432535e-6,7.187546141633584
HMX2,-2.127335387140395,-2.776855507689957,-5.44547679190637,1.3067958905253954e-7,1.7279973766452917e-6,7.225565937823212
FXYD6,1.287163387718882,3.0326317314655333,5.436874008915271,1.3640111088119332e-7,1.79664042614995e-6,6.811229792453653
KCNE4,-1.3130109479421517,1.5898302480441069,-5.434393260926464,1.3809581481635639e-7,1.8154329497591378e-6,7.036215242565447
CLCNKA,1.4760778316082501,-0.5089269976199777,5.4333580622044275,1.3880904844889797e-7,1.8224516154233867e-6,7.0999338072462495
KCNG1,1.9644606718920017,2.265637394050716,5.42844566989726,1.4224277530717233e-7,1.861521033704424e-6,6.875798926725156
PIP5KL1,1.0932113441824043,0.5855494828822979,5.424943075889612,1.4474141233027958e-7,1.8917842213508697e-6,6.9886017898682
AC025034.1,-1.5395539765651893,-0.1919821488207053,-5.420842859059223,1.4772067851556304e-7,1.9294826928986526e-6,7.063678572277428
ECEL1P1,-2.589688268284312,-0.15339939723731105,-5.414728190482153,1.5227483975951137e-7,1.9864145335509046e-6,7.056504026561007
GPR37L1,1.0095102702745062,0.11343034694642133,5.410832544069143,1.5524724533264067e-7,2.0212972544142144e-6,6.963131141028004
NLGN1,1.7958598412885678,-1.621036072997397,5.4091850667657155,1.5652120334273952e-7,2.036579344902585e-6,7.019858320835587
GRIN2B,1.9388350261253813,-2.0941851845224093,5.408622902929407,1.5695823597995293e-7,2.040943380468388e-6,7.027415087174464
ACBD3-AS1,-1.8626719473037503,-1.1964595208848507,-5.408495504661339,1.570574417955402e-7,2.040943380468388e-6,7.043560137143019
LINC00472,1.484589702275389,1.7827073683369075,5.407909567359733,1.5751450107715047e-7,2.0455749008894608e-6,6.849669423445079
KRT18P34,1.0273795613478625,-1.6846113495995838,5.405418385299276,1.5947223618179518e-7,2.068355920969244e-6,7.0105421694092325
AP003119.3,-1.2276725773008492,2.221157887138338,-5.404611684920679,1.6011125505588133e-7,2.0753196095380943e-6,6.840728269486522
SBK2,1.7720552617725622,-3.002509051740416,5.402163390500197,1.6206593991001766e-7,2.09797972148484e-6,7.015876327991984
CCDC194,1.6069421764197322,-2.402425190769959,5.398802859363272,1.6478679714575506e-7,2.1304878277292147e-6,6.99210955638167
OSGIN1,-1.10919610454633,2.895191284204454,-5.39748021920131,1.658698200849504e-7,2.1431266518795498e-6,6.726470467497615
FAM20C,1.0406705042376023,5.6262556942071384,5.396523827778438,1.6665725780147934e-7,2.151932723988098e-6,6.391599452946252
COLCA1,-2.187493507587329,2.282632150809144,-5.395244414967777,1.6771634286613101e-7,2.1628597413776946e-6,6.848001479884681
ZBED9,2.2078310538501067,0.20538603318575874,5.394111347301804,1.686597509604978e-7,2.1736466572740376e-6,6.884711248935505
AC127521.1,-1.3768502349330263,-1.3872060758529725,-5.3855033772884076,1.7599745094981542e-7,2.2639064513316763e-6,6.926822925809457
AC137630.3,-1.391736123462526,-1.534487914322502,-5.383604301803994,1.7765761709840585e-7,2.279490789083334e-6,6.9163294652258935
TNNI3,1.8978764394574807,0.7514503029729718,5.383041659417791,1.781523963460978e-7,2.284397036806367e-6,6.760391132974579
ANKRD34B,2.194269709705299,-1.685718115731262,5.37929892066225,1.8147799299244431e-7,2.321182334536462e-6,6.892206933501262
FAM149A,-1.6178546932179354,4.16797714038795,-5.378995570521215,1.8175016413267618e-7,2.323201469077051e-6,6.546897123921063
ELOVL4,1.4073163886679276,-0.18251644049951618,5.377829299818958,1.8280026614267646e-7,2.3336888248013545e-6,6.816077395559005
COL21A1,-2.1971462975078806,2.2308773109539897,-5.377142072143046,1.834218024967437e-7,2.3401536182949273e-6,6.72930435425408
ECEL1P2,-2.5493071147185273,0.4791034794431517,-5.375936291135324,1.8451729604299941e-7,2.3511783854407022e-6,6.85638056275998
TNS1-AS1,1.3710431448149327,-0.3549903274055919,5.3739985211843075,1.8629117422996993e-7,2.36932529727779e-6,6.815028143398267
UGT3A1,2.1819706571839106,-2.9144826309806295,5.373192676399387,1.8703373699138293e-7,2.3757960441330416e-6,6.880850646250968
ROBO3,1.168236328136652,1.2957112273262772,5.372811212045526,1.873862487831227e-7,2.3787870832405906e-6,6.689152413298979
SLC27A2,-1.2587222878091433,2.3335773762195817,-5.36928375183582,1.906767515086219e-7,2.4145260421565306e-6,6.671373038659718
PPP2R2B,1.7049299869142374,-0.2584696609049198,5.366528097834049,1.9328633529966472e-7,2.4445248778036005e-6,6.7656755521637955
AC021683.3,1.3988690134687407,-2.828993972076823,5.3620463904552045,1.9760484916053247e-7,2.4960353973515613e-6,6.826073423585253
ADGRL1,1.0190622289275462,6.202760033457826,5.360294534056716,1.9931830467281318e-7,2.514553211775453e-6,6.198307116981753
TRAM1L1,1.4199180021881632,0.6384913551313149,5.3587260523195255,2.0086466065467807e-7,2.5261426122257405e-6,6.694490538473969
FABP3,1.3908929094099047,2.8907007448605713,5.358481306718981,2.011070038664263e-7,2.5261426122257405e-6,6.465965715719566
MIR17HG,1.2562090942277218,-0.5787035806924213,5.348667721037651,2.1106208937972166e-7,2.6349053467773116e-6,6.69796325424625
XKR6,1.6356226780160923,-0.8620661666208244,5.346150652586626,2.1369170261135358e-7,2.666095864869951e-6,6.695710359972743
ZDBF2,1.5218007122074377,0.10485327456097863,5.345660843737587,2.1420710265840274e-7,2.670886597809434e-6,6.65127328906713
ZNF660,1.165348698267968,1.7274665689037825,5.340058108183583,2.2018924894142785e-7,2.7404325140756765e-6,6.543549671027439
ZNF572,1.5149832411677355,0.7353334432821091,5.337331899197734,2.2315852634413527e-7,2.773990146433153e-6,6.5743345066899135
AC007389.2,2.0117853775236516,-2.676317767830923,5.337003046604646,2.2351932041408667e-7,2.776776691990157e-6,6.705943859875793
SNAP25,1.524560298124781,-0.4038191436646099,5.336804690165908,2.2373721742253403e-7,2.7777857097712778e-6,6.625434240112641
KCNQ3,1.1875888966447543,1.140408118840604,5.33333475373766,2.2758256685817788e-7,2.8158737475214553e-6,6.541820979995655
COL8A2,1.2377907246690936,2.6934704054238776,5.332631041431262,2.2837021495310594e-7,2.8232337279239202e-6,6.3709823427265615
SRD5A3,-1.0337613149640754,5.564985925031551,-5.329521109858686,2.3188294326081647e-7,2.856235720504748e-6,6.118319894719667
ADHFE1,1.4452885356000136,-0.5869950531055153,5.329275497319026,2.321625950812322e-7,2.857948263132019e-6,6.627320505861388
GRM2,-1.281355524080208,0.22112624471565032,-5.328669204259763,2.3285431852731458e-7,2.864728310986163e-6,6.594482132950839
LINC01285,1.2743348518927593,-0.7712788494385674,5.328293105958316,2.3328441806131414e-7,2.8682834317472163e-6,6.614526827174228
COMP,2.406917035260287,2.065953160163642,5.326867523000652,2.3492171428709347e-7,2.886668029728469e-6,6.3718180897006835
IFI6,1.5850483174789707,7.831711061204311,5.326639671594876,2.3518443741654022e-7,2.888150154715265e-6,6.026849206719854
DGKG,1.081081749334313,-0.44552185693858626,5.325698591322338,2.3627257609437388e-7,2.895910419627445e-6,6.586935392813061
HGD,-2.0189010581478213,5.267108830124755,-5.325600470629864,2.363863110687823e-7,2.895910419627445e-6,6.180461700934046
CHL1,2.4274219621551105,1.4772034131962504,5.323585415294774,2.387338358338403e-7,2.9211477901787902e-6,6.494758585167601
NTF4,1.8269915768718998,-2.405671647043054,5.318445809638559,2.448245458211021e-7,2.9884769184793272e-6,6.617821464611019
PLA2G2C,-1.376205478814885,1.1695360525763263,-5.317145811345585,2.463888944912853e-7,3.00396394219609e-6,6.519166157512914
NPFFR1,1.4412496923427849,0.7412518307078303,5.314076435290959,2.5012107605488647e-7,3.045812312606059e-6,6.474760915460218
CSF3,-2.7340308714241397,0.16604292713073396,-5.311825470499684,2.528929914494952e-7,3.077722849233258e-6,6.5503464415119055
LINC01518,2.198408314473508,-2.6238045762634292,5.3116854387082055,2.5306641460889423e-7,3.077990311496808e-6,6.5936499741516075
LBHD2,1.6052496688184754,-2.844031965569728,5.311234735723838,2.5362537551625184e-7,3.0829438588470713e-6,6.590893978289651
VN1R1,1.1391787276564251,-1.2688384790510139,5.309815988372558,2.5539274984838897e-7,3.102571576759508e-6,6.552799343712254
LINC00173,1.350605963371545,-0.8270821573469952,5.305694676649597,2.6059496161577493e-7,3.16198925365911e-6,6.510694655676026
IGLON5,2.055740695907706,-0.8221248074126093,5.303273352775968,2.6369921289975123e-7,3.1953000645725968e-6,6.49495726959718
PCED1B,-1.1473356152298533,3.177217287382111,-5.301666579712091,2.657789812245149e-7,3.2152928657184773e-6,6.246722216166917
IGFBP6,1.0755512459463117,3.375953562944578,5.299332594399742,2.6882846307455276e-7,3.246387215405354e-6,6.125365763158236
MAP7D2,1.4795059068257654,0.4149051540800945,5.294992888502108,2.7458918953412807e-7,3.306131924224893e-6,6.393528240810167
TRPV3,1.4000193240740584,-0.5311120503806503,5.289472136323336,2.8209131558509406e-7,3.3944487258445538e-6,6.4138625908143805
RUNDC3A,1.2955850841751826,-0.03537416899730095,5.28015463800136,2.9520695425911116e-7,3.541786386282276e-6,6.351342379344754
HS3ST1,-1.314326880569951,4.369746093863877,-5.278239185245343,2.979757210546662e-7,3.570789242166884e-6,6.02997478133858
RASAL1,1.2189355723945914,3.823586722331218,5.2760466532683115,3.0117598352849555e-7,3.6027667388070296e-6,5.933852240501246
EYA2,-1.9123968358925882,7.391723777427134,-5.275728114678169,3.016436986278721e-7,3.606239135831101e-6,5.801633856733119
CTSV,-1.5890755046046863,5.710962784148949,-5.272938877237758,3.05769441310978e-7,3.6491239725216186e-6,5.847135743365637
LINC00092,-1.4609598490442854,-0.24649255937671152,-5.271971464548276,3.072131713625399e-7,3.66420216829358e-6,6.366327582655955
SIX3,2.458909529377388,-1.3227878428201023,5.2683521849211425,3.1267342530015305e-7,3.724955859202996e-6,6.3484486043165855
FAM78B,-1.0821768985140503,0.11088051881726256,-5.268124802941159,3.13019597271812e-7,3.726895310458294e-6,6.323118670086124
MGAT3,1.3402809378494727,3.8885290791053424,5.2677330866533145,3.136168294448934e-7,3.7296363028894172e-6,5.96223193640907
BRINP1,1.7857806237268767,-2.2291393483736326,5.267210834824164,3.1441480567845707e-7,3.7347554123956527e-6,6.374557005454441
AL136164.3,1.5019781085915695,-2.3611454439497317,5.26648871243807,3.155214253716902e-7,3.7457111269008364e-6,6.3825427368355605
TULP1,1.2105394851358193,-2.100099383490908,5.254120798388795,3.35072693711534e-7,3.959312457554196e-6,6.310317537948113
FLJ38576,-1.324643626529397,-1.2483723042052137,-5.253285110475437,3.3643538536002596e-7,3.970797196316589e-6,6.307641662054289
PLTP,1.0394688015384528,8.07706332986828,5.248384125159073,3.445360793999651e-7,4.0452635919843385e-6,5.656049677407061
ITGA4,-1.0249983382237164,2.630896157360871,-5.245164982575295,3.499596725919354e-7,4.104368426558305e-6,6.047849659556509
MFAP3L,-1.4718108349349497,4.196423103524568,-5.244976501700741,3.502797812191011e-7,4.105586086215116e-6,5.89481597650755
AC106820.4,1.2728996496644818,0.13927182022575868,5.241458218804779,3.5630756928310733e-7,4.169024201560088e-6,6.154668554672781
NWD1,-1.763876665024919,2.7161326921213598,-5.240795489210642,3.574542306883828e-7,4.180034398452642e-6,6.058450898063528
LRRC14B,1.3563901994416772,-2.1716106894602043,5.239117914887843,3.603728305053016e-7,4.2117408897008345e-6,6.2360999405500595
HSD17B2,-1.802383197772415,0.6393252987920361,-5.236582194440675,3.6482839471762475e-7,4.254028854986234e-6,6.151591483561182
KCNK12,1.1580243679564162,-0.6216684446400994,5.234321856613566,3.688451502932404e-7,4.293475850263354e-6,6.158545672319228
TSPEAR,1.7220163795760348,-2.4326335426385124,5.233031466080228,3.7115747774623794e-7,4.317919048491436e-6,6.220725010705702
CCDC8,1.5366609867807473,4.475150314702059,5.231404110615497,3.7409371428092685e-7,4.347101571781336e-6,5.699128982607906
TCF15,1.493939371786107,-0.5016225919588259,5.231283259859989,3.7431266289040515e-7,4.347160320334054e-6,6.133786388399706
PTPRG-AS1,1.4012486369880202,-1.807594855248543,5.2274285206251605,3.813620681838837e-7,4.4164117799255e-6,6.190560586861484
ABCA4,1.1619877908800302,1.6163192637497623,5.227229373524095,3.817297425227605e-7,4.4181522135720866e-6,6.009651220358441
KCNT2,1.725393695625997,-2.317836458022448,5.224612074650686,3.8659402890849384e-7,4.471904976400813e-6,6.187838888281201
PTMAP4,-1.0798700273297208,0.4124083908500067,-5.221861058323132,3.917717100668905e-7,4.526644818305561e-6,6.077372933242211
COL22A1,1.7849629148500847,0.19766609672288166,5.2212481680658005,3.9293436904966237e-7,4.535863035915972e-6,6.05693309836669
TMC5,-1.572677955837272,4.751428549892589,-5.219916469705159,3.954721760751658e-7,4.561621172844308e-6,5.763852307641335
ADRA2B,1.2921518452923904,-0.7229939473594413,5.215702029978909,4.036089371860603e-7,4.642302229411144e-6,6.077586572819762
ANKRD22,-1.463167816641716,2.7374856772889276,-5.21490202942812,4.051717402519514e-7,4.655866503623564e-6,5.9348071136527665
FAM50B,1.2154926082621484,2.8292226892305403,5.214863885773686,4.052464005564892e-7,4.655866503623564e-6,5.840992286375215
KCNRG,-1.6023473609725594,0.10685060240944055,-5.211288262500325,4.1230477191817165e-7,4.731251654698473e-6,6.076406447904386
KCP,1.6722545055795246,2.976801156176461,5.211075540627338,4.12728431537891e-7,4.731251654698473e-6,5.778714130355438
AC007405.2,-1.9152176066022109,-0.6274424143913244,-5.210790251554612,4.1329728059089993e-7,4.734979667829453e-6,6.11468970264559
LGALS7B,1.7059501010843947,-0.8104037201198653,5.210556151528894,4.137646303891455e-7,4.737663294664221e-6,6.05537833656138
SHH,-2.195698975618663,2.066043110279854,-5.209085052341941,4.1671325174641567e-7,4.7687388110890495e-6,5.974080691655367
ZNF354C,1.0927229551299695,1.2470522725058357,5.208308211816695,4.182785462223117e-7,4.78395789162761e-6,5.95255129222739
HTR6,1.990211150208835,-1.4157362486892882,5.207420917999208,4.2007338334389005e-7,4.796388451169225e-6,6.078758418863472
ZSWIM5,-1.2477988540362455,2.7960462192716045,-5.206119629209799,4.227191911144819e-7,4.815776255723503e-6,5.870778382790585
TMC1,-1.5684974909828586,-0.19349630742715831,-5.20461856002705,4.257912964333608e-7,4.842631398271754e-6,6.055670221982157
PKDCC,-1.7952364957734748,5.465226125457428,-5.199982534878649,4.3541692562437766e-7,4.941046117470604e-6,5.534600972613163
AC156455.1,1.3056817938593135,-0.8445434587142123,5.198397555568044,4.387559729756437e-7,4.976158702431353e-6,6.009194118014736
AL359918.1,1.057181058011951,-1.049363147068284,5.19731577549579,4.410491995866218e-7,4.9993775417727275e-6,6.01694216975729
LRRN4,1.7646806741457568,-0.027039261957064607,5.196117463250117,4.436030433190472e-7,5.019926643884363e-6,5.974235323517171
SMAD9,-1.324919156661439,3.5099398877413974,-5.192998300143271,4.5031811066253233e-7,5.084591822836281e-6,5.740233383591521
LINC00664,1.5565652196032898,-0.60367448079678,5.188847845588661,4.594065750438518e-7,5.175709108199137e-6,5.957729551009854
AL356311.1,-1.465362716296736,-2.016600871318688,-5.182647838730888,4.7331555324096115e-7,5.320611340746291e-6,6.006676781354607
LRRC37A6P,1.2958974205581084,-1.6865294286831432,5.171748101411642,4.987650047674695e-7,5.578921275120556e-6,5.936007784865673
RGN,1.5964218036101114,-0.34824293846294097,5.170931184680941,5.007250031075038e-7,5.597764006136913e-6,5.87891859739963
ERBB4,1.6401245115793825,3.7697677623617882,5.1678954307761735,5.080742926204355e-7,5.664345542083232e-6,5.492726101469948
CLIP4,1.0423058565420495,3.0509564717719546,5.166927768122206,5.104388428709112e-7,5.687587194357675e-6,5.591030202231268
IFNE,1.7492110194389598,-2.8952250534349333,5.1617977397496935,5.23153907040564e-7,5.826071236543793e-6,5.9155490837630555
GPR20,1.328869967687063,-2.05912075820865,5.159530140108048,5.288717478247488e-7,5.883300165730813e-6,5.879848062963718
MEOX1,1.7115389199701374,0.3499902416606882,5.158488260086828,5.315191780994251e-7,5.906285279219637e-6,5.748109680360612
LINC02610,1.3005422036390857,-1.7520282222069137,5.156212438035265,5.373468728766022e-7,5.9645209417498985e-6,5.854580661894154
ABCA17P,1.460137700437067,-2.040000041217597,5.151707429289838,5.490662432844858e-7,6.078007804201464e-6,5.835362656002709
P3H2,1.080246313567343,3.316973808253093,5.151395049803686,5.498880012434215e-7,6.083790820506966e-6,5.461853018841961
ATAD3C,1.432909791807883,2.107473701880254,5.149195176922329,5.557089631123758e-7,6.14484709809354e-6,5.611734928346539
ERICH3,-2.778569607832158,2.1327006492165674,-5.14552931591337,5.65542073632288e-7,6.239998428068742e-6,5.730904891645441
UBB,-1.12104106994697,7.3072538870660715,-5.139002032530724,5.834699933882766e-7,6.409969808445046e-6,5.154595773230659
AC009275.1,1.3257948174518819,-1.9460830765610413,5.13389652541187,5.978759607094673e-7,6.554062041779511e-6,5.762371127993883
KIF25-AS1,2.033022387404107,-3.0884925325178827,5.131247403960369,6.05486230385567e-7,6.6339095128605185e-6,5.781759823958444
CCNO,-1.3137238429353038,4.755984694575082,-5.13088599893854,6.065317142848484e-7,6.641783707502833e-6,5.301347429510703
CARD11,1.2145674992090343,2.3809964081363866,5.127085815747796,6.176315627042895e-7,6.752417364390522e-6,5.442822951511486
FGL1,-2.3845877736064995,-1.3411362046997188,-5.123668071748017,6.277824632068792e-7,6.8560186900680344e-6,5.7440168227765005
CCDC181,1.4411415912229208,-1.002805770150795,5.116116071220321,6.50789468819582e-7,7.080645162895709e-6,5.651861569698445
AC087273.2,-1.5935542514643282,-2.444161752370738,-5.1107796863681685,6.675375619418406e-7,7.224091685235286e-6,5.697916221845623
LINC00668,2.066613182732201,-1.4345880172780219,5.109860446998145,6.704644632257343e-7,7.248148803510545e-6,5.6121067006890595
SLC7A4,1.811870155837913,1.2167944305716278,5.105394351780493,6.848627600908871e-7,7.388084254823348e-6,5.481690123899842
METTL7B,1.578602132877851,2.2037643680094474,5.097315562206573,7.116734828333236e-7,7.636775007974903e-6,5.337758910869489
TFF1,-2.6921498731239777,-0.7112433119712878,-5.093287030323614,7.254203329797054e-7,7.759706761831334e-6,5.577642333395449
CCNI2,1.3018186678585422,-1.6473673541549227,5.091650980773478,7.310763515398019e-7,7.804925755029776e-6,5.561339576373385
HAS3,-1.5885260694513983,2.7293840953367736,-5.084976415243995,7.54597395749155e-7,8.021149305023968e-6,5.324997101530521
FGF14-AS2,1.7256616251124215,-1.298483637964304,5.078399299163533,7.784919035305995e-7,8.25355735386328e-6,5.503459371461577
ECRG4,2.196440565819839,0.09054554924875824,5.075418518845507,7.895610259468669e-7,8.353481671704385e-6,5.4394187367579185
RASSF10,1.6574417367797958,1.5993471889015598,5.0731706038791895,7.980094148950446e-7,8.43408390448616e-6,5.299011344856206
GLI1,-1.4779900989025583,1.1750713726881616,-5.072410354889971,8.008864551072471e-7,8.456728378294355e-6,5.3810978117418
CYGB,-1.0336306003829518,3.425118703745227,-5.07224628326563,8.015086756137979e-7,8.457872441939163e-6,5.17078982081935
LINC02086,2.1311544762053827,-0.7996514248742862,5.066439572145103,8.238341618450352e-7,8.675443267014764e-6,5.39149824929775
ATP2B2,2.0789497458497657,1.578005750236819,5.063533922190891,8.352308334010398e-7,8.777265490197898e-6,5.214896652946411
SLITRK6,-2.546995985617788,0.8855270747756645,-5.06264795102236,8.387361260632521e-7,8.80499639778385e-6,5.385568101636235
FZD7,1.4152084404050767,3.2910886341478705,5.061092980932355,8.44922775902783e-7,8.85621995742556e-6,5.061356977537712
TNNT3,2.0935598464276284,-2.0240489999160056,5.059632339123809,8.507743989996985e-7,8.91295818828344e-6,5.432913767798189
SYNGR3,1.15740992723066,1.1192650841815077,5.05425798127627,8.726451750822366e-7,9.118581253661376e-6,5.210058131576954
AL512625.3,1.04709220827357,-0.4156514162325713,5.053962938337981,8.738614896245943e-7,9.121911101761815e-6,5.344188888832271
TMEM114,-1.763540170296981,-1.391335423449294,-5.051065378512533,8.858943104065035e-7,9.242770002413644e-6,5.417304598884677
AC107464.2,1.5586809825601806,-1.6964868304440985,5.046964802913385,9.031977169597319e-7,9.399175831791905e-6,5.364880852027582
AC074135.1,1.7165735355699168,-1.8299765380532587,5.043577704311354,9.177370054600501e-7,9.54070941123788e-6,5.349337288606219
PHLDA1,-1.3366077979191004,5.880109702387557,-5.042647189640745,9.217708326952086e-7,9.57774560516228e-6,4.783638895659147
TMEM176B,1.1444400963966492,5.381000336522682,5.0423940464937536,9.228711900728173e-7,9.584279032723525e-6,4.749707693611528
KISS1R,-1.8850597177107686,-0.38198317350204225,-5.041943383393847,9.248332737822769e-7,9.599750488432581e-6,5.297267129388235
TCN1,-2.659626299300033,-0.3583812116015153,-5.040805868857443,9.298037452326499e-7,9.646417211898098e-6,5.341213658503676
ELF5,-2.4176874103612684,0.9041243850850261,-5.036348593631199,9.495308138165714e-7,9.811013858672087e-6,5.263408177796764
ANGPTL4,-1.4870540157940408,4.0977311000653005,-5.031491671729237,9.714882980577495e-7,1.0027693331501118e-5,4.886997176549343
LINC01571,-1.8694268263583411,-1.8925534625413871,-5.029585625336718,9.80239003090624e-7,1.0107751140950705e-5,5.3342284995501625
MAGEL2,1.5754462260990905,-0.6890303214172446,5.02843660117935,9.855510419626334e-7,1.0152224722173624e-5,5.230146621635759
CLDN1,1.4353560599177895,5.141198323183486,5.024329797407133,1.0047660773981402e-6,1.0318780069246994e-5,4.684504377864494
LRRN1,2.0207481768785245,1.5429850390013904,5.015333718425341,1.0481338008543238e-6,1.0699282455330625e-5,5.052553548600456
IRAK2,1.0761037901923929,1.641125993243474,5.005802890370475,1.096056273739165e-6,1.1132557574949922e-5,4.991554045976175
AC025580.1,-2.2143051362109176,2.9241829405666313,-5.003463923091698,1.108137382456025e-6,1.1238415250018092e-5,4.984238084463549
KIF5A,1.3209563646015627,0.2670706992676253,5.001717540105787,1.1172416969086412e-6,1.1313811782746e-5,5.059116967498769
TRNP1,1.5132378968710078,3.8650277510349724,5.000647410917449,1.1228562875097624e-6,1.136500557138865e-5,4.750575382589091
NOS1,1.8884577914271334,-0.6164180877884856,5.0003202105520765,1.1245784403755758e-6,1.1376770643202192e-5,5.112257218524801
CFD,-1.2095504402410406,2.5809095721211883,-4.9922389700649195,1.1679333806926608e-6,1.1786036757297733e-5,4.849341733987484
SOX30,1.2609035791784617,-2.0846788086383037,4.989970809641223,1.1803898639273543e-6,1.1899922417886679e-5,5.142549760330251
ENTPD2,-1.2460024351019472,4.538284558654482,-4.9885263053155695,1.188389868160956e-6,1.1968699544352463e-5,4.635301844316629
SIDT1,-1.4434027364875015,2.808568747742365,-4.987223723932481,1.19564886640585e-6,1.2035843269357352e-5,4.895282276301107
HFM1,1.4225566393071802,-2.5614586776460593,4.985978672231493,1.2026273833686817e-6,1.2100098484943112e-5,5.119645641289411
AL390198.1,1.42225605354141,-1.3871527133473462,4.984183429883141,1.2127591915328806e-6,1.2171910028994699e-5,5.082184533115829
COL17A1,-1.8753647093107038,2.4281958484758817,-4.979961729239517,1.2369119565688958e-6,1.2395955919776252e-5,4.893724799684106
COBL,-1.1531599978582063,4.913574322930972,-4.9681706597959785,1.30686244582982e-6,1.3058344321064534e-5,4.518210116721715
BMPR1B-DT,-2.487557424230853,2.6521376193710156,-4.965943711566465,1.320496987887493e-6,1.317515011380727e-5,4.846079203091312
SNHG26,1.0021752047844537,0.702830369983589,4.963601100527837,1.3349882610676644e-6,1.3306670631652383e-5,4.884919801547637
GLP1R,1.8000179080287597,-2.1964080562140555,4.960936399497512,1.3516591211691912e-6,1.3446461076183377e-5,5.004685428226011
ZG16B,-1.6968888857806141,1.648712369422271,-4.958191675452979,1.3690412273558719e-6,1.3599410510645523e-5,4.847187949443587
CAPN8,-1.6813115083389176,0.7957808865545327,-4.955970311315102,1.3832671568709977e-6,1.3727305515745194e-5,4.879875224868892
HNF4G,-1.678224090028677,1.422042800300874,-4.955266948459631,1.387801339050388e-6,1.3765580485534448e-5,4.8564965318767825
RASL10B,1.0936200651725132,1.6398087166619975,4.951107078020964,1.4149132246219737e-6,1.4000339034672344e-5,4.73654946858019
SLC7A8,1.2483135585331198,5.112642438120851,4.9427374935360335,1.4710235598247594e-6,1.4457003302649133e-5,4.34424964469995
ERVE-1,-1.5577244263011827,-1.0589083150151812,-4.941603277787031,1.478791155657247e-6,1.4526317761033296e-5,4.91218241774937
GAMT,-1.4372336743133087,3.290911395013071,-4.938629725178643,1.4993442113445482e-6,1.4713989257057749e-5,4.541701457328136
DLX3,1.8748111431065257,1.1757018390016567,4.934991773240242,1.5248657010765614e-6,1.4935600245147005e-5,4.722547764095211
PRKAG2-AS1,-1.4075281912666133,1.3579849998575222,-4.932165347646427,1.5449836954513399e-6,1.51035346928105e-5,4.743003792339415
ABCC6,1.2662427792613817,1.6764755473129043,4.931448310416957,1.5501281353237905e-6,1.513199050063435e-5,4.67894891961675
PDZD3,1.2846531494322126,-1.8400348074260184,4.930677760516657,1.5556749803205781e-6,1.5171563483702221e-5,4.861476129502726
AC007182.2,1.0410563328617028,-2.1148364014050465,4.928109557835812,1.5743013324715116e-6,1.5338494861529722e-5,4.8597726775159895
HCN4,1.4527271315817494,-0.1469857104900413,4.9264184862776075,1.5866837490873124e-6,1.5436936580397577e-5,4.784195288504226
ZKSCAN7,1.0288629719783273,1.3819531219482744,4.925567092414962,1.5929534595174182e-6,1.5483111483133435e-5,4.688418195654563
AC022509.1,1.6793437180070714,-0.5764944632065321,4.924728938271179,1.599149080080318e-6,1.5535901483533644e-5,4.78348876414897
GRASLND,1.2943060912898625,-1.1978647464540084e-4,4.921352805986876,1.6243423000167274e-6,1.5750540508368305e-5,4.716031842233617
LINC02128,-1.5280367262892511,0.9778130500001196,-4.920074835739659,1.6339785333447283e-6,1.583642332460575e-5,4.720920035503599
HMGA1P4,-1.0558458847222485,-1.6029210819281319,-4.918774577783712,1.64383956798128e-6,1.5916815330944037e-5,4.81858246149042
LHFPL3-AS2,1.7578314658371939,-0.7157684260284888,4.914626102445963,1.675687558043281e-6,1.619432902029084e-5,4.733787257109471
AC008897.3,-1.3985477677152922,-1.6423969040248407,-4.913176953236498,1.6869527526638386e-6,1.6295450449210957e-5,4.805076951564604
LINC00865,1.5380094014147496,1.0722519002089461,4.910716674792602,1.706246084406033e-6,1.6442743205058425e-5,4.661467280688139
BX284668.5,1.309112344333415,-1.3902908817843584,4.90808767158401,1.727098394053276e-6,1.662792409319696e-5,4.751545691662185
AC005725.1,-2.4791545949383957,-1.874688877218156,-4.907216931894596,1.7340589668099459e-6,1.6687033352957072e-5,4.803258701992362
PTGER1,1.4202794789339879,-0.6492286810350452,4.905630329420091,1.746811870984249e-6,1.6785912277013653e-5,4.690629273079583
ARHGEF38,-1.145192620596178,2.1717494434641482,-4.900659421748958,1.7873574068584214e-6,1.7151204880543228e-5,4.573295681113548
MROH6,1.0850089522876845,3.9852679125947117,4.899110890091597,1.8001729795320486e-6,1.7249748060353303e-5,4.195252514881366
ASTL,1.2837316871169029,-2.1758214423967606,4.897763636715224,1.8113950338974753e-6,1.7349101163493065e-5,4.724551582046749
LINC02572,1.1782960027799756,-2.2508254672473673,4.893843464374998,1.8444345863451915e-6,1.7614821839362556e-5,4.720583998659053
FBXL16,1.2337449498829356,2.0267102044843663,4.88909070929767,1.8852732301986005e-6,1.7971994901761894e-5,4.369876483074563
TSSC2,1.4098610411259225,-2.1928067166177603,4.885658724069918,1.915305203737582e-6,1.8224093146424442e-5,4.673650319280453
TSPEAR-AS1,1.8615000029891218,-2.318270645403503,4.8837091364984095,1.9325707611244165e-6,1.8371173128668212e-5,4.653693459814059
SYNDIG1,1.7438099905206603,0.11776273761231892,4.877785610193788,1.985957743242525e-6,1.8834626772590327e-5,4.52056128384856
OASL,1.163820786585939,2.724033715909269,4.876719755469974,1.995714147776204e-6,1.8900696337093928e-5,4.258360530706359
ZNF883,1.432485064896246,-2.057137311161181,4.87493107622612,2.012191216654543e-6,1.9021290366179966e-5,4.6342315212931435
GPR17,1.2584390999774828,-1.919824272319093,4.868318588448146,2.0742539200217784e-6,1.9544337816653975e-5,4.590722432567382
DAB1,1.7004987013032802,-1.5213423678246036,4.868071366859351,2.076609784883277e-6,1.955746861351609e-5,4.574851676075562
GCNT3,-1.733491837148419,3.391745237588764,-4.867684014783519,2.0803062062728844e-6,1.958320673288101e-5,4.304273022944361
TGM1,1.2245145043020589,1.2753666229111316,4.86751372324061,2.081933275502915e-6,1.958944994968576e-5,4.403230785319357
SKIDA1,1.4138614554807623,-1.654464073385855,4.8546668815852545,2.2082914595070646e-6,2.065407990014799e-5,4.518847142261886
PGAP4,1.8419978622141986,1.3680956726491875,4.850586090187961,2.2499576856160396e-6,2.101477022171893e-5,4.3432990046726845
CXCL14,-2.350106762562158,5.964737878875544,-4.850017441354901,2.2558237500652817e-6,2.1059881440664577e-5,3.9945646423602703
SGSM1,1.384182845664419,0.91244204359166,4.846951764127141,2.287704156661886e-6,2.1347703985305862e-5,4.323084811856
DSCR8,2.174047429982574,-3.0623072218868113,4.846055873739987,2.2971025627135805e-6,2.142556791399303e-5,4.5224481093495905
KCNJ16,2.213095212811949,-0.9435239744560857,4.841773174083567,2.3425484617328236e-6,2.1798935930889458e-5,4.425996070105272
BHLHA15,-1.2067478133907619,1.7212396380641735,-4.839951194472518,2.3621447396347334e-6,2.1951636803080164e-5,4.309596284433748
CBR3,-1.0255444750077698,0.27590240243556485,-4.836241298622185,2.402537280131543e-6,2.2309501840420117e-5,4.361252052144122
CPEB1,1.2347024848986692,-2.1722727331146814,4.836212919278499,2.4028488254615056e-6,2.2309501840420117e-5,4.466570346848255
SYCP2L,1.3615881603299589,-2.39013843589641,4.833244434593426,2.4356530034451634e-6,2.2572827926137485e-5,4.459166806192659
AC107223.1,1.3015429758619204,-1.938203614452283,4.8177386740515225,2.6141606978250935e-6,2.411228144163451e-5,4.387343047601976
CYP4X1,-1.3786999464986223,4.057644869603984,-4.817020131735582,2.622732043686817e-6,2.4162958415336667e-5,3.9946256683038275
SYT14,2.2425746170313534,-0.9747668514938476,4.816924431812524,2.6238756751942542e-6,2.4162958415336667e-5,4.327637478768013
EPHB1,1.269571013689493,0.12940304250120255,4.806704896771452,2.7488130872435444e-6,2.522206644927214e-5,4.198233145259408
KCND3,-1.5390420811026102,1.3466806705323735,-4.804450777029952,2.777133955377639e-6,2.546465001171316e-5,4.190158440137368
GABRA3,2.0449846369968414,-2.208632150688999,4.799985840219101,2.834065838497352e-6,2.592239158488757e-5,4.3105029463428295
AC090825.1,1.0699160709265227,-2.101828379274578,4.798885234665495,2.8482717413402538e-6,2.601720218921318e-5,4.304193759231079
CACNA1F,1.1420752603948985,-0.49814163079338286,4.790982018185621,2.9523201696452344e-6,2.6834953098331727e-5,4.196571107429124
AC002091.1,1.0096065784184403,-1.8571340028144678,4.787623698033843,2.9976361439966933e-6,2.7198195085084286e-5,4.253143917560787
ADAMTS19,-2.49919261864008,1.5471956408190755,-4.787154540890242,3.0040200008334996e-6,2.7207578193941986e-5,4.145067808091633
GFAP,1.3161867737831265,-1.6822805907800167,4.787104876662324,3.0046965535442478e-6,2.7207578193941986e-5,4.226407299202089
LDHD,-1.2675435389805578,3.063002346655937,-4.786863131241639,3.0079918405337005e-6,2.7219245844615727e-5,3.939063564342794
FAM198B-AS1,-1.4232739616258694,0.06280627889133861,-4.785048824164552,3.03283467691887e-6,2.740743973930596e-5,4.186316547136473
CHRNB4,1.2657742880199465,-1.7769746170621767,4.784549730990867,3.039703297440314e-6,2.745730214096753e-5,4.237675170543583
AC004540.2,1.7463271736496644,-0.8452767269238346,4.784139716457827,3.045357234387768e-6,2.7496153012748558e-5,4.176954071666351
PCDHB6,1.240704371575411,-0.22083464637420192,4.7799759407683124,3.1033521323316513e-6,2.7994908449848418e-5,4.1349005500213085
SMTNL1,1.06473909688885,-1.7590787097980485,4.778235569716847,3.1279074691124996e-6,2.8191393083034345e-5,4.192850407939539
BCAR3-AS1,-1.3248792078905096,0.45364540231700873,-4.778018864479102,3.130978118247473e-6,2.8206559962438672e-5,4.12377782875244
HOXB9,1.7500529785271626,4.816965815656381,4.776155417940898,3.1575029770106645e-6,2.838261411090878e-5,3.633271328735036
TDRD5,1.6863134799599377,-0.39666126203089086,4.775834170529234,3.162097577112065e-6,2.8411348875873394e-5,4.110626986186029
ZNF608,1.0010005904110346,4.34433936627715,4.774775808733287,3.177280363555778e-6,2.8535150733056845e-5,3.6679947364196854
KCTD14,-1.1023108801613664,2.213927804011783,-4.773009001206594,3.2027831210327854e-6,2.8738792120031055e-5,3.9841273160811292
PTPN5,1.6666364599682624,-2.0689672947860016,4.7712719532487435,3.2280488868528054e-6,2.8939949526421003e-5,4.188720864897673
POU3F3,2.6726826451059096,-2.326321540536357,4.771050413242794,3.2312850378483722e-6,2.895618920160067e-5,4.1629966859962195
STK31,1.2439369899158796,-0.06373099417333591,4.7699396787266615,3.2475573859711757e-6,2.908918303767218e-5,4.082452378965758
TUNAR,2.509262212680528,-0.9120429336174726,4.7677904603613666,3.2792684882970635e-6,2.933444223422074e-5,4.135695719212035
PTPN13,1.1770399284629467,3.667566515928259,4.767244321838696,3.287374106160605e-6,2.9381086778191792e-5,3.7124783327820987
RPL39L,1.0613801992374485,3.2998087137005783,4.766650629771081,3.2962074356535184e-6,2.9447085680097628e-5,3.725297414940922
AL121938.1,1.4523971984294373,0.597943311062877,4.7658297168485095,3.3084592498725787e-6,2.953057786315779e-5,4.011074502838638
WDR17,1.4864115872776713,-2.555356684649983,4.761766839696851,3.369746095334557e-6,3.0011708870104967e-5,4.15576901790361
VSTM5,1.2363347039508585,-1.9762277963670645,4.760247152624753,3.39295034090014e-6,3.0205134791263444e-5,4.136855529678464
HPX,-1.1888346113744497,0.6738257979289871,-4.756648371689799,3.448517098159826e-6,3.066775295874897e-5,4.01187447176885
CD3D,-1.2663898211944984,2.225804560238501,-4.7565709451161435,3.4497221960980164e-6,3.066775295874897e-5,3.8821255555944347
AC139795.1,1.178801029557686,-1.4825513892859041,4.7564919499938405,3.4509521263854994e-6,3.066775295874897e-5,4.0765145262357265
FZD10,-1.6116687037298987,4.723703481786702,-4.754674004612966,3.47937420217406e-6,3.08933164198277e-5,3.661482944899399
AC016582.3,1.550640577600207,0.5312123908012827,4.754399699017593,3.483682309900932e-6,3.0904565371639697e-5,3.9928556299074973
RARRES1,1.4538084133962776,3.125770966354668,4.74927694222812,3.5650899000980785e-6,3.154413893321435e-5,3.6953103778253276
TUB,1.2722118314090463,1.9212733084130833,4.7484553080265,3.5783164457473807e-6,3.161987106233468e-5,3.834756419200061
GAD1,-2.441642966967624,3.5412189697142846,-4.74756197515619,3.5927509120369264e-6,3.171983906873957e-5,3.830180949792786
ORM2,-2.1650186366741213,0.08436518713800958,-4.732531683022877,3.844202162975487e-6,3.377602528104127e-5,3.9716671571663635
C4BPB,-2.1301816492030294,-0.311929226443395,-4.729647818192198,3.89435189425033e-6,3.4101166694848643e-05,3.9899537571276724
TDRD12,1.4890845021752002,-1.5903633222111688,4.725543383529456,3.9668166821571475e-6,3.461639426713691e-5,3.955839454673166
AC090241.2,1.0297891008282596,-2.1047445954160127,4.723034607761538,4.011748351803917e-6,3.494846699616923e-5,3.982108146023199
ELN-AS1,-1.7644908787114122,-0.5518751968259822,-4.7227023539745545,4.0177356356065835e-6,3.4970646277545266e-5,3.9659746533148708
FOLR1,1.7831417784564918,5.784126829234191,4.721534000945176,4.038858122186654e-6,3.513944883361368e-5,3.3197801150985224
SLC44A5,1.7889014901537177,-0.2787982608473189,4.7160160237527124,4.140072805474424e-6,3.595847850361632e-5,3.85425975347285
ZNF726,1.4321112768742181,0.9933185600142544,4.713191139490454,4.192831214832716e-6,3.634936108618017e-5,3.7735673445777067
RNF183,-1.4125942889204328,4.170966704486341,-4.713099332445581,4.194556663920054e-6,3.634936108618017e-5,3.536338203428544
FLJ16779,1.849210818475591,-0.6736017046259036,4.712984623299364,4.196713504298179e-6,3.634936108618017e-5,3.867814212466243
HRNR,1.3994488596618762,-2.3448708575361015,4.711871547862248,4.217697933453863e-6,3.649233409941095e-5,3.9493369632601887
AC099329.2,1.5225729450979928,-0.28410297631085457,4.708402228754036,4.283755036511763e-6,3.704810100513408e-5,3.807132472807215
PAQR5,1.177521338660052,1.3589499301848145,4.708009669645591,4.2912920339954536e-6,3.7081725892399486e-5,3.7163893036995432
PIK3R1,-1.015535051699664,7.127614320704599,-4.7074755768223016,4.3015669665488835e-6,3.715471611905632e-5,3.233380496315114
SVEP1,-1.1687761692932006,3.2204323267595805,-4.701768672572576,4.412848562371613e-6,3.798675738315996e-5,3.5760633207258365
LYPD2,2.493841767680701,-2.4678950325108073,4.700656910332259,4.4348480443045444e-6,3.815997106369414e-5,3.898523574275874
SLC7A9,1.1029767812231372,-0.8173415521075098,4.699427283241641,4.459302986307277e-6,3.830552573698609e-5,3.8230322471049067
ZBTB8B,1.397967017975664,-0.7881519753352924,4.698748224539791,4.472863846751169e-6,3.840578150459263e-5,3.8045149116622152
DLX4,1.2307791905474452,0.4332433936197076,4.696746658528349,4.513067015091923e-6,3.868560692312452e-5,3.7403179974598197
SPSB4,1.6469178902055104,-1.317515080002484,4.696005587808877,4.528040249706968e-6,3.8797592763509455e-5,3.81549300022398
TLR4,-1.1854517507767746,3.150404516181169,-4.694616675799845,4.556232133306545e-6,3.898983657992514e-5,3.565700379022677
ADRA2A,-1.731344718451436,3.3345591769465854,-4.694021167013945,4.568371427433443e-6,3.907227761821595e-5,3.553421005464381
PNMA6A,1.4676775124416315,1.1712899353157382,4.692451439752485,4.600519528793683e-6,3.930263089668047e-5,3.6481026354541974
MIR222HG,1.0805459091713736,-9.339422129676369e-4,4.691578311762427,4.618495521283239e-6,3.942305878813967e-5,3.745559655132727
FZD10-AS1,-1.4382889724034609,4.185933315249053,-4.689292036957742,4.665886814003395e-6,3.9777467956294044e-5,3.438385707797228
CACNA1B,1.6268964808373276,-1.1320638231916822,4.689052114246121,4.670887170529864e-6,3.978671871494089e-5,3.7709493489472212
ART5,1.3697001045921373,-0.8198629818723819,4.686085069423803,4.733153491528922e-6,4.026647616652734e-5,3.7489555892019055
ATP6V1B1,1.4757776226783164,-1.414418910156314,4.685837409589678,4.738386903539254e-6,4.027491956663313e-5,3.7746208131187835
CBY2,1.5779933518734968,-2.5396749880517766,4.685756828213958,4.740090907468335e-6,4.027491956663313e-5,3.843031837575068
CEACAM5,-3.398237877069443,1.552239695300263,-4.68511164005647,4.7537556131627124e-6,4.034903543431279e-5,3.697013324897272
ERC2,1.1826090413257202,0.13645031513780806,4.68506382943973,4.754769723734458e-6,4.034903543431279e-5,3.7184812228157824
NOVA1,1.551070087426864,0.29615793889363745,4.683118882949394,4.796201225838388e-6,4.064970546869866e-5,3.682916515951833
LY6K,1.7866237859619734,0.13555675687849333,4.680254931572351,4.85784359122663e-6,4.106938982865642e-5,3.681411972515308
BEX5,-2.2904709800817757,3.438169782546007,-4.678400495503822,4.898164179665448e-6,4.139305147090252e-5,3.459543123758177
AC093797.1,-1.162764195180522,-2.226227677633657,-4.677977244107341,4.90741195077529e-6,4.145396528992394e-5,3.8274497873417914
IP6K3,1.2527414337337848,-1.1634713236004037,4.675088331970462,4.970983760662608e-6,4.19560938337653e-5,3.733715764436705
PAX2,3.1114443917289774,0.11277078124898038,4.6745849823014245,4.9821410876081415e-6,4.201613585985916e-5,3.601555885650356
SLC66A1L,2.1115662117646354,-2.3706671771441505,4.674580875926946,4.982232209322012e-6,4.201613585985916e-5,3.77917160907253
TSPEAR-AS2,1.7331833183406136,-1.64852500794335,4.67375677498993,5.000551807288378e-6,4.2153137673715874e-5,3.7223542505841225
TFDP1P2,1.3048860357048742,-1.5455663963930424,4.673586007476937,5.004356046654094e-6,4.215446652552017e-5,3.7577212282624988
ZNF492,1.7331265077288107,-1.2430032783347238,4.6735634986002665,5.004857691698492e-6,4.215446652552017e-5,3.7228926712890553
STEAP2,-1.1625317751872877,3.530997209282064,-4.67344390491831,5.007523834349783e-6,4.215945087378831e-5,3.4377277477144146
LY6E,1.2174146513377995,8.413279381166548,4.6719893408137505,5.040060695415168e-6,4.2368948286553826e-5,3.0741680980799
TSHR,1.5587532458737279,-2.3112915005928594,4.671767954839107,5.045030666205009e-6,4.2387434171124684e-5,3.7597019174588366
KCNK2,1.6605481849952564,-2.4969288273059007,4.670627157060496,5.070715802512593e-6,4.255046571852434e-5,3.7677352203887553
CA12,-1.3391485587434468,5.953777411346137,-4.670233220368516,5.079614550834297e-6,4.2607546896886604e-5,3.127596204477232
CACNG6,2.3841540366105964,-0.8827147151470424,4.669575919812069,5.094496017071579e-6,4.269712868080939e-5,3.710003859716255
AL390195.2,-1.0327441618591697,-0.20572668968701024,-4.669151146623621,5.104135339572134e-6,4.276028303440398e-5,3.6998079711515635
FAM189A2,-1.5611694585925355,3.69281636895619,-4.667954518837487,5.131384854740789e-6,4.297085528955575e-5,3.4395448900082073
DRC3,-1.2026644292421937,3.6480640306849703,-4.666313428162997,5.168983716415046e-6,4.3214489943405755e-5,3.407557315751559
CWH43,-2.2145484046927306,0.688493633956174,-4.6635722887809745,5.232378494022672e-6,4.36905753954465e-5,3.6506338648996346
TRAC,-1.218705001690895,4.039470876737832,-4.6573133977254555,5.379949660520439e-6,4.4826266398217926e-5,3.228189277080226
TRBC2,-1.2656515599277833,3.9338886280891727,-4.656633967314659,5.3962083723718995e-6,4.492934820159217e-5,3.2485788372965736
ATP2B3,1.8507495895165793,-1.7437479198656842,4.656331421655714,5.403463489203866e-6,4.497133167673193e-5,3.7065540229480423
MYCBPAP,-1.4433051920190736,0.6734343221777184,-4.655209515508688,5.430449198491987e-6,4.5158940061436636e-5,3.6202020096951744
KCNK3,1.3713795140378808,0.552594769674417,4.65385477731192,5.463208415503147e-6,4.541278030130305e-5,3.545175945776456
NRIR,1.328778615932479,-2.425014140279728,4.6523438364931895,5.499969399813952e-6,4.568098818218993e-5,3.6920984833186052
ABCC3,-1.1574531207518879,5.46146119367832,-4.649980397027524,5.5579499483631265e-6,4.614369883600171e-5,3.054914649300903
SLC16A1,1.0629606354169923,4.699346051696995,4.649516598521342,5.569396893568079e-6,4.620098876117455e-5,3.0736251400525516
CCN6,1.777386336387194,-2.0829077632668085,4.648603046193564,5.592010615229001e-6,4.6331848244563485e-05,3.6454279820774325
CNKSR2,1.4653158803355186,-1.142150569496389,4.648038589864664,5.606027134891145e-6,4.641014072893182e-5,3.6202987895163456
AC000403.1,1.070343438009615,-1.8184746503425762,4.6419512552558055,5.7593540360035076e-6,4.754391203401108e-5,3.6290819875157414
SHISA8,-1.8054798415629307,-0.699627564756841,-4.633424118597473,5.9809429694091255e-6,4.915353211090621e-5,3.596369384284894
AC016949.1,1.0660742225930364,-1.868752623416936,4.632868763852092,5.995655922003147e-6,4.9214745944584795e-5,3.5956681904890377
PRSS43P,1.352957008559632,-1.8359322141385037,4.630974394850454,6.046105949351091e-6,4.9588804404605155e-5,3.5937563619350135
AC005682.1,1.004352305923615,-2.054075721680988,4.630573424447439,6.056836727765441e-6,4.965677678705317e-5,3.5905339916731895
KRTAP2-3,1.7242682720983098,-2.6468467655118726,4.630044268596937,6.071026086883066e-6,4.9753037979762675e-5,3.6030583917556003
LIN28B,2.236408555258965,-2.3946620953924027,4.627089563491757,6.150847129999232e-6,5.034628154253097e-5,3.5969004882783784
LINC01140,1.1013774620329093,-2.0793318533050926,4.624084882319064,6.2330543332057705e-6,5.093711148696184e-5,3.559631079361874
RUFY4,1.4213112334854094,-0.28682256333745804,4.622917489386322,6.2652784135851265e-6,5.113876244084502e-5,3.458888965306336
HTR3A,2.0177794525280737,-1.0052896118873946,4.622381982479866,6.280113874089784e-6,5.121871363443049e-5,3.4885569652747677
ARMCX4,1.0015262428257012,2.0115291982948182,4.620834858628183,6.323165039683565e-6,5.152847083661939e-5,3.304150803928346
SYCP2,1.2122635107385835,-0.5329292855309001,4.620701333595895,6.326893877734719e-6,5.153819285414045e-5,3.472729043532814
TMEM150C,-1.1320961096259086,3.1196650332461187,-4.620201070649606,6.3408831252517655e-6,5.159011554748474e-5,3.263068931114283
SULT1C2,1.1552772454898723,2.6175351407321394,4.614187987647637,6.511379697970057e-6,5.289259831396621e-5,3.207182569036327
AC055854.1,-1.9697752169309801,-1.6225777181377947,-4.6114694431692085,6.589903049466023e-6,5.3402388188735023e-5,3.534933926952724
TSPAN11,-1.4805800573311272,3.2591341410086145,-4.609848801290684,6.637147140968896e-6,5.376313150335085e-5,3.228375297361927
KCNN4,-1.5108709134931781,5.106728003602631,-4.604042241888764,6.8091086405867505e-6,5.5003308430558466e-5,2.9259923516443536
NTSR1,1.407349999017509,-2.3575127647049103,4.603912244997785,6.8130071671088404e-6,5.500532635853963e-5,3.483896634414479
RIMS4,1.7389166122551813,1.3227965325982813,4.603853443495795,6.814771293584077e-6,5.500532635853963e-5,3.260659836804951
BEND7,1.2366369649990232,3.3444779883267732,4.601945046743162,6.872265168968345e-6,5.540337853792647e-5,3.0733785869609456
STX19,-1.3075336150206578,1.6770027406810624,-4.6002146398923545,6.924800202271979e-6,5.576048916962599e-5,3.307563854360321
MUC5B,-3.4637617974029293,5.721407679806955,-4.59817991706441,6.987068865716185e-6,5.616320930360491e-5,2.955188366741198
ARHGAP28,1.045345716620327,0.9061811473916044,4.598012877990036,6.992204637350264e-6,5.616978934763113e-5,3.28651089584329
LY6E-DT,1.1549657876826673,-0.6470472871705637,4.5948290295814695,7.0907925489009165e-6,5.691677241858697e-5,3.3609712379013637
EPHA4,1.2199364522794065,3.3271930711686544,4.5936632538842455,7.127224365978339e-6,5.716405209713644e-5,3.0345779375397344
SLC46A2,-1.9308414125902438,-1.2891552685180636,-4.591131306897465,7.206972209735663e-6,5.778086910874462e-5,3.4453485021637498
QPRT,1.1872862145163028,6.616993282839778,4.589619831660897,7.254987251692002e-6,5.8142886791556874e-5,2.7270995728409275
PDCD6IPP2,1.422468534148304,-0.7774088280108911,4.588398629557128,7.294005908404221e-6,5.8386520709888686e-5,3.36091092930812
CORO6,1.2841366207853855,0.07320083295301483,4.584876874694151,7.407663923426458e-6,5.917802041971621e-5,3.2703346970170983
ZNF418,1.380846475779442,0.7633223784655713,4.584794111478072,7.410355341870585e-6,5.917802041971621e-5,3.255225337355477
MIXL1,1.1119485131843598,-0.927094259743557,4.584092489557701,7.433209572687638e-6,5.9337215771918126e-5,3.3491836865827658
SCN3B,1.3167487020622142,-0.9260522519258336,4.58268330332365,7.479316704711045e-6,5.965841158027759e-5,3.34786679832151
INAVA,1.1058017486862148,3.575678490894166,4.582573122188025,7.482933296683641e-6,5.966384320196089e-5,2.9022899473395407
Z98257.1,1.574259108710803,-2.09437114244898,4.581998561310476,7.501820002703344e-6,5.979097636664422e-5,3.394753688776535
DNAJC22,-1.0030033059076748,4.7055018219471245,-4.581666829358488,7.512745426047411e-6,5.9854581747937115e-5,2.8451955809034226
PADI3,1.8649380959383897,-0.8107296128468042,4.580039625519508,7.566558696471252e-6,6.021250546087773e-5,3.305492834006251
LHX1-DT,2.237476171163124,-2.1594463801782524,4.579207944417156,7.594206278679818e-6,6.040886434751022e-5,3.397856394148362
CHST6,-1.471566822726666,4.9505549787510965,-4.578209198766941,7.627536064936305e-6,6.065025155859369e-5,2.840104848514315
PLA2G10,-1.358121426120968,0.3375336118956423,-4.578087792699968,7.631597167567036e-6,6.065881143278546e-5,3.288406026156201
AASS,-1.056143667759745,2.8609307775301556,-4.577693143256717,7.644812797605481e-6,6.074009980396161e-5,3.0965140920410974
AC027117.1,-1.2299341057737454,0.3585485069977581,-4.573108229755753,7.799970947706653e-6,6.185197406991417e-5,3.2696915829366073
LINC02577,1.697835810966463,-2.307850800531408,4.572242503066749,7.829606138529721e-6,6.201438626635933e-5,3.3630516152960066
TTC30A,1.1644547337253206,3.117561992413962,4.5720709265148685,7.835492323968902e-6,6.203683131762524e-5,3.009382242242986
ACR,1.0115575583205845,-2.032460029971375,4.571229834351911,7.864408873649342e-6,6.221730087506782e-5,3.3507968919526068
BARX2,1.6436848665946648,-0.22159299983197853,4.571131973112018,7.867779980556292e-6,6.221975109915413e-5,3.2199763925484604
AP003306.1,-1.6956650065352155,-2.156566734320437,-4.56897967187433,7.94227459579392e-6,6.268690830482159e-5,3.384752372467977
MYOZ3,1.1856708182142788,-1.2533315356671642,4.568165529291371,7.970629900909798e-6,6.286188673111786e-5,3.293663231064185
C7orf61,1.0176806663460638,-1.054979480526527,4.567098360391633,8.007945250446844e-6,6.313168319242889e-5,3.2816769124418084
FLG-AS1,1.5355617077499246,-1.220092623143189,4.566352050982808,8.034141018466886e-6,6.331364174459907e-5,3.2937269563444005
LINC01234,1.6108116810800603,-2.360986167110544,4.565743369377204,8.05556701416517e-6,6.344601591648923e-5,3.3125843114419915
NPW,1.2848236548165999,0.8486737229168044,4.565697552949552,8.057182005533294e-6,6.344601591648923e-5,3.110403843105674
AC069200.1,-1.2771779159934742,-1.7027209898314044,-4.563610058212942,8.131095793267911e-6,6.400324976854262e-5,3.332695808378177
P2RY14,-1.2180984444765874,0.12130936990905251,-4.563500917590893,8.134978122766596e-6,6.400901872516775e-5,3.2458713022782932
IL1RL2,1.1989819247774691,0.6390205056165167,4.55983258020006,8.266509744845597e-6,6.491829368401929e-5,3.1582505399741105
SERPINA4,-2.5698356178839195,0.9123361674665789,-4.558698035193484,8.307602450019012e-6,6.52158023152516e-5,3.2420946533159087
CXCL9,-1.7531576815279721,2.990423450942546,-4.551903628127676,8.55783539731281e-6,6.702483491906958e-5,2.892908140769908
EPHA3,-1.4862724282907436,-0.09801685967395155,-4.5475706455225335,8.721184904451615e-6,6.814662129875994e-5,3.185385457024023
TESC,-2.026497152745393,3.7999243086974173,-4.54601543726699,8.780542910453521e-6,6.85735231222486e-5,2.933712433880075
AL118522.1,1.2888192160769298,-1.6096474087226997,4.545584136226425,8.797073177540252e-6,6.866041292639327e-5,3.218438053216161
AL162424.1,1.3887650717739877,-2.4524276610859976,4.545221225375702,8.811005469596863e-6,6.874275438160715e-5,3.248460115142948
RASGEF1C,1.3965649004967775,-0.6852633249939177,4.542657550975315,8.9100321338912555e-06,6.93473571040138e-5,3.159351299188894
RBX1P2,1.1598141968486302,-2.4455445340637283,4.539693492809357,9.025858602312841e-6,7.00961216023715e-5,3.244442451529304
PRRX1,-1.335624911215068,4.919145561315302,-4.533854680062499,9.2582714147356e-6,7.173660245256817e-5,2.646192248470692
OXGR1,1.5445482116896763,-0.08989577401523552,4.531948270794489,9.335394039314896e-6,7.224196198419632e-5,3.0926114757646577
MYOM2,-1.0719346290505343,0.8028017609559209,-4.52971896510766,9.426362833799903e-6,7.282891980980229e-5,3.0574116663809994
ACSM1,-1.1904442351286926,-0.09047988019015274,-4.529681174797672,9.427912222967418e-6,7.282891980980229e-5,3.110002083422276
AC011503.2,1.290888385803828,-0.6146918299731099,4.5282013268573325,9.488778360062994e-6,7.316006501893789e-5,3.1077005079883673
PRRX2,1.377136874823575,2.3275373103473176,4.527251141376747,9.528058458763815e-6,7.343506261506097e-5,2.8033512267932617
MEIS2,-1.4720288245664692,3.553916126942416,-4.526147209179299,9.573890686215105e-6,7.373238132119583e-5,2.8057600318997142
AC010273.3,-1.2291011632419868,-1.5781487681453972,-4.5221529886954714,9.741497057684312e-6,7.496637114743505e-5,3.1670680525332013
HCG15,1.0089309252628171,-2.159399738225332,4.521829455169924,9.755196053197716e-6,7.504337796562846e-5,3.1517434570802214
AL596442.3,1.8328770500077909,-1.1525122059966684,4.5174332236210475,9.943185856428014e-6,7.63450356426305e-5,3.060762828611292
LINC01436,1.9013354005501166,-1.5469243676703976,4.51685539215265,9.968152272889973e-6,7.650782733920536e-5,3.081173456678732
SLC6A2,-2.613116467351952,-0.6351765557756981,-4.513786124038659,1.0101779790676213e-5,7.747493300592578e-5,3.1209480511978995
EYA1,-1.6098685944886624,0.3322278254476305,-4.5103735416484145,1.0252375634181411e-5,7.851141009385946e-5,3.01308274949875
LINC01597,1.5346956762018606,0.39150406279332717,4.506934954514212,1.040630040933564e-5,7.954550754525402e-5,2.956632781305756
IL9R,-1.3314565974472987,-1.9712115175680458,-4.506919834558761,1.0406982117832633e-5,7.954550754525402e-5,3.102652210945802
ZPLD2P,1.269708639530354,-0.32129116654556406,4.503765011730483,1.0550165264132276e-5,8.057931560624742e-5,2.9801073511378213
SPTSSB,-1.8180115141844462,0.8433220162923493,-4.5026840231572844,1.0599660501705526e-5,8.086617869244111e-5,2.99475838454319
CXCR6,-1.1404086399335709,1.53387944041607,-4.499864453612836,1.0729812502386156e-5,8.16751720219087e-5,2.8681680449626974
C8orf34,-1.3710431571978785,1.2322826945293517,-4.498425701954452,1.0796816011586923e-5,8.208011893477949e-5,2.9119436951631634
SLC19A3,1.6648134404200319,-0.6228614998255185,4.494891222632923,1.0963130221118593e-5,8.317083188279742e-5,2.957350372090608
B3GNT7,1.0808423910836922,4.521406673553679,4.4926254914840325,1.1071035580349752e-5,8.380176057170516e-5,2.436267962287152
WT1,1.7658675434198108,1.690903850064522,4.490469165681294,1.1174677757956591e-5,8.446045026132755e-5,2.746491754068389
VTCN1,1.370706099939115,6.1820049583032795,4.48836507863542,1.1276707341569056e-5,8.516826458939038e-5,2.3189073817968726
SULT2B1,-1.4387070251432545,3.2054258266016067,-4.488166509151027,1.1286382288402498e-5,8.520967073903876e-5,2.667631692211023
SLCO4C1,1.4239503217887806,-1.7183551191197048,4.487720626492935,1.1308136199901473e-5,8.534220576561364e-5,2.9831454178156775
GALNT14,1.8302776597600308,2.625762994307859,4.484832512117502,1.1450021350645034e-5,8.615706550555708e-5,2.6150939300799996
LINC02428,1.6193270104382353,-3.1620048857019043,4.483336258017019,1.1524199199487892e-5,8.668313269074459e-5,3.0328154411170765
ROBO2,-1.6665014277670829,3.6458746518319867,-4.4809354856215755,1.1644184719290263e-5,8.74885065563236e-5,2.6469782623604905
AL358075.2,-1.0538464588154473,-1.3754948017080217,-4.477232447730282,1.1831610852619534e-5,8.873271548658281e-5,2.966645914107758
CYP2W1,1.9503119962259419,-0.867171655172318,4.476483120771832,1.1869888337499126e-5,8.895413369149418e-5,2.880664192962797
AC090946.1,1.1205101012121028,-1.9971521301574098,4.476359795864403,1.187619946913709e-5,8.89686244049916e-5,2.962435543963907
NEUROG2,-2.122571942587189,-3.154817934916401,-4.474915791002562,1.1950336411510584e-5,8.949102329680955e-5,3.0111290982717787
ASPHD1,1.1709075123431856,2.2359868927013795,4.472603774292361,1.2069964621146432e-5,9.0307602136870693e-05,2.6433754157347327
PLA2G3,-1.2093637437716125,0.9204721096524273,-4.472078452102096,1.2097305728288378e-5,9.044717434034652e-5,2.8008453556549586
CAPN6,-2.5976609948475797,4.893717586773069,-4.469428791918225,1.223612005388735e-5,9.122777108408162e-5,2.435463216855867
ALOX15P1,1.0592807853129047,-2.11441909974235,4.4657240887224825,1.243277479558852e-5,9.245653675285074e-5,2.916639461631952
AL161431.1,1.9002479231093738,-2.9631587696806534,4.463408652684652,1.2557221392183483e-5,9.327959341181911e-5,2.934069928370544
ADAMTS19-AS1,-1.561420183189199,-1.5832083062519233,-4.4577228828191124,1.2867907585307791e-5,9.541311702436905e-5,2.919732110764939
NANOS1,1.1469134060192436,1.5777339464084186,4.450625878093304,1.3266073270113363e-5,9.796315682038313e-5,2.6634263448735247
GJB3,1.27180915695088,2.6289058167328747,4.450562880765149,1.3269660043619108e-5,9.796315682038313e-5,2.506461009347083
GREM2,-2.92578213328677,1.3956955277385923,-4.448636040790705,1.3379816154985575e-5,9.866886194990088e-5,2.7579278087905994
ALCAM,-1.0952812867591746,5.724582734075035,-4.448158544809928,1.3407249706627238e-5,9.88353075943025e-5,2.20960789164657
MBL1P,1.453339729762639,-2.0034709645782103,4.446793692791336,1.3485962583737362e-5,9.927153334005003e-5,2.8444616506815947
PCOLCE2,1.5620118850837117,-0.5340860492496065,4.446326226580374,1.351302385135808e-5,9.939873208650075e-5,2.75177081543014
GREB1,-1.174870062681201,5.5373602062479925,-4.444117342149186,1.3641601218874046e-5,1.003082138829219e-4,2.2134188593284883
CNR1,1.4191961596066842,-1.5499556885947614,4.443197024247215,1.3695518067455643e-5,1.0063185437562128e-4,2.7953232847265106
PCDHB1,1.5034513910454543,-2.3843069269361,4.442803418080053,1.3718639897508306e-5,1.0076531885686982e-4,2.845111660545678
LINC01842,1.2557112957692438,-2.427863144357445,4.4421566517419775,1.3756714657853683e-5,1.0093554826939288e-4,2.826936328404912
C9orf116,-1.0567499284665258,4.270070498531848,-4.441965270932364,1.3768000571183803e-5,1.0098189953400924e-4,2.3632751960535714
AC068134.2,-1.6743527245106993,-2.053933604786644,-4.437511347203213,1.4033177145836754e-5,1.026674918329684e-4,2.8573175865620692
AC025271.4,-1.300655415107556,-2.287386857589876,-4.436550721645621,1.4091009904238321e-5,1.029423742968151e-4,2.8437063734187893
GLI3,1.0974523670813543,2.5156053195511276,4.43525663420137,1.416927991360255e-5,1.0347698345815963e-4,2.459281079988643
ITPRID1,-2.1561318875309734,0.11847061478279118,-4.434806648317627,1.4196593962403156e-5,1.0363921540656672e-4,2.7743871214372753
NKX3-1,-1.068492238427823,1.4113579028396201,-4.4316459565141555,1.4389876398708573e-5,1.048995150385054e-4,2.6097662629238183
AL033530.1,1.9064584103605382,-2.6003419360587663,4.430595596690209,1.4454665209167375e-5,1.0529627803265868e-4,2.8157308919520663
KCNK15,1.3712432098008511,3.2485268239350207,4.428466243619761,1.4586869140057397e-5,1.0614519455872772e-4,2.3339044381890677
SSTR3,1.2202653498677674,-2.489276890756921,4.422706668516385,1.4950300513332491e-5,1.0840167949802696e-4,2.744516235247321
AL589843.1,1.1498907682990158,-1.2214600826491604,4.421833612531945,1.500614348330496e-5,1.0872900540274154e-4,2.6989376293705627
APCDD1L,1.775574830501292,-0.792936649370384,4.420254257149946,1.5107672171961877e-5,1.0938665095224552e-4,2.6661324483686837
KASH5,1.2253112000148396,-1.8261113612135877,4.419052579417291,1.5185363113590704e-5,1.098317864486183e-4,2.7306436075267317
STMND1,-1.8656341912676724,0.3761427657187163,-4.41873442038642,1.5205996849787889e-5,1.0994189967096728e-4,2.671003571740119
ZNF385B,-2.2216496252706195,1.0118675856587902,-4.416157422706898,1.537411853768798e-5,1.1103894284291773e-4,2.5994463757094977
GASK1B,-1.1332984167422668,4.776028263758129,-4.41204639455903,1.564601715535247e-5,1.1272231572682863e-4,2.171373925694767
FBLN1,-1.3160290110001647,9.797610356771727,-4.4113460703586735,1.569279331921806e-5,1.13019252806445e-4,1.990390989171905
H19,1.6468805031695073,4.671055699420951,4.396586246937519,1.6710419267386936e-5,1.195431021897931e-4,1.997687252531783
COX4I2,1.1143807547092348,-0.10730199008529105,4.395950668895308,1.675563137159999e-5,1.1978243123334442e-4,2.524506924177615
HOGA1,1.39449109159624,0.319699099157463,4.391368234559171,1.7085094563116513e-5,1.217949708526061e-4,2.488235140543516
GALNT8,1.357756986558787,-2.0227955786348124,4.391075343829213,1.710636242181113e-5,1.2190382533691775e-4,2.6239335057928166
AC133919.2,-1.4153979934187082,-2.725163999861404,-4.3887410170657075,1.7276776288180752e-5,1.2293554863211718e-4,2.6672319107780176
ITGA11,-1.2332158820710326,3.3811484944642,-4.38700672478082,1.740443843609814e-5,1.236810513200205e-4,2.2132343463921247
ARMCX2,1.0450891406718394,5.120421982021162,4.384938052895974,1.7557897641678888e-5,1.246408353718064e-4,1.9641402685709766
ITGBL1,-1.4315641029107091,-0.9820069879746366,-4.3808980403507345,1.7861345334234157e-5,1.265297952502527e-4,2.564126860790757
LINC02672,1.3751975655145356,2.4736111777316028,4.379481784082116,1.7968906677282394e-5,1.2724740742476912e-4,2.236520232051504
ZIK1,1.1404081300835238,-0.04158786166558927,4.377727839591364,1.8102975660157856e-5,0.00012806295764603143,2.4607471872838858
SYCE1L,-1.1486886927426088,2.161641330828987,-4.377340364215289,1.8132722793837937e-5,1.282287606339465e-4,2.3355539445989777
RBP4,1.6434127226022595,-0.5986411693289543,4.371979375830362,1.8549135476959537e-5,1.308547828648822e-4,2.4508211508478235
WNK4,-1.3452846997829775,0.48622298655067964,-4.369893447102688,1.8713623899554847e-5,1.3192358381358056e-4,2.4081792132999444
BMPR1B,-1.4016307161750872,4.916675419466102,-4.36868469552956,1.8809580427050382e-5,1.3246220117788356e-4,1.9994541516234703
HMGA2-AS1,1.0670718356685622,-1.9951870675542112,4.363711206974062,1.920938602221476e-5,1.3504377776392003e-4,2.506025290779169
GLDN,1.3372331813782876,-0.14240232542339806,4.3618153783536755,1.9363920602943816e-5,1.3603606026070864e-4,2.393809543250123
INMT,-1.0801087417070545,1.4276619847387744,-4.358341900476763,1.965015089072262e-5,1.3790389043613483e-4,2.3153288315480527
C10orf82,1.6808025144471892,0.6942640432456689,4.355928745870209,1.9851388252921004e-5,1.391240051215057e-4,2.3538158422406177
AL353572.4,-1.157257203687762,1.770110015908225,-4.3510965480233565,2.0260307444674048e-5,1.415505288778121e-4,2.279547504359691
DMRT3,1.9221225457130144,-1.6951685941182697,4.350764017375296,2.0288742358650873e-5,1.4165180339993828e-4,2.4101040728385668
PHYHD1,-1.3546545951727382,5.174281859451163,-4.349528039320877,2.039476726655344e-5,1.4215302550969167e-4,1.880759396517794
SAMMSON,1.1636682702040444,-2.0922213503353873,4.346716794699032,2.0637902778652557e-5,1.4364545755936114e-4,2.442904071003033
TOX3,-1.9098890887847022,2.490997474175209,-4.342085685633326,2.1044500024191686e-5,1.4615157308596295e-4,2.196494282299863
LINC01697,1.6477384304236897,-2.825385922789742,4.339298364466929,2.1292906410742218e-5,1.4759789559751872e-4,2.4596806464153236
REEP2,1.0417361187850724,2.193067269936654,4.3388693268967105,2.1331390898303103e-5,1.4781424773853129e-4,2.110295843115182
NOG,-1.4417676576612004,0.8414034469638528,-4.33834541680849,2.137847578770973e-5,1.4803234052700921e-4,2.295392183464571
CYP4F23P,1.303732720617553,-2.7377274440616755,4.336871426987783,2.1511481067946686e-5,1.4875785683053706e-4,2.432642642136167
LINC02014,1.1584657631160462,-2.157036870880019,4.335869895512085,2.1602306068352785e-5,1.4923360589163902e-4,2.413830027780145
COLEC10,1.139974974903767,-1.980010141088972,4.334890616210852,2.1691468257315382e-5,1.4979864113546647e-4,2.4119992485832773
KIF26B,-1.0008122576732008,4.887824492870643,-4.334345798095948,2.174122580500259e-5,1.5009126129785077e-4,1.825341768696326
CDH18,1.8490329839978095,-2.829939745509628,4.33005847009838,2.2136615749281085e-5,1.5245834581104328e-4,2.384521742831434
TIGIT,-1.171275640444538,1.2897807866373812,-4.323361237838694,2.2768069876401448e-5,1.5617220795409483e-4,2.1533676661680197
AC016924.1,1.1229217664961137,-2.3259148747169247,4.3220610444778265,2.289264328697876e-5,1.5686786317078768e-4,2.375763959143682
DIO2,-1.414604763304919,4.571743410052532,-4.319287654048887,2.3160550768997597e-5,1.5838325498960536e-4,1.839273456158014
ASPN,-1.421341326496604,1.8023254688423223,-4.315895508426901,2.3492312984680526e-5,1.6038218646309942e-4,2.129172139257406
ALOXE3,1.2620968153421086,-2.4789840588043766,4.314087781145133,2.3670968250347343e-5,1.6143918077854343e-4,2.330256005064964
RIMKLA,-1.211632844787716,2.5307484681157195,-4.311996769243118,2.3879243060162905e-5,1.6263056762686262e-4,2.022785308934516
PLD5,-1.981772942920684,-1.6019061735781401,-4.311875682945899,2.3891357431600067e-5,1.6263056762686262e-4,2.3246222603244036
FRMPD1,1.864936408252805,-1.4136641610239244,4.308945344203416,2.4186331162605776e-5,1.6416500167227703e-4,2.280806898231315
CPNE7,-1.3013807975710285,2.1680567317891946,-4.305012766374383,2.458767648551185e-5,1.6657331229718095e-4,2.0339704983198557
HPN,1.4215285492143108,4.954622620869496,4.303479738380928,2.4745852887624343e-5,1.6738202953466244e-4,1.6286745814780472
ZNF488,1.202892638608235,-1.8142179580627713,4.295860368602933,2.5546574590385263e-5,1.7186646209036414e-4,2.2295881121410472
ADH6,-1.6926489120530095,0.2604196287356746,-4.294907380033005,2.564845234639456e-5,1.723806698042735e-4,2.180920111224472
APOBEC3A,1.2635778638482873,-1.264705883532634,4.294824112646834,2.5657372367755305e-5,1.723836152073583e-4,2.185892259147426
CACNA1C-AS2,1.189628795086026,-2.216962861683948,4.291292576278095,2.6038433984502144e-5,1.7477051925397015e-4,2.2496581211453455
LINC01411,-2.185787430656296,-0.7663176907135434,-4.289335401494823,2.6251944873785418e-5,1.761454366506487e-4,2.2337389541003505
AC243960.1,-1.1208194531109101,-1.5098531710362197,-4.2824342269861635,2.701825443466647e-5,1.8092883134436944e-4,2.204509694145898
CHD5,1.0161724091058346,-1.858917148267148,4.279882077313814,2.730703185206291e-5,1.8256188005306797e-4,2.1676856876063546
OLFM2,1.0927289124511304,4.05969995509779,4.279021417945598,2.7405080272016864e-5,1.8309692684039143e-4,1.608443543874177
MST1R,-1.0398699662133417,4.425455591148613,-4.277714080838529,2.7554660100560852e-5,1.8397533241911918e-4,1.6156699185482637
CAMKV,1.4219478876395601,-2.5767516847263763,4.275760178807486,2.777967426382294e-5,1.853559093033281e-4,2.182508092354821
TDRP,1.0932919298956256,3.465442507618675,4.274500600859964,2.7925659975742006e-5,1.8620771435268391e-4,1.7550403013171145
UICLM,1.4200226062035193,-2.398613246024382,4.273016161188779,2.809864965492558e-5,1.8705435820069028e-4,2.183834357803333
RIBC1,-1.1190204616686565,3.2015423242500467,-4.27084074051537,2.835401647676211e-5,1.8863077933673096e-4,1.8275542893164891
MSX2,-2.001541493099819,4.221335499322269,-4.270019518954879,2.8450993606809653e-5,1.8921400329345532e-4,1.7228328697073358
EPHX3,1.4730182962897018,0.31459173169115434,4.269456328110801,2.8517683533015546e-5,1.8959548581125549e-4,2.017521196273802
LEMD1,1.633017816263943,0.8378142503841391,4.269104511569126,2.855941955817521e-5,1.8981087086342475e-4,1.9680607886674206
TRBC1,-1.1849233857072186,2.9729980279469093,-4.26594721138112,2.89365949079823e-5,1.9206641244605887e-4,1.7761696243949485
MSLNL,1.635251975692471,-1.4549638446893425,4.263986175393409,2.9173257059006354e-5,1.93384630289382e-4,2.0645084084977583
LBP,2.172324550353278,-1.3869075857461854,4.263574130442973,2.9223218414007676e-5,1.9365265440048646e-4,2.0711557216631133
AL161785.1,1.0916739789485228,-0.29372447543980773,4.263301251105003,2.9256350674246408e-5,1.9380901926446676e-4,2.032937890852658
DLX6,-1.3082257987836092,4.919627800782366,-4.260953450692724,2.9542902590966573e-5,1.9551610298235253e-4,1.5356200876333324
CRYAB,1.1693875796620983,4.2058812371170085,4.260804277725247,2.956119975566825e-5,1.9557351036269584e-4,1.496466877291466
TPBGL,1.2729257177046638,0.8405439506459763,4.254011129591215,3.0406012386210174e-5,2.0065655797071644e-4,1.9124399771976712
LINC01508,1.186913350453129,-0.5681102438658509,4.2539025648568645,3.041969942975186e-5,2.0065655797071644e-4,2.004493094794065
GRIN2A,1.463770559690904,-1.664432949807115,4.253243682078042,3.0502893016330947e-5,2.0101841688194234e-4,2.0775587380635017
LINC01116,1.3375067902803415,0.045597065995110396,4.2530954803069285,3.0521635612362115e-5,2.0107673328546114e-4,1.9493346923862322
KIF5C,1.0814694472384219,1.903745588482259,4.248762135175263,3.1074554669931575e-5,2.042638085711565e-4,1.7912396507928712
FABP4,-2.06583281794756,0.49363301766225137,-4.245815765996619,3.145595758729492e-5,2.0662924434524304e-4,1.9813501335492205
HSF4,-1.0175998437190183,3.6368086128925987,-4.243688660123078,3.173408629796896e-5,2.0822246680931864e-4,1.6283638161713396
DMBX1,1.6914770202578346,-0.20690600787979002,4.240452868699941,3.216169464119474e-5,2.1051667693643863e-4,1.8724093101233379
CRABP1,1.994150982346968,0.33561522194994864,4.236450470109407,3.269823444337911e-5,2.1346819821521903e-4,1.8183710223758993
SERTM1,-1.6017882022053906,0.6892254747275993,-4.23638454863801,3.270714274956663e-5,2.1346819821521903e-4,1.8948459333642642
AL449403.2,-1.5130413515579737,-2.1466573247195444,-4.235334580441423,3.2849343520205015e-5,2.1432746635783201e-4,2.0714584291706393
C19orf18,-1.1623112016977168,-0.16029070856121197,-4.234989400753884,3.289622134498275e-5,2.145644424311391e-4,1.9472084408058068
PCSK4,-1.013075857633304,2.756959764433264,-4.234478461490274,3.296572790290097e-5,2.1487987617016015e-4,1.7012378859781094
CT75,1.067285588069899,-1.5666925054928107,4.23166279149183,3.335128859878431e-5,2.1711453859118909e-4,1.9809876814009062
AC018629.1,-1.4321961317735703,-1.4687376699902255,-4.231528586923889,3.3369772974599365e-5,2.1716531089841737e-4,2.0156909008536106
AL078582.2,-1.4324975078409934,-0.5740082597737812,-4.2309982600362845,3.34429122636601e-5,2.175019996309209e-4,1.9694456062578025
FGFR3,1.260755460899956,3.8196148264841403,4.220723993697763,3.4890485400546105e-5,2.259044999301367e-4,1.3764462135442272
XK,1.0875623673412913,1.2666766993738945,4.217681743290104,3.5330483780568186e-5,2.2824435866378506e-4,1.72901944621632
MED12L,1.2110733970715977,-0.84712179903785,4.216450452336048,3.551006769982358e-5,2.2915948942357368e-4,1.8611368670008899
PLEKHS1,-1.971083311272602,4.567237737654416,-4.215797242763135,3.560569221140419e-5,2.29584418941808e-4,1.5223634519689329
ACSL5,-1.2996199967106215,6.089450545480221,-4.210464078703683,3.6395683143762675e-5,2.3393607343890976e-4,1.259563405315502
TENM4,1.2731718514828816,3.6589628420780644,4.209047316037321,3.660834456662242e-5,2.3507993522023192e-4,1.4319385878279407
TRBV5-1,-1.2244594102301123,-2.1780103430463322,-4.200372512367701,3.7936585856487926e-5,2.426890686015929e-4,1.9084307164054
MAGEE1,1.0037774401233002,1.4520364568941257,4.199390070330908,3.8089882367878674e-5,2.435164420398761e-4,1.6493132948311802
TPPP3,-1.7440573276396973,5.841700706493959,-4.1952377773862635,3.874435112739918e-5,2.4723396932912426e-4,1.2426805033919486
SLC30A2,1.5724753712650044,1.0703773882351575,4.192178923446382,3.9233332957765724e-5,2.500402192015147e-4,1.5998915897863117
PRICKLE2-DT,-1.9514654634703925,-2.137800386186207,-4.187583617077346,3.9979023463369246e-5,2.541550431246533e-4,1.8936591759559498
ANKRD35,-1.3052024792908243,3.106015351677809,-4.186858290455749,4.009795378769337e-5,2.5475173891249765e-4,1.4972060094159048
STXBP6,-1.0497805181250879,5.680099535820855,-4.185583880737781,4.030773501673016e-5,2.5600450202500745e-4,1.1464482597528667
PALM,1.1648443328061964,4.357609124029852,4.175506453462566,4.200389689845773e-5,2.656151837474346e-4,1.1557063585017122
AC005695.1,-1.4356747764858366,-1.0236089674145523,-4.174182243543105,4.223178058817769e-5,2.6689014573200355e-4,1.7839562133026767
LINC00871,-1.2673383555080804,-1.9921458146295603,-4.173329306472544,4.2379187330996576e-5,2.675721041674975e-4,1.8234245877844835
AL354766.2,-1.758698367951807,-1.2951424825544033,-4.171472568441969,4.270177401721494e-5,2.6894045711988736e-4,1.8121149645592158
AC106875.1,-2.1051210742125077,-2.1169484289273197,-4.170537349468209,4.2865143973839805e-5,2.6971863347502174e-4,1.7988812551347442
PSD2,1.1627851694525577,-1.2510258136391919,4.169422027683254,4.3060755651061165e-5,2.7069805068115284e-4,1.727045606330325
UBXN10,-1.0005688135774369,5.131238756886443,-4.168809224765215,4.3168595089550476e-5,2.7112439017306056e-4,1.1730915982371624
SYNDIG1L,1.2772732224055412,-1.8755968822975124,4.161626470082251,4.4451973962506855e-5,2.778424466796023e-4,1.7177183104640026
LEF1,-1.2301248409555914,5.483458999473345,-4.159494607098149,4.4839840735552834e-5,2.7971912925395205e-4,1.1023561585652146
DOCK8-AS1,1.2285399963216403,-1.3993895104878913,4.15778016499344,4.515410423500398e-5,2.814204276210429e-4,1.6656447738302562
CPNE6,1.3379817168131276,-2.865692626223363,4.15607434317519,4.5468873368276536e-5,2.8303503287499304e-4,1.749932004276097
ATP6V1C2,-1.23414045249696,3.3897802401944874,-4.15172850397731,4.6280287404598503e-5,2.8668106102135323e-4,1.2943537252259514
CCDC170,-1.352208190221782,3.6861724601774952,-4.149459251114315,4.67094542932407e-5,2.8907519764184654e-4,1.352631664425294
AP001626.1,1.1209029335255383,-1.6491327823805175,4.1472364794008,4.7133510788885585e-5,2.9152205516534105e-4,1.6519586718084893
AC079834.1,1.1321811133786839,-1.487040239220577,4.145181533653647,4.752881585790675e-5,2.93520405194803e-4,1.6567582700789192
CD2,-1.0882385578708158,2.8108513557724093,-4.144164307776301,4.772566587938976e-5,2.943782802223726e-4,1.3205562139022886
ENPP3,-2.184317509227522,2.2775255045662273,-4.13921102437404,4.8695376774863635e-5,2.99904496234039e-4,1.4505334994106356
FAM178B,1.310761096878532,0.43410916703753444,4.137080355286221,4.911825761847664e-5,3.024172880454163e-4,1.4995770412113547
WIF1,-3.3909535703054914,1.827152173556313,-4.133948225476672,4.974626768620905e-5,3.050824213803599e-4,1.5196921745408574
AL445250.1,1.2871081980859196,-1.1302554378379484,4.133567032528165,4.9823219862247265e-5,3.053343091599542e-4,1.583458269494809
OR7E47P,-1.1884436320021285,-1.4422439539213556,-4.13352596976534,4.983151605543231e-5,3.053343091599542e-4,1.6389045157522801
ADGRG2,1.9824693693574102,2.1951815732378477,4.131320117093521,5.027912164665941e-5,3.0779303263454995e-4,1.3464817421156141
ME1,1.0754439482757971,1.4752147592700298,4.12705846832979,5.115476909978253e-5,3.1277663272682917e-4,1.3524564544087907
SEMA6D,1.1548910698298114,1.0170619521953788,4.1267478935729764,5.121914883349158e-5,3.130362194818704e-4,1.413813054878716
AC103702.2,1.7534603545611605,0.06774879849812915,4.126187447976696,5.1335520458643206e-5,3.1350454260861314e-4,1.4341528397167016
ZFR2,1.5005518592838711,-2.0312310649681438,4.124152869601386,5.17601059963876e-5,3.154340012805342e-4,1.5845852460206826
KCNMB4,1.210151899385325,2.0922052846632613,4.120761045097487,5.247538360881057e-5,3.1921870591603295e-4,1.3139659652445879
KLC3,1.0901124897773051,1.0690650808602213,4.120354337251467,5.256178156122836e-5,3.1953595225376317e-4,1.3028775052550996
HOXB2,1.0127089946967711,4.896010749706039,4.1203536089825965,5.256193639079262e-5,3.1953595225376317e-4,0.9529243564693104
AL357054.4,-1.1744919579905755,-1.0943382631763865,-4.120089890770695,5.261803134397653e-5,3.1970369776830463e-4,1.5576795504951235
AP001636.3,-1.5298834339083176,-2.1514593846758063,-4.118212401554186,5.301904141916236e-5,3.216594023292704e-4,1.6088188795873766
CD8A,-1.0762160828604186,2.6504259661379344,-4.117919050857394,5.3081960413764016e-5,3.219450204265413e-4,1.2250156119411244
TRBV20-1,-1.2230836819170658,-1.0073591287894565,-4.1162438562177295,5.344262920558462e-5,3.2376981277885904e-4,1.5230651519939453
SCGB3A1,-2.5706932778207783,2.540362960715192,-4.114721416249148,5.3772435914262416e-5,3.2522902608343035e-4,1.3254705582792514
B3GALT5,-1.8451747100613547,2.825802477685478,-4.114702094267713,5.37766340877356e-5,3.2522902608343035e-4,1.2894762406655973
IL22RA1,1.207656362781493,0.6082833520954425,4.108129257365413,5.522302560412653e-5,3.328448316661529e-4,1.3515679979842181
AQP3,-1.1326390573487615,5.37533790206965,-4.10750151318995,5.5363088359580576e-5,3.334912293479892e-4,0.8904492782700224
RAPSN,1.0970876789462816,-0.9110061041845661,4.105954573236495,5.5709689918708173e-5,3.3540424066964993e-4,1.443998883590286
AL357507.1,1.7348001303248084,-2.4513962712544224,4.105936843681544,5.571367430135495e-5,3.3540424066964993e-4,1.5219309974866482
IL19,-1.5647071530583796,0.9716714314753013,-4.10368920807209,5.622099426995358e-5,0.00033795784902174994,1.3844090934678421
NEU4,1.4070820192673104,-1.5803878617532763,4.101816878343769,5.664696228392686e-5,3.403171331535706e-4,1.4727698299783976
RNF150,1.0764999375258921,4.188277715069592,4.100386925478639,5.6974356794702826e-5,3.417958371976453e-4,0.954559786372247
PKD1L1,-1.0811787849427246,0.10349623136581053,-4.100166249747168,5.702504193430087e-5,3.4188110686511234e-4,1.387847607352958
LINC02594,1.1897087509634148,-2.2055967178366087,4.09522994326277,5.817011861620644e-5,3.4772043845758224e-4,1.4757382315473775
PLXNA4,1.6058138165052727,2.3812680449259434,4.093199496488022,5.8647455077305195e-05,3.5047070773041775e-4,1.135955437618616
OTOG,1.5771735000974163,-1.8209245908207403,4.092261856616509,5.88691421482951e-5,3.514854421333577e-4,1.470405665114705
NCCRP1,1.6059977264802312,1.1995905309057286,4.091246223438161,5.91101702452594e-5,3.528208810762561e-4,1.2345380248799707
MT1H,1.264091391390289,-0.26209970714590536,4.091161254133535,5.9130377573791234e-5,3.528378725219416e-4,1.3335124466859325
AL136985.3,1.1313516367019905,-2.3441674598331264,4.090038096038084,5.939810554402358e-5,3.5422743458824385e-4,1.4960521046511737
MYOM3,1.3484452474250657,-0.292059975939689,4.089729418352651,5.947188739643179e-5,3.545634025946259e-4,1.3462703944939074
INSRR,1.2006643004681299,-2.241917188149547,4.086492964571862,6.025075972105673e-5,3.5889110216024534e-4,1.4584311173837161
NCMAP,-1.1103061039043838,4.377185851198407,-4.084259065570325,6.07940210360892e-5,3.61703068951252e-4,0.9486380815659361
GAL,1.48664908237182,-0.610267224926259,4.08043801056912,6.173409893688714e-5,3.6686661602143106e-4,1.3253483670192274
HHATL-AS1,-1.3510056225182918,-3.001818912808579,-4.080211920111347,6.179015483928766e-5,3.669851276895624e-4,1.5057252463621564
TNS4,-1.4219901274149214,2.7727767626334843,-4.077560170853904,6.245124885691095e-5,3.699385548725906e-4,1.129046460303802
SYN3,1.1294469180732556,-1.087122521218392,4.076984608203237,6.259562683773826e-5,3.705777803233884e-4,1.3583719453024408
IL4I1,1.112636128362542,5.724055477671008,4.076607311480557,6.269044296621817e-5,3.7103103169639433e-4,0.7003897531299739
AL139288.1,1.0790677086167768,-0.7120287959496484,4.072583820854718,6.371010862499759e-5,3.761894967154128e-4,1.3402464177288484
PXDN,1.0547276089776991,5.8641165157387185,4.0718389653325,6.390060100639777e-5,3.7698572274427527e-4,0.6693855651044229
BPIFB2,-2.8146238234010585,-1.0461747231670668,-4.0717002605306245,6.393613381201005e-5,3.7708589193130945e-4,1.4144252694616064
GRM4,1.1066240398649676,-0.008755398527528135,4.067537731584555,6.501127322844161e-5,3.8242810914467364e-4,1.2356592941590439
AC110285.2,-1.6784788590378095,-0.2934285419847558,-4.063292534261839,6.612549038682984e-5,3.8830813829006925e-4,1.2860324148514142
SCN5A,1.0998998644393962,1.3480175574484503,4.062491314062644,6.633781315966733e-5,3.893299782434533e-4,1.1613886867704037
CPS1,1.2187895465523888,-0.25092602500421896,4.061775656573157,6.652801074235932e-5,3.8999575723325957e-4,1.2201773256998658
MAB21L4,1.1703697088532246,3.1075875897344964,4.061261770659361,6.666490449900031e-5,3.905729371685449e-4,0.9559197790280072
NXPH4,1.3695545010620604,1.812446366486342,4.059979698102283,6.700760556401245e-5,3.921285849360751e-4,1.0046040733954182
AC007336.1,-1.0659444907493394,-2.395251841847681,-4.0561819654755435,6.80326218465939e-5,3.968266137006427e-4,1.39500101940137
KIAA1549L,1.363669606562075,0.08114686388845734,4.056137492879868,6.804471308535425e-5,3.968266137006427e-4,1.1900203272955574
CYS1,1.416465969063744,1.2894707163180001,4.052460002277858,6.905166357710594e-5,4.021220660576221e-4,1.072862275635381
AC068631.1,1.119658723967586,-2.1124400752438404,4.049123782989159,6.997743029000158e-5,4.0681387105663395e-4,1.3255595348959952
TRIM58,1.6705615269660075,-0.07076735097153623,4.042436917535049,7.1868667642068e-5,4.166168856695351e-4,1.1857778274629442
AL353747.2,-1.1506850151565309,-2.6028869231978646,-4.040654801520256,7.238085455891096e-5,4.1934677538634727e-4,1.3532437712542578
BMX,-1.2908619794427376,0.01139996869594033,-4.038174682654493,7.309943573152356e-5,4.227868331836895e-4,1.1944338843632103
ECEL1,-1.5689691190977473,4.240947412317936,-4.03608964245183,7.370879737302665e-5,4.259475683279481e-4,0.8062604117649652
LINC02323,1.1200032874397925,-2.0949759235891587,4.034468384175988,7.41859550587894e-5,4.278533912073881e-4,1.2671900977191122
LPAR3,1.5742649034375535,3.7539945576725464,4.0341924667640905,7.4267453383824e-5,4.2820190711286216e-4,0.7470282886180044
RASD1,-1.2310884284674062,5.966378864947753,-4.033893569830158,7.435583537416862e-5,4.285899030472498e-4,0.5543594077300931
LRRC34,1.0405005796477726,0.32935017259582744,4.032000425261782,7.49179559235553e-5,4.315851859949938e-4,1.1201360153789919
CCL22,-1.2301344849739217,1.2139926240983587,-4.028088115620785,7.609245726246532e-5,4.3773085236409434e-4,1.0544815958457896
SRPX,1.006035206491716,1.2785855346309551,4.027880707127329,7.615520924682998e-5,4.3785570003032794e-4,1.0047989453772042
CLCA4,-1.7333627139191863,-1.5347559841700673,-4.027873972769485,7.615724756973083e-5,4.3785570003032794e-4,1.2738709479988914
ANO5,1.1964569373658616,-0.15238455640084694,4.0278001475492955,7.617959603528199e-5,4.378603251756423e-4,1.1314632305744432
HOXB8,1.417724340368081,5.434999136724109,4.0266505178724366,7.652841974453104e-5,4.3961662037531057e-4,0.5669428084473562
NKAIN1,1.3303381001809411,-0.4763832000998646,4.022972659808792,7.765460334134421e-5,4.454564375697092e-4,1.1087873311914205
LYPD1,1.500537508083105,2.4720433985608308,4.021593465714293,7.808097297306648e-5,4.473971510303364e-4,0.88599117461417
PTGS2,-1.6768650086223582,2.01437147391983,-4.020192875427188,7.851623615970088e-5,4.495109813266931e-4,0.9907403443658627
ICOS,-1.0604869503295697,-0.7214133294575575,-4.0190559243121164,7.887126457218961e-5,4.5128929649920654e-4,1.129199267655265
PRKCG,1.7270738229247,-0.5739415179275036,4.017932809127479,7.92234718028147e-5,4.531769887195063e-4,1.1076936183153085
MUC13,-2.3329224461415614,2.8538144071040774,-4.016897153613389,7.954957754268877e-5,4.545306758441402e-4,0.9497591489833068
KIRREL2,1.3116854108823097,-1.9089404960491112,4.015736443704309,7.991657788062481e-5,4.561147230681883e-4,1.1663157077798019
IRX5,-1.4513407395105453,-0.05042929461559713,-4.013994745233709,8.047030216752842e-5,4.591461036644715e-4,1.0851893023466017
EXOC3L4,1.2575200493222467,-0.3843044189758426,4.011306302261012,8.133218815844821e-5,4.635432956063661e-4,1.0458285226814024
DLG2,-1.0633904288374096,0.19221226490672824,-4.010139085124211,8.170911303443907e-5,4.654304970044674e-4,1.0615461940637383
TNFAIP6,1.0543360376144157,-0.37038915520370874,4.0094880311243655,8.192007666578678e-5,4.663707669903223e-4,1.0577602959967374
OMG,-2.322423686028042,1.3333852566923852,-4.009339488595399,8.196828203502259e-5,4.6651452368518594e-4,1.0622805482028488
EFNB3,1.2167326221290686,2.915344110152185,4.004977075922153,8.339607454789706e-5,4.73844511912625e-4,0.7325960927259487
THSD4,1.2349519457808942,5.944130102561167,4.002671995857077,8.416003444407946e-5,4.7765108630032696e-4,0.438066651500189
PPP1R1B,-1.4387731888703401,5.772961149079134,-4.001000668925467,8.471811062253801e-5,4.8001418463687276e-4,0.46331966391996726
DDC,1.7702922268778818,-2.2752318509402882,3.9974763861687475,8.590646798671106e-5,4.862052507273505e-4,1.111687217135625
AC004585.1,-1.077067282206347,-1.4375785940560222,-3.9963304128713983,8.62962834776435e-5,4.8813962298904166e-4,1.1123754745966892
FAM167A,1.1935247771589148,2.1381428696196023,3.9888554229488644,8.888055392008935e-5,5.003901323744865e-4,0.7853518746934638
TMEM213,-1.9321081635240556,-0.035967374605083736,-3.985379196425463,9.010727303301901e-5,5.065948041834241e-4,1.0264433227238285
SLC13A5,1.8267460619969027,-0.8453928486502258,3.975995945468388,9.349937954520118e-5,5.234934958337931e-4,1.0017713443925498
PPP4R4,1.2214699086022354,-1.6185842261754297,3.975644895759418,9.362861231667138e-5,5.24072684308463e-4,1.039900134321984
AL731533.3,1.368712119514487,-2.054995716829929,3.967301338223833,9.675058312468776e-5,5.393194875003165e-4,1.0158730258283084
NPTX2,1.1176205215979578,2.7632458121238543,3.964605677281703,9.7780206333892e-5,5.441634483926672e-4,0.6020546423675555
AC016769.5,1.805170536743089,-2.295112280079694,3.962783311171848,9.84821588148557e-5,5.479199002882911e-4,1.017884365308757
TMEM101,-1.4224043244718958,6.3065184824270455,-3.959467959291035,9.977148639444846e-5,5.538802757390797e-4,0.2941337394702943
SPAG16,1.0969465148891975,2.8382002950001834,3.957893473093543,1.0038939941655019e-4,5.570063209778777e-4,0.6321404003334115
OCA2,1.4996270909271427,0.4055098745902707,3.9573091539284846,1.0061964130756922e-4,5.581314383010472e-4,0.7962989013109691
CBS,1.4068131605981382,-1.5580016604206937,3.9567398648521195,1.0084444323270366e-4,5.592257746961717e-4,0.9217593732653375
CD3E,-1.0399755211147528,3.498144667640572,-3.952500239219677,1.0253366519363492e-4,5.679733473413562e-4,0.5007005994291491
SPINK4,-1.5178794045096544,-2.097207831097906,-3.9482376192395243,1.042591241483051e-4,5.762747998885376e-4,1.0009520037336985
AC090004.2,-1.4247085621334075,1.6076816196030346,-3.9465869557216546,1.0493467233065497e-4,5.795359457739759e-4,0.7423019492949585
NPTX1,-1.3456422305511102,-0.5425776796147345,-3.9431420138072,1.06357959903398e-4,5.862813065030271e-4,0.8792917473052277
AL592546.2,-1.08629454415904,-2.154972061118094,-3.9422809310737508,1.0671657210087697e-4,5.879391735912777e-4,0.9571465429130042
AMN,1.2022742052977518,2.276466014819337,3.9414938553505623,1.0704536707404221e-4,5.895907968598466e-4,0.5204918728057777
SLC12A3,1.467382272715066,-0.9866030445803061,3.9377552040823254,1.0862034135377015e-4,5.968098993441537e-4,0.8310657342786367
COL23A1,1.1830094567590943,2.252980990853717,3.937154901161519,1.0887527096745844e-4,5.980489208493582e-4,0.4905860886130178
CD27,-1.0542502380955994,0.8960237731931819,-3.932479857978692,1.108801439917007e-4,6.080755657008433e-4,0.710724474783369
EDA2R,-1.0125680051770156,0.5468556584028161,-3.930406655702839,1.1178040241115574e-4,6.125168235654703e-4,0.7704975697959204
LPO,1.420112953733402,-1.2654389991083543,3.9252066014585387,1.1406908102823558e-4,6.237126722673823e-4,0.8186241313123519
GALNT13,1.4187653303662944,-1.6915430118796049,3.922095249372263,1.1545966374693092e-4,6.301294860345392e-4,0.8258960523196341
COL6A4P2,1.3864188584727768,-1.2796817854083657,3.9208435495336986,1.1602362258644106e-4,6.325279252808015e-4,0.82666452150812475
ART3,-1.4166756292715794,-1.3195145330664924,-3.919288026216733,1.1672811428627661e-4,6.358059157408686e-4,0.8742332767230483
HGC6.3,1.437823722639571,-2.5398554729730645,3.913967334705302,1.1916865761109315e-4,6.466502258418893e-4,0.863210082462607
CTLA4,-1.2153228764301516,0.17055620773123678,-3.9106931629207393,1.2069446917866434e-4,6.539574491034855e-4,0.6971571456886059
NRN1,-1.29206554738353,3.335606402185941,-3.9100420865308587,1.2100008173827339e-4,6.552209391943758e-4,0.37460641929112626
B3GAT1-DT,-2.279554408308387,1.3969555354851326,-3.9097130164391887,1.2115482508643837e-4,6.554034242897986e-4,0.6787685677065394
ALOX12B,1.3646006477774781,-2.1020767012311232,3.899588936645071,1.2600841259316503e-4,6.779054189025513e-4,0.7703974316588207
AL713852.1,-1.6285407306333963,-0.10772115267045299,-3.8966194702648456,1.2746662966127168e-4,6.83416600434558e-4,0.7140064782671072
LRFN5,1.449589359180427,-1.112977090589391,3.896484999217797,1.275330417958852e-4,6.83416600434558e-4,0.6948456985882334
AC117489.1,-1.05292106275127,-1.8525504077797397,-3.896463324455119,1.275437495300275e-4,6.83416600434558e-4,0.8010135897856747
RNASE4,-1.1366561805958226,-2.018548912141775,-3.8933990826900655,1.290661539402758e-4,6.906636420964101e-4,0.7816925743149516
CXCL13,-1.8261887179388323,0.610819510922794,-3.892178797018256,1.2967721279472463e-4,6.935683349578904e-4,0.5424787213548425
METTL24,1.4192024083249282,0.525494975762292,3.888411571796542,1.3158101054226273e-4,7.020878073670117e-4,0.565657794880118
PIP,-1.827308310637795,-2.846897129922497,-3.881402540191857,1.3519382521307412e-4,7.197207395358861e-4,0.7799455003208573
FUT6,-2.058592337909266,1.023403550044497,-3.878919929247601,1.3649589871652903e-4,7.258353337296536e-4,0.5610441855926549
EGR3,-1.1135511359527803,2.663783063145878,-3.8772771520894573,1.3736402561190377e-4,7.297497173665207e-4,0.3719022168183823
CALCB,1.5202234860619976,-1.9923573459556663,3.87125433202913,1.4059177610576328e-4,7.446395925404114e-4,0.6241806796759919
BTNL9,1.3257300087491737,1.757897483424761,3.868462540869337,1.421122200605201e-4,7.511804318621614e-4,0.35911633734024306
FLRT3,1.236652514527224,1.7363520391999199,3.865941676832136,1.4349849217391828e-4,7.577197596629554e-4,0.39879977917404297
BCL2L15,-1.472763366630997,2.753634411064739,-3.8627157058035464,1.452912172746253e-4,7.655946849596797e-4,0.371395244962331
AP003032.1,-1.0671625941954501,-2.3064500726346275,-3.8542006011251413,1.5012570521601135e-4,7.884121015013474e-4,0.6514685711585431
CCDC160,-1.1609323772573488,1.641036714039979,-3.8539600149984756,1.5026448843769648e-4,7.889370868012771e-4,0.43273236480131594
LIPH,1.3178991721277247,0.6003772017297162,3.85274794916619,1.509655250496725e-4,7.922084510998048e-4,0.42890818368371075
AC023794.3,1.2448491015997762,-2.2128008111605344,3.8515425143897795,1.5166579893470715e-4,7.947795464727254e-4,0.6222643685053146
ADGRF1,1.2850556520030316,1.7568997142708433,3.8492687074087484,1.529951086410984e-4,8.009975754821443e-4,0.30814571435323845
EEF1A2,1.8361720368873597,0.009227775080631568,3.848730784736345,1.5331119877508775e-4,8.022391359178381e-4,0.40389363379817755
AC013724.1,-2.4447194074793273,-0.8038178146978511,-3.8464195525798983,1.5467636084817076e-4,8.084933095274815e-4,0.633478228208495
CCDC158,1.0181849304199053,-2.13764584177422,3.845817872965414,1.5503363599168494e-4,8.100009300501297e-4,0.6056116543077188
SLC30A3,1.2603353838160505,-1.2633341649704024,3.844920245185229,1.5556809743969992e-4,8.119584007099283e-4,0.5108158827172344
MAT1A,1.2776979651795304,1.270285237148495,3.844806591821784,1.556358927560184e-4,8.121036930355118e-4,0.3360132425061382
PANTR1,1.586179154824761,-2.8624089293670365,3.842682458301423,1.5690811962577056e-4,8.181120121277992e-4,0.5968608629382661
DYNC1I1,-1.3886133536383245,2.601023272947476,-3.8420740295985305,1.5727434240256057e-4,8.196009576896515e-4,0.2921328598106614
ADARB2,1.2136946764620151,-1.2745574223669736,3.8367534080762677,1.605115851538355e-4,8.341185008096529e-4,0.4999012766318822
IGHV2-70,-1.8895132677266715,-1.5940234851624242,-3.83065228793537,1.6430136290179875e-4,8.522871106728325e-4,0.5214571616136974
ABCA10,-1.083317636830001,-0.20604569080020108,-3.8297016726776456,1.6489942314957168e-4,8.547614364253399e-4,0.447059006785957
PTCHD4,-1.4293387669426363,-0.9777740212016091,-3.824400136281999,1.6827275916857186e-4,8.70001413722222e-4,0.5007537808012907
PDGFRA,-1.141495888394942,3.8613719444363515,-3.8234985617650303,1.6885288617973342e-4,8.725568417790242e-4,0.025642677515818946
CXCR3,-1.05507436958854,1.7011248930277645,-3.8232558725316483,1.6900937009629006e-4,8.731434768268936e-4,0.2501610521078588
LRRC37A5P,-1.0208992834406714,-1.4991443641092157,-3.8210212906583347,1.7045667512605056e-4,8.793019140150882e-4,0.5084304441464349
AC093904.4,1.4341506225208522,-1.1706074945347524,3.8197867238211267,1.7126130913084576e-4,8.825341903588512e-4,0.4364029933251823
MSLN,1.7856195922604439,6.110706402392975,3.8192361185485373,1.716213265388398e-4,8.84165232085014e-4,-0.2670805833115377
IFITM3P4,1.0390006692293317,-1.1341256487109344,3.81903477616281,1.7175315456534015e-4,8.844961992000592e-4,0.43482030025561613
LINC02701,-1.1184658553427769,-0.03161495392600869,-3.818821194036747,1.7189310127451113e-4,8.846683692841641e-4,0.4080031591089446
B3GALT5-AS1,-1.598268750532553,0.6689238084298674,-3.8158286204493086,1.7386532985653498e-4,8.932353296269508e-4,0.3552128873300653
ACTN2,1.060735985716301,-2.2029866815417685,3.8125530701101975,1.760485961313065e-4,9.02217884263078e-4,0.4627289668504506
CPM,-1.2670542096803503,6.019504096816051,-3.811184655386694,1.7696835375660913e-4,9.052868919580479e-4,-0.23560498902154858
FOXC2,-1.4933144485908783,-2.235011587944465,-3.808628575524632,1.786985747411365e-4,9.125301088037331e-4,0.48381991453882467
TNFRSF10C,-1.0896844061011937,0.1324717370375524,-3.8067428793640605,1.7998525821224284e-4,9.181778082092429e-4,0.3636594725301583
AL355601.1,-1.423653198855651,-2.4773586494134534,-3.8044595838433617,1.8155497408514718e-4,9.254886614764313e-4,0.5134232037085331
MMP17,-1.321459089250053,1.607550742301303,-3.80368357346791,1.8209140728319589e-4,9.277577742852026e-4,0.20614333908734483
AC009271.1,1.4183757304883005,-2.5886712673370122,3.8033719184362034,1.8230726706266182e-4,9.286247859101602e-4,0.4718135248183666
PLEKHG7,-1.305519670030709,0.6936428342195681,-3.8028090929054787,1.826977071527236e-4,9.303804059563905e-4,0.31990922828779844
KBTBD12,1.8891334748398971,-0.6927996173148885,3.801863225513079,1.833556514708671e-4,9.330296095377824e-4,0.3795591382600003
ST8SIA2,1.5830852691302297,0.7871074609911161,3.7979651551707936,1.8609087575453527e-4,9.448191253647702e-4,0.2414263995779411
LINC02166,-1.0984641670585438,0.6221021310960968,-3.793894808500357,1.8898815671651448e-4,9.573766941940279e-4,0.273982085951177
SAMD11,1.0886027316726983,3.3744530673627118,3.793748845779899,1.8909284162859605e-4,9.576683063193587e-4,-0.08850676764733478
PAX6,-1.780818660956157,-0.47108056852971403,-3.7929885009262336,1.8963905096078747e-4,9.601953342618446e-4,0.30960638433954735
KLRB1,-1.004159857895982,0.11318554941900802,-3.786263706127322,1.9453534167271897e-4,9.805893561895685e-4,0.26145402412654306
VWA5B1,1.3493261884231356,-2.094758711739418,3.784922948341787,1.9552572964662832e-4,9.848488052882462e-4,0.38061290153132177
CCDC146,-1.067193521056792,4.498332239848188,-3.7845056074595003,1.958349819274607e-4,9.856736435596115e-4,-0.19328044247148757
CYP11A1,1.2129513826696479,-0.37929753615007106,3.783803702774244,1.963561412393333e-4,9.875630325533802e-4,0.24538098473472036
AL021328.1,-1.5186462355160064,-1.8437040204286972,-3.7820226716960055,1.9768443682558523e-4,9.928049056382186e-4,0.38846380925494106
KLK13,1.301358991263177,1.050038005077158,3.782013270384935,1.9769147082847227e-4,9.928049056382186e-4,0.14837796082354604
TMPRSS13,-1.0849990175260351,4.655104724486203,-3.780109750804373,1.99120557955505e-4,9.985014112725596e-4,-0.23346281182210493
SLIT1,1.1047235417351002,-0.16543246069695233,3.7795129574769937,1.995706144179141e-4,0.0010005113881178308,0.20463169068936082
GJB2,-1.23028416753858,4.280321637201535,-3.775063822378673,2.0295625682037284e-4,0.0010154807886797778,-0.19039782309014353
PRR16,-1.0277453094108588,0.35701825610628746,-3.774651046467319,2.0327310320868817e-4,0.0010165655879954179,0.190758817180539
CBSL,1.3838283725912572,-3.306105517746062,3.7715571078029893,2.0566294005135713e-4,0.0010267486105634445,0.3722187936862982
NRTN,-1.19224432618726,3.008595413146629,-3.7705652009540414,2.064347200343371e-4,0.0010293428746046837,-0.056372719923558634
AC010643.1,1.0707012271293368,0.754363612697953,3.7705637928397455,2.0643581759932547e-4,0.0010293428746046837,0.14323810175997842
HNF1A,-1.6548587544285924,1.2431404090737912,-3.768525629898932,2.0803027434320752e-4,0.0010352613358842677,0.15547502237843247
AL713998.1,1.3484019284419235,-2.2485456134179596,3.766349104266304,2.097458221146736e-4,0.0010429106967927287,0.31320454117754526
DNAH9,-1.774848670317386,2.7110847608908513,-3.7663152268776265,2.0977262982132823e-4,0.0010429106967927287,0.07709831954618096
AC084262.2,-1.153721835444947,-2.525467334181971,-3.765277641582766,2.1059525756030135e-4,0.0010464885121407247,0.3649000539165117
ALOX15,-1.680638755835333,0.1014309117909909,-3.761861464046946,2.133253002140693e-4,0.0010582434468027202,0.19102438704160818
RND2,1.1241107972872575,2.439781081903488,3.7576655935756835,2.1672421155631352e-4,0.001072747899578791,-0.10782766423981993
AC005082.1,1.378623943185906,2.287134059713499,3.7563832353102176,2.177731682558995e-4,0.0010776775923138303,-0.07020564235697169
GALNT17,1.5344674624292345,1.020037486921635,3.7552556346270944,2.1869949692122724e-4,0.001081734868685087,0.04430128313762882
H3C8,1.1848339172603506,-0.510534364435112,3.754186774044831,2.1958100660742942e-4,0.0010855666208439297,0.1648280270739031
SIRPG,-1.113138801846395,0.45895941357092074,-3.7531334342804463,2.204529996381838e-4,0.0010893476208719785,0.09558027455699758
CCL25,1.1946158873111028,-1.8760294713462304,3.7527583427135762,2.2076430332472932e-4,0.001090355698850984,0.24502504428923633
WFDC21P,1.3077818666612544,-0.12468575456855355,3.751177361534087,2.2208099411763523e-4,0.0010965923528782357,0.11315323554940004
AL645608.2,1.2268208327589238,-1.7559468308719968,3.7479909701798837,2.2475729959384885e-4,0.0011089316459520317,0.2112224140746468
B3GNT3,1.2507064452982717,3.7996336191338917,3.7472145911665957,2.2541399482614265e-4,0.0011111603276367991,-0.39742507608609046
IGLV3-10,-1.897996871083092,0.15947462382761118,-3.746725441830289,2.2582866897983802e-4,0.001112934497659124,0.10175228265638125
SFRP5,1.8486383279330343,-0.6919217294081018,3.744062207635057,2.2809908588699044e-4,0.0011227623689918126,0.17290231556569857
ZNF474,-1.3361065511511863,0.28443364017588296,-3.7428323795985396,2.2915478045722743e-4,0.0011270099257994406,0.14003054093649236
HS3ST3B1,-1.0863219474051027,1.8624093790501715,-3.7390525132703916,2.3242841345914942e-4,0.001140206390331584,-0.007694155532767866
LDOC1,1.218578684856542,4.781559844837111,3.733773171913276,2.3707468928879327e-4,0.0011579682732769608,-0.4945848853871624
MUC15,1.6481184528977422,-1.4738941055411876,3.7327265559316967,2.3800615905578422e-4,0.001161959446709046,0.12143192204927011
FTCD,1.1772127185563868,-0.9400646736743211,3.730640757422266,2.398727988092979e-4,0.0011693870863516839,0.09110389318829348
ACP7,1.4799472127738107,-2.3765410023889064,3.729625686596545,2.40786206700295e-4,0.0011735584808097832,0.19062565444443624
SDK1,1.0288351226172248,4.74392576624278,3.726250535517298,2.43846994904478e-4,0.001186768755852158,-0.4802289367094872
ANXA2R,-1.0093922925006507,1.8592141608784818,-3.7258572246885784,2.442060527838638e-4,0.0011879472993727258,-0.08961667280120622
CDH13,-1.035141009203993,1.0202964089090567,-3.7203648664609545,2.492725305703681e-4,0.0012082114159198238,-0.04008224355998813
CYTL1,1.4562343853304314,-0.3033619797361849,3.71894608797741,2.5059733126848695e-4,0.001212129244169282,0.05248869275614343
INHBE,1.176663200684541,-2.245362133044954,3.718273887435737,2.5122732396244446e-4,0.0012142554416677102,0.10900977880464158
AC093458.2,-1.1565522316736168,-1.5205801351267667,-3.7176076062778414,2.5185324396165265e-4,0.0012167020038689395,0.15426215383913355
C3orf14,1.1316316163906526,0.42236668542269035,3.7161290233502684,2.5324752062198054e-4,0.0012219854247676003,-0.03188922036104813
SCEL,1.5471091569390978,0.3684643115803044,3.715795857542772,2.5356269404220244e-4,0.0012232158067205607,-0.04923262136835671
IL1RL1,-1.063871718471002,-1.7857666786445352,-3.7133554289589115,2.5588264189023137e-4,0.00123382178262801,0.1226738210208298
SV2B,1.0046651882633497,-2.467453328212821,3.7128435189324374,2.563718146454702e-4,0.0012350084761447112,0.14787475309425613
AC027348.1,1.1247778721563884,-1.858453575270498,3.7081027627690917,2.6094412500878977e-4,0.0012552622712354718,0.09557853161167706
CCL24,-1.36968087435009,-0.327154728834695,-3.7073038160108704,2.617222203985388e-4,0.0012583453180354924,0.03662423575700391
PROX1-AS1,-1.5317964447658865,-2.263371362632627,-3.704527777957052,2.644428607620422e-4,0.0012687763697185426,0.14652077653684525
NME5,-1.088994462446847,2.747512396256559,-3.703598583417203,2.6535945767887587e-4,0.0012719730230814795,-0.20627633063187467
SLC1A2,-1.0675705740241075,1.2862348638811536,-3.697166986764052,2.717865156122834e-4,0.0012964972576428545,-0.10755668810005581
AC011447.7,1.5399589560364426,0.5253454338020229,3.6967157708713443,2.722428818635908e-4,0.001297927358901154,-0.14408089071590702
RBM24,-1.163769185958579,1.4322434053357622,-3.6922354151475876,2.768137702963651e-4,0.001316630720220764,-0.14068705329096165
RTN4RL2,-1.1142366862371256,1.3825765159971681,-3.691434243919006,2.7763872158533405e-4,0.001319936696491305,-0.19545427473853305
AC027250.2,-1.3220880458706417,-0.4905412395802685,-3.683673436010917,2.8575079372983027e-4,0.0013547000540622977,-0.008949230921016849
AL121821.2,1.344415256040595,-2.459288090809564,3.6828851866850996,2.8658710753159044e-4,0.001357714772371106,0.05878444888127188
NEK10,-1.1460415928891192,0.7060703404034582,-3.682428002718739,2.870732257756375e-4,0.0013587508711374143,-0.11119675072075985
NECAB1,1.0817300897397142,-1.4566060800936655,3.676774967555313,2.931486288767645e-4,0.001381714455772579,-0.04698045052826316
AC022509.2,1.370064988740356,-1.2099512477168286,3.670882112751563,2.996106811936426e-4,0.001408579108160905,-0.06975753718933575
DISP3,-1.554015339620367,1.0709331716639903,-3.6703728094769428,3.0017543756218507e-4,0.001410581640003202,-0.17610813651579882
AZU1,-1.7658894564987242,-1.4625999995708598,-3.669454927069555,3.0119579380570957e-4,0.0014149036834134592,0.01764459138451091
PNMA2,1.075966998721111,-1.303335646513188,3.668169182992606,3.026305782464803e-4,0.0014204766448686987,-0.09555203444378613
AC034243.1,-1.1497893225689693,-1.1293001370302538,-3.668100719668963,3.027071580219718e-4,0.0014205080303944944,-0.05825949616366355
SLC1A3,1.0474794782075274,2.998719491293337,3.6675552005751597,3.0331800226603356e-4,0.0014223892658179202,-0.47495391336317816
AC092296.2,1.0256336164482536,-1.8281852856122953,3.6664901619379897,3.0451392735690553e-4,0.001426351938142832,-0.045071848660462877
TH,1.1236537645745523,-1.8571961793892005,3.666194535069817,3.048466719913615e-4,0.0014275815118784403,-0.06945645240956733
FLG,1.4361826437230159,-1.7904318979601537,3.663039397854876,3.084193648064281e-4,0.0014426502118126223,-0.07140468105264208
SLC18A3,1.7491466631457753,-2.3133765366267935,3.6577189708660467,3.145334183904137e-4,0.0014661874301299925,-0.052777958757111776
FASLG,-1.066105322916464,-0.40587474645125365,-3.6550256967539076,3.1767179967346715e-4,0.0014787818727813892,-0.16079587886742708
EPHA6,1.2163305069033108,-2.1567496326867346,3.654515308663386,3.1826985299825453e-4,0.0014808874753517688,-0.09645087154689413
LINC02870,1.1961347592131808,-1.4640991717119698,3.6539672930362843,3.1891317763849673e-4,0.0014828623706988806,-0.15576538339392343
HMGA2,1.4962910915640295,2.856404505882898,3.6451964349698533,3.293775992828361e-4,0.0015262814244925583,-0.5837191747765766
WNT2,-1.0863133207817208,3.282658192038344,-3.6438831726641396,3.309719994332011e-4,0.0015322721905422275,-0.5366261355257604
SULT4A1,1.498018634979995,1.116814603004608,3.6417935090554687,3.335240026441742e-4,0.0015422617325188464,-0.3316089334592549
LDHC,1.3913796030725043,-2.3986724242270885,3.637470008928348,3.3886302784196757e-4,0.001562398406955569,-0.10889200857017389
IGSF5,-1.146618814794021,-1.418894810916357,-3.6362643236142005,3.403661993078103e-4,0.0015689731537155676,-0.13530297494294174
AL589745.1,1.032212089831523,-1.8838181523662145,3.6350886208414326,3.418380347286746e-4,0.0015748965996832444,-0.1325566094327586
CXCL3,-1.291869133071803,2.042275025300577,-3.6349654152379305,3.4199261941566134e-4,0.0015748965996832444,-0.39180627851223804
TMEM211,-1.5434034102643182,0.57305683434148,-3.6347644270985766,3.422449382474001e-4,0.001575489496022686,-0.28142368686128716
DRD2,1.274023171198382,-0.8476579942681504,3.632127609988855,3.455714512261697e-4,0.0015897070441353708,-0.23209029200145714
RNASE7,-1.2821411842649963,-3.047780796164013,-3.632068554116986,3.456463013203209e-4,0.0015897070441353708,-0.06566706451653559
MMP26,-2.5797331640001104,-1.3810682464210609,-3.631206221402998,3.467410010383617e-4,0.0015936599061745055,-0.11348860692029561
AC106900.1,1.2246646088083457,-2.6625260821229317,3.627179737423637,3.518958134717451e-4,0.001612974856337336,-0.12430081742134913
KLK3,1.4343251693919494,-2.485928167657384,3.617901336639792,3.640502096296646e-4,0.0016615666877415904,-0.16053616259017378
GFRA1,1.2717388195228898,0.7322746625487847,3.615300511659473,3.6752744462372215e-4,0.0016744290034818492,-0.43023188260135825
LINC02198,-1.0743803021145313,-1.5835177372679263,-3.611981368553215,3.720104516812119e-4,0.0016918954114921471,-0.19679921140104195
EPHA7,-1.5982014931602928,2.9179074719530145,-3.6115972001979233,3.72532638644951e-4,0.0016934362218340383,-0.5684337669816317
GPR37,-1.1047134272862529,1.482262659350289,-3.6047667634894935,3.819329339339692e-4,0.0017288207013973253,-0.4675410446989785
THSD7B,1.3265456480100386,0.2483799483753358,3.6036735716334323,3.834579799112254e-4,0.001734564875075839,-0.39486292133248924
SFTPD,1.0153556302217872,-0.09554686515648399,3.599920146519969,3.8873786361314665e-4,0.0017553228927068634,-0.39402775015804004
SP3P,-1.7094168969947678,-2.8093347722822277,-3.5986000807597103,3.90610975800928e-4,0.001762997439968479,-0.18472529943596427
TNF,1.0791627612504429,1.3363089274725821,3.596084132716315,3.9420451790571424e-4,0.001777637590839968,-0.5308500372256315
SERPINA6,-2.47651476471909,1.0532213927464404,-3.59575015632645,3.9468386881214875e-4,0.0017789380320856177,-0.3501224024405518
RHBG,1.1086002886563044,-1.9094152201206471,3.5936741384782027,3.9767585863117045e-4,0.0017889252215183506,-0.2984581591975246
KRTAP5-AS1,-1.028908175416967,-0.32490731517715715,-3.591261092300329,4.0118037837420106e-4,0.0018034925923639158,-0.37468822051017625
HOTAIR,-1.4180234055233212,-2.409494792295796,-3.584954502896703,4.104771871741846e-4,0.0018399952254362873,-0.2774828477378408
KLRK1-AS1,-1.0422621697675742,-0.2498312841611216,-3.582387442709634,4.1431908470727246e-4,0.0018531296385542707,-0.41367961271424303
AF131215.5,1.1045591020568757,-1.0880888205673334,3.579020395312146,4.1940950910580025e-4,0.0018726008047157917,-0.39157776026836366
NPC1L1,1.3329245648727241,-0.4761481469876915,3.577692601953639,4.214330292538278e-4,0.0018791280172543842,-0.4398328976657657
C8orf34-AS1,-1.2459752405336846,1.5378243911595266,-3.5776170489288996,4.215484454146046e-4,0.0018791280172543842,-0.5522593597883452
AC026336.3,-2.1105722780606557,2.547358571691147,-3.5774278746192483,4.2183756181789325e-4,0.001879313153526274,-0.5542671907855077
MUC7,-1.6412862679426539,-3.1961929298192846,-3.5746895492784545,4.260434905677558e-4,0.0018943136955368778,-0.25302321647702364
AL359764.2,-1.4427535302543566,-2.356769947966195,-3.5734181572269716,4.280096514446199e-4,0.0019022235197814247,-0.31144972097923507
HOXC11,-1.6679678112748855,-1.902083412236193,-3.56945388506592,4.3419513307717706e-4,0.0019263440045100518,-0.38166328022047313
SDK2,1.1354211419371958,3.2168551035306563,3.568896197708174,4.350720053897384e-4,0.0019293919785164835,-0.820193406288217
LRRC36,-1.0168353570993032,0.6252582659955651,-3.567284785956314,4.376150458068824e-4,0.0019385545315996247,-0.5037994415845226
COL28A1,-1.0799542393164718,1.9217866199476494,-3.567010644610005,4.380490679846399e-4,0.0019396316465620526,-0.600580214282652
CHST8,1.0411012103441473,-2.249839315422139,3.566498880655376,4.3886037800881626e-4,0.0019423776835041772,-0.3517445672524069
CPNE4,1.279393509516054,-1.3680473381830365,3.5660898107557615,4.3950989997711414e-4,0.0019448289151175414,-0.4495142962367211
WASIR2,-1.0811002815056105,-1.5703977015741102,-3.56278885298802,4.447843115128329e-4,0.0019634657574254593,-0.40394294824682486
TMEM132B,1.0606853758201311,-0.43109925951757777,3.5614473350311324,4.4694479120756394e-4,0.001971718241046783,-0.5037665243386389
BNIP3P17,1.1885837558204746,-3.2248554859285643,3.5589296169039972,4.5102614588322655e-4,0.0019879972650034042,-0.3431864375805498
AADACP1,-1.1426619700178229,-1.2259092644761596,-3.5587853525483077,4.512610631971949e-4,0.0019886014415480893,-0.40365930889726975
AACSP1,1.6190808400836048,-1.7881461052818686,3.5584951043579385,4.5173404603299054e-4,0.0019896162956036423,-0.45108367895780255
CNTN1,-1.2979839956486012,2.762740953727811,-3.5524536894830447,4.6168536203058637e-4,0.0020278005350029714,-0.7547420309375115
RGS22,1.5571760080993098,-0.26980429055496224,3.5443763711437453,4.7531204196629793e-4,0.002081051689126032,-0.5116825538956373
OPCML,-1.2972328422801311,-2.2631259760044475,-3.543011193649087,4.7765211053221225e-4,0.0020899465004212445,-0.3855313648976546
AL354861.3,-1.1520991187167797,-2.53362234818107,-3.5423221966564578,4.7883723166950804e-4,0.00209423023379623,-0.37791982947657754
SHISA9,1.4382864557200252,-0.3027414129603685,3.541967911898769,4.794476993185933e-4,0.0020960674257757815,-0.6115032013660011
AL445933.1,1.0819789397606028,-1.3368847831249018,3.5419587108322523,4.7946356339458805e-4,0.0020960674257757815,-0.5014520052594778
SCUBE3,1.0237417047634496,2.3765897182741025,3.5394170886271885,4.838646341100698e-4,0.002113489108887397,-0.840720041154297
LINC02562,1.544459893618212,-1.7310113287769335,3.5391984183082985,4.842450497072257e-4,0.00211425100161962,-0.4651704642030028
FOXA1,-1.960176653286506,2.6548152855264187,-3.5380156588620917,4.863075387758617e-4,0.002122335069375266,-0.7943764836842311
PROK2,1.4972851875908237,-2.3975758904624596,3.5378533284204496,4.86591252272919e-4,0.002122974459121991,-0.441461739134942
WNT6,1.4410056294617153,1.0294318469539363,3.5363427216149437,4.892388793274415e-4,0.002132380652680875,-0.6673546333299125
ERFE,1.0195780391929263,2.9604326493921196,3.5333084513590824,4.945979239631867e-4,0.0021532889227545288,-0.9847061879333303
CYP8B1,1.0854760238306702,-1.4949425817719884,3.5280137703518335,5.040813990803939e-4,0.00218815684641391,-0.5581350592515868
LINC02009,1.299684129391633,1.2229755116019696,3.5265833404372935,5.066726101347739e-4,0.0021970587003155846,-0.743624973556785
IFNG,-1.1736988754101427,-2.405781551067855,-3.524937181422196,5.096700776951046e-4,0.002206290662209863,-0.48320742118968685
ST6GALNAC1,-1.1417633394516224,5.368842639365342,-3.522795567247198,5.135946174654495e-4,0.0022195699157421906,-1.188452505344304
MUC4,1.5538674782071369,4.094947837920594,3.5213353777437044,5.162866712720528e-4,0.002229235246852178,-1.1030661868874407
FSTL4,1.504286070248671,1.1782831192392595,3.519182461101761,5.202800151243532e-4,0.0022436178712894874,-0.7141423223629193
CTTNBP2,1.0710391074764587,3.0804995605528642,3.5170003118503743,5.243571332043339e-4,0.002258105611803326,-0.9590428617844244
LRRC46,-1.4278676718471175,3.7867970274107123,-3.5152431918531333,5.276618884368491e-4,0.002268419172449459,-0.9434830699886403
CCL13,-1.162305501922345,-2.020789393631529,-3.5140480120797957,5.299209096104732e-4,0.002275536143444593,-0.5467257957491283
CHRM2,-1.6279789633689643,-2.4801791964029096,-3.5128168010560192,5.322575160526071e-4,0.002283639804993284,-0.4709314150595727
LINC01871,-1.0167676239428798,-1.8498538167111203,-3.5109529765886243,5.358130948079635e-4,0.00229743994491077,-0.5548880324871073
MPPED2-AS1,-1.1743565363943342,-0.5332622008373437,-3.505840162002395,5.456813936618488e-4,0.0023338444117810215,-0.6173914440420312
MCIDAS,-1.0084621103730704,0.8049314262376792,-3.505314868499322,5.467048647814565e-4,0.0023377297857812584,-0.7310809691422699
SLC25A48,-1.3332420026292815,-0.9196052044453596,-3.5047930063486605,5.477234322630102e-4,0.002341100112999668,-0.6278312589639317
FREM2,-1.1784507231586923,4.163131560482354,-3.498247085545596,5.60651768737156e-4,0.0023854991405467627,-1.098158473062516
PRSS56,-2.064201856829997,-0.8635820176336682,-3.497474193988775,5.621969870012271e-4,0.0023903957246470585,-0.5868452972965938
ALDH3A1,-1.1693941369708776,2.8051884498778477,-3.4953900174204957,5.663837360115008e-4,0.002406686818042597,-0.9500805635978047
GPX3,1.0178684282067234,6.974838069316501,3.492736889743172,5.717556914746615e-4,0.002425962979860338,-1.4169256599700804
CNGA4,-1.6804170805497964,0.36289633672465504,-3.492198996750662,5.728506030181544e-4,0.0024295942520327564,-0.6890194650983545
IGHG3,-1.6639502106361652,5.169902357885812,-3.489709238506631,5.779442919567587e-4,0.0024491534173747215,-1.3599454351087
MOXD1,-1.1445055138117843,4.66833138131007,-3.4894499698921138,5.78477151413661e-4,0.002450389667638859,-1.2302947036667877
SERPINA11,-2.2107631700668424,-1.3932289450669346,-3.489142173911097,5.791103439740625e-4,0.0024507429816442577,-0.562185309943418
DIPK1C,-1.215117061362166,-1.3267889270665167,-3.4880625846703284,5.81336393835492e-4,0.0024594256595155163,-0.6369990500899174
CEACAM6,-1.9006903911858808,2.0081110763477565,-3.487283520114078,5.829477571844417e-4,0.002465216441326798,-0.8649091641517117
MZB1,-1.1570863974565273,1.9475558840716884,-3.48637178317038,5.848388454093712e-4,0.002470643253814188,-0.9255817217336029
FAIM2,-1.4301729523959372,2.7588194446193244,-3.484779032889565,5.881562624410854e-4,0.0024841412879992976,-0.9858564351242647
LINC01124,-1.3570734588818705,0.35882569796849384,-3.4838598961399683,5.900786758350846e-4,0.0024907079974397215,-0.745081766536619
LHX2,-1.3249499260932807,-1.325575112486617,-3.481167688720155,5.95743470225545e-4,0.002507848030004966,-0.6847291581515398
IGLJ3,-1.5650690693072988,-1.2884588231543292,-3.4774130647370973,6.037288515303808e-4,0.0025372591353398388,-0.7088451701386536
MESP1,-1.0647156470415657,2.8766106670437908,-3.476091481450844,6.065633873703497e-4,0.002547064934899791,-1.06155253094789
HORMAD1,1.4543571276448943,-2.643950904013071,3.475562586591135,6.077012511738962e-4,0.0025513158911089173,-0.6421363709319499
RHOXF1,1.007426458167521,-2.200482391777791,3.47255598982979,6.142077170643214e-4,0.002573316355723617,-0.6652743201217355
TGFBR3L,-1.099824441287428,-1.9863571298359102,-3.470214036745895,6.19320991216859e-4,0.0025931355223509363,-0.680990779689866
NRAD1,1.1927913907052377,1.4553817930259696,3.470048274988218,6.19684411491463e-4,0.002594122755747166,-0.9190884794706857
SAXO2,-1.0635072191931325,1.2273267957979432,-3.468922304589154,6.221583078480523e-4,0.0026004317051733536,-0.8507148204018424
ZNF502,1.1381259741995204,0.6220333290462416,3.4671795767943743,6.260055372181805e-4,0.0026130491966363323,-0.8669652362525122
IGLV3-19,-1.766509662207411,1.9106478843808494,-3.4616015129751445,6.384698986220036e-4,0.002661266648995133,-1.013680799741608
GAPDHP71,-1.0435496421570405,-1.7804795432167548,-3.4576188693925625,6.475109894768545e-4,0.002691209274054722,-0.713386882104019
NTNG1,1.2263167227744751,-1.531683242831827,3.457502803627003,6.477762614371636e-4,0.002691716216389387,-0.7899196595539992
CHP2,1.410454526729918,-2.696328925891133,3.454902384396472,6.537463384159096e-4,0.0027121332071779847,-0.6904046612556209
MIR3142HG,-1.1368993007487163,-0.9394589630136702,-3.4516906511180556,6.611909585919751e-4,0.0027396625978436907,-0.7953791305868751
FOXF2,-1.1289999458307232,0.29165490990040166,-3.447930955634997,6.700065010275176e-4,0.0027716694742282244,-0.9066693755682911
DNAAF1,-1.475425246833997,3.0878201482161205,-3.4476934344177215,6.705671058067886e-4,0.0027722957401174067,-1.0687260921005217
PGLYRP4,1.1501629597696645,-2.9363523274241987,3.446688479380927,6.729438916319704e-4,0.002781556163011626,-0.7092281764041228
CYP24A1,-1.6088073032549743,1.1051584763949749,-3.444556932303349,6.780112564821086e-4,0.0028007928408012956,-0.9411017867147002
P2RY10,-1.0102685672363108,0.22736869460776513,-3.4439740621172756,6.794031272177395e-4,0.002805402104342409,-0.9166246366182103
GAS2L2,-1.989551813125653,0.9431567446722443,-3.443581181670478,6.803428177540651e-4,0.002807790794588228,-0.8722922117746936
MYH11,-1.2151745903006264,5.156128705801066,-3.4402015713814476,6.884765263273123e-4,0.0028382549535651714,-1.485058735098585
AF131215.6,1.0897278429594905,-0.14698394423918262,3.436898439523563,6.965139982523909e-4,0.0028655770243889863,-0.9251886474616304
SLC23A1,-1.3560277825308171,1.3427069345119267,-3.433063101498429,7.059565707754729e-4,0.002895632965578347,-0.9963968976100253
KLK12,-1.5383874317789679,-0.754529227766413,-3.4302625704073306,7.129269348103345e-4,0.0029212756094929918,-0.8429237357093156
SLC47A1P2,-1.0904743151918348,-2.8014200196487233,-3.4286963700369046,7.168531263681337e-4,0.0029332238655739784,-0.7385895038346204
FAT3,1.1611777010271058,-1.1779518485772895,3.42841370101505,7.175638785700586e-4,0.002934950345755257,-0.8781208726768597
LINC00514,1.0597511868855725,-0.5805434818145809,3.4244095647653285,7.2770304731984e-4,0.0029710923133476697,-0.9807930382265484
TUBB2B,1.6197726066726834,1.6625815583862893,3.4186940839137083,7.42407866891864e-4,0.003024393162299107,-1.1449278847285518
IGHV4-34,-1.6588529201960647,0.7243547485380398,-3.416918460323142,7.470324496706845e-4,0.0030420131250464815,-1.050426158416112
FCRL2,-1.3105206348584992,-1.083415581438061,-3.4168350929151745,7.472502390917533e-4,0.0030422904365586525,-0.8860254040199296
DNAH11,-1.0847575775453502,2.4673684969016167,-3.414949773303554,7.521913316243594e-4,0.0030581189485764113,-1.143767801177039
F5,-1.0550863003907744,0.297626245685809,-3.4139709191609895,7.547687632951333e-4,0.0030660893346020675,-1.0114214866673414
ZNF683,-1.0088210290731556,1.0232846197598997,-3.4133921636493336,7.562965711498548e-4,0.003070509690780992,-1.0698374411915577
S100P,-1.5017162712345424,1.737773176942479,-3.412536709515788,7.585601061931104e-4,0.0030772406383770016,-1.1444178436607828
CNNM1,1.0488296872989538,-1.69566432465917,3.4121135300482623,7.596821797932101e-4,0.003081177533848973,-0.9036269680264386
SLC17A7,1.2020947682047785,-0.7309455881387245,3.4072204247182714,7.727695483476077e-4,0.003123040027961181,-0.9934573137530149
SLCO1B3,-1.4288413031283222,-2.931038758724846,-3.4043939662348888,7.804250288691653e-4,0.0031483442411149097,-0.8176184157630795
ZNF812P,-1.2581726221361342,0.14346459592580796,-3.402356355262588,7.859877972142391e-4,0.0031682697323645766,-0.9953604856814069
AC025154.2,-1.0967113202340637,3.2232516160913955,-3.401094673118406,7.894507905471095e-4,0.0031790762566038144,-1.32702954845578
APOBEC4,-2.089645379135061,-0.6711661612506964,-3.395900066316055,8.038593370008452e-4,0.0032268688850889153,-0.9078084001241047
FEZF1-AS1,-1.5532471211416161,-2.6497156978651293,-3.3928981562713854,8.12297485137802e-4,0.003254313835588545,-0.8749342273744345
DNER,1.2707084471733632,0.32530397662542293,3.3914003381459223,8.165386055982437e-4,0.0032687277171909996,-1.1180767779110674
HES2,-1.1592587880109289,2.993045316816893,-3.3841932444450205,8.37236383734697e-4,0.003336469071181173,-1.3489788361205752
FAM3D,-1.52846489149995,0.09283637009084726,-3.3827782224442813,8.413572262272075e-4,0.003350443223552492,-1.0697123147398981
PNMT,1.5273868105200246,0.12752258067307298,3.382762749250482,8.41402391901787e-4,0.003350443223552492,-1.119531179914639
AL009176.1,1.1125978135503023,-1.7835667069061834,3.382325168015354,8.426806126134881e-4,0.0033542187173436215,-0.9863881740010658
AC021218.1,-1.1538665835345752,-1.8414790991275722,-3.3801275621669724,8.491275057166349e-4,0.003377234329977473,-0.9461665023577899
RNF223,-1.0602584090595295,1.763082103293267,-3.379854418896941,8.499320071824326e-4,0.003379407291926077,-1.2392837709682603
CA10,-2.10012532403592,-1.2108572939286706,-3.3791475074725663,8.520174104683525e-4,0.0033865370678040694,-0.9609575537858586
AL357093.2,-2.0407289696261617,0.43995979778261457,-3.379108380890941,8.521329740577648e-4,0.0033865370678040694,-1.036707337345975
ZMYND10,-1.4425582114589903,4.185084156402712,-3.3786605877556997,8.534566103079761e-4,0.0033905348352623287,-1.469388216171363
SLITRK4,1.6398279466908106,-0.30347195432203344,3.3779793685549913,8.554739136790078e-4,0.0033971574485369585,-1.0947337445174252
IFI27,1.2037811738863677,8.360577518244531,3.3746178912298057,8.654936242766481e-4,0.0034315826023797497,-1.8005105671386987
PLPPR3,-1.9085571848363239,0.5710594767000917,-3.3727899919483364,8.709879903473043e-4,0.003448657688645746,-1.0828896083446713
MB,-1.3374590201420933,1.1887806938046,-3.3676941407930605,8.864776137042349e-4,0.0034997612705759264,-1.1716165659677324
IGHV1-69,-1.639376914098046,-1.3908712819651992,-3.3674885274794235,8.871079686566794e-4,0.0035015696941111583,-1.0492083842129016
IGLV1-47,-1.7294358272124803,1.3049117874859109,-3.366991988370868,8.886319483256194e-4,0.0035062232028285553,-1.264743135793144
FMO6P,-1.684212774892955,-1.2785227320079329,-3.3641116210845348,8.97520669429823e-4,0.003537174730558798,-0.993325749601742
CERKL,-1.155185369701922,-0.07438658609842769,-3.3529642427248443,9.327086157016158e-4,0.0036602374793434328,-1.1453690686868487
MUC6,-2.0759520145549955,3.3477889641277763,-3.351717524620976,9.367230130885119e-4,0.0036731542577678787,-1.4728815764064551
SOSTDC1,1.5231513623885826,0.4120363259195733,3.3441327166660533,9.614950897380499e-4,0.003761583484857772,-1.2492212227949988
CA8,-1.034104696653312,5.056894338193267,-3.342407899529516,9.672129436768749e-4,0.0037817691164464804,-1.7569785080948037
AC027601.5,-1.2101805824568093,-1.2548297901956091,-3.3404647371511147,9.7369258058105e-4,0.0038041379417141446,-1.1465500726420572
AC008760.2,1.1303395229410782,0.8184229985180795,3.3389726878619563,9.786953773300374e-4,0.0038180243392195337,-1.3158322683689674
DTHD1,-1.6784900006026784,0.4033260010901674,-3.335881720321222,9.891356066674087e-4,0.0038526623361265647,-1.193723694647356
IGLV2-14,-1.5863270251124595,2.6489820629672804,-3.3325957319007853,0.0010003482954592375,0.0038888827002512517,-1.5165882379474507
BMP5,-1.6793238267909576,-2.7386375740532753,-3.3318969619244907,0.0010027479081963053,0.0038959756234337043,-1.0384313814906907
AL132990.1,-1.2508610987924014,-3.0735767570615953,-3.3285717673657635,0.001014240457368695,0.003931608440885248,-1.0336136007568015
C19orf81,1.2917129668360823,-1.5238830889414017,3.3176014982593385,0.0010530319414957193,0.004060296182690002,-1.220474971506257
CLEC18B,1.0073115420456025,-1.4975629722411714,3.3171328330631074,0.0010547195458735057,0.00406462292713247,-1.2071600916604792
THNSL2,1.156221653967271,4.468285458527438,3.30552577196474,0.001097327283470046,0.0042079395677821155,-1.8632383295276238
RAB3C,-1.044326833189366,-2.1685445774137784,-3.3029033678960418,0.001107173044693685,0.004236901705960168,-1.1900490186762376
LINC01101,1.1910721298107938,-0.827172327136508,3.2916384517320636,0.0011504092955502314,0.00437337999227359,-1.3205583048464664
AC078864.1,-1.052538447366546,-0.5498595907237219,-3.2865797204064284,0.0011703319655686259,0.004437654266458349,-1.3302066247733917
C1orf194,-1.8787927515730405,2.450787388173082,-3.284924468720488,0.0011769201621814574,0.004460970790036542,-1.5139285416214712
MUC3A,1.0803257942243065,-0.4800126226102851,3.284208008712299,0.001179782481930542,0.004469319508435477,-1.4100269993826604
TRABD2B,1.148596081147406,0.2627274464099423,3.2832989313066108,0.0011834236430629046,0.004480607697766482,-1.4333507961612764
SATB2-AS1,-1.1574852110605998,-1.430347198109954,-3.2786384473990013,0.0012022551164961254,0.004545978230263675,-1.295344475266659
IGLV4-69,-1.7213637061839693,0.7278631712620953,-3.2762391117431893,0.0012120583185214193,0.004571988356649838,-1.4848847648770382
AC106872.1,1.2610026005451274,-2.951922660637632,3.275009116182395,0.0012171125956824457,0.004586797032199151,-1.2339720632043774
TMEM59L,1.059877630096469,0.7604663857658653,3.273483922591033,0.001223407105196823,0.004608809268956484,-1.5211653381967807
TSPAN8,-1.7182643564586524,2.5282487180615356,-3.271294569950989,0.0012324955221476562,0.004639173755508677,-1.5786628203876623
AQP5,-1.1768999662523374,6.821364742059377,-3.2692822329556535,0.0012409044225742385,0.004662625528637239,-2.1207310859569874
ADAMTS8,-1.4873321409619018,2.882211166766127,-3.267489538854087,0.0012484403832999393,0.0046857437396469,-1.6581946641735534
GPM6A,1.064929706520352,-1.230690767254242,3.2673005858434805,0.0012492371591760853,0.004686784605864803,-1.366602021709439
TMEM132C,1.564625259631113,-1.5424518317344256,3.2648814041563003,0.0012594801927274853,0.0047184655183398,-1.3555624970611229
IGLV2-28,-1.4297552492890047,-1.4646803572698754,-3.264798356736654,0.0012598332046325565,0.0047189181811559304,-1.3525920384528982
ALKAL2,-1.347937285079601,1.8980218336900496,-3.262868581889747,0.0012680620855160115,0.004745368040144985,-1.5704342796810495
C22orf15,-1.4755554332528054,0.0763128931086582,-3.2599422581575492,0.0012806357456094201,0.004781855758545996,-1.41045360287778
LINC01532,1.2822540505449378,-1.6836807568386247,3.259592708882086,0.0012821453885956294,0.004783977029156888,-1.3734947128524215
GBA3,1.5162366427194753,-1.5788050844177397,3.2581570413029843,0.0012883631452252893,0.004803649342058114,-1.358605354879053
CDC20B,-2.144254522620796,1.664127027545826,-3.2470610942670053,0.0013373720104918156,0.004959085703564251,-1.5457833288233758
AL162413.1,1.439248815386553,-3.029055170613343,3.241606320824717,0.0013620943529011375,0.005037890014260731,-1.3372591803137173
HAGLR,1.007340361171776,2.19494426653343,3.2378291484076507,0.0013794612833318992,0.005089157945623075,-1.7792242772353477
SCGB1D2,-2.092356758942919,4.244499148984523,-3.23463474684636,0.0013943088854082792,0.005133683657072077,-1.8755247320032424
AMBP,-1.357135060864932,0.8862752550669435,-3.230921922856502,0.0014117524358995305,0.005189447731456332,-1.6246962541409733
IGLV1-36,-1.4303589694669578,-2.1544817967465257,-3.2306678063835883,0.0014129536965051931,0.005192924218403535,-1.4116026474681096
C2CD4B,1.0948755078816237,2.4249847903797885,3.230111789659204,0.0014155854101696118,0.005200868455325347,-1.7732692286320715
STUM,1.095958028251019,1.810349558586995,3.227292512070806,0.0014289996274363863,0.005246204557084016,-1.7537383574214767
DDIT4L,-1.1412636501267461,2.6049322876856396,-3.213413741219879,0.0014967713999240247,0.005451681349830803,-1.8064022116958736
USH1G,1.2581761456805567,-1.3757007255697655,3.2130963518864655,0.0014983555482344956,0.005455495908691847,-1.5754357611710432
DEFB4A,-1.326689521449004,-2.567060967840164,-3.212651448012518,0.0015005787620143663,0.005461633731944839,-1.4057013658724413
GPX2,-1.9609972173268264,1.931374045313128,-3.2122988671758517,0.0015023428035112157,0.005463162486770791,-1.697804792654181
THEMIS,-1.0188054815947098,-1.0765368740574102,-3.2097812831711603,0.001514994834584689,0.005499331133791609,-1.533170230043809
SEMA3D,-1.3716789872594903,1.7141642811579878,-3.2053050231546854,0.001537734374231393,0.0055719225212834435,-1.7370563512185546
PAK3,1.0430952444104786,-1.4640209056791498,3.2036247807352147,0.0015463514204561944,0.005598155730201585,-1.5685315942203566
AC011447.6,1.1124590641778382,-2.5490913619205067,3.202275136080218,0.0015533054005824228,0.005616327870741356,-1.498717694898902
VWA3B,-1.2887149017826314,1.886914388726531,-3.2008219328514533,0.001560825357751707,0.005640507569513815,-1.7455555261175988
GNGT1,1.087940259322612,-1.2222906468638812,3.200082915853754,0.0015646625111020462,0.0056533690445578644,-1.5815635743437184
CALCA,1.543542245398137,-2.306379715163187,3.1984134703968383,0.001573362873529058,0.005679756135276123,-1.5610938941908605
LINC02532,1.1084662735595832,-0.9451210115517095,3.1947108105055713,0.0015928196022685643,0.00573268383150457,-1.6335746352827707
DIO1,1.0101980685673302,-1.7432062851000338,3.1933791551708075,0.0015998715159917765,0.005751952713783277,-1.5841963366361869
ASPG,1.2713771247327224,0.5827414628955105,3.191615664416784,0.001609254775483538,0.005777511757097231,-1.7426688355169508
SPAG17,1.2385210639405593,1.758036846281491,3.189146713869751,0.0016224773469075016,0.005819924539508241,-1.7915354127022844
GFRA2,1.0140985508598632,0.14539008681586238,3.1870128621590648,0.0016339862807980595,0.005849768745981991,-1.7324763043568092
PCDH19,-1.2629330138464794,4.212354634566331,-3.186763004177998,0.0016353388242783698,0.005851518708562251,-2.110821968754487
LEF1-AS1,-1.1933640773758052,0.5769975323096069,-3.185729434989793,0.0016409448154838745,0.005864089238728923,-1.6874326914025302
FGF7,-1.1339618821707866,-0.4866242429129679,-3.1848071869010055,0.0016459620309796006,0.005876081559393888,-1.6586829866418293
TRIM29,1.1938905248598601,4.0512668817850885,3.184061052327358,0.0016500315456231352,0.005888541024274732,-2.213072527824356
FOXP2,-1.06864809654845,-1.0709032397899976,-3.1839859762089695,0.0016504415360266548,0.005888970115555782,-1.6281658647394712
LRRC18,-1.7201214242949747,-1.3526889246796971,-3.1836728261605867,0.001652152664901236,0.005894040856846186,-1.5252584156953413
CES3,-1.3027240456597706,3.624039893781409,-3.1770840202537616,0.0016885386416340513,0.006004874777352661,-2.051817019595708
GPR25,-1.0566637014945846,-2.036940876619942,-3.1768655174927556,0.0016897579136405866,0.006008159523588398,-1.5889704744471196
MYO16,1.0138986965385066,-2.6523834943231535,3.176293705962506,0.0016929525501414688,0.006017413016627354,-1.5583504428354793
IGKJ3,-1.3276021192759437,-1.8043548395877893,-3.1761310316128704,0.0016938624116043866,0.0060195942740772085,-1.5927642427089532
AC096645.1,-1.2363351921493566,-1.0327505125472567,-3.1738055730381385,0.0017069186283994488,0.006059635668749414,-1.5899709990142394
PLPP4,1.0101716732106185,0.02690607960699886,3.1684268379333473,0.0017374750928680007,0.006149850886006486,-1.8108982624598724
SFTPB,1.1646684497177333,-2.0460919029059568,3.1659650611395733,0.0017516285756088818,0.006193017828815717,-1.6454371238184757
CCR3,1.0113146751152273,-2.499639080010784,3.1658751848587734,0.0017521473138839,0.006193155131717632,-1.5733751203196658
IQUB,-1.170439436743559,0.14834023502236277,-3.1644800028624354,0.0017602181279964516,0.00621411728910889,-1.7296377603549677
LINC01918,1.0527324823230275,-2.2792072341139655,3.161230921239929,0.0017791468442813275,0.006271137784109209,-1.6233037865394415
BMP3,1.2111513161591274,0.3473981443151615,3.1611464541895273,0.0017796414402167723,0.006271793416154965,-1.8178371930715187
EPPIN,-1.1304382806973834,-0.5700140848912446,-3.1543945741750767,0.0018195909966102562,0.006399267592162458,-1.6917622081374013
AC005392.2,-1.1927498906318061,-2.8152709131456843,-3.1535508655752227,0.0018246409395033874,0.0064136981069641726,-1.5958530758861906
PCDHGA10,-1.020511424497687,0.6728106065360285,-3.150669198288335,0.0018419868026962694,0.006470193532319215,-1.857951307075897
IGHV3-13,-1.4184430026507946,-1.902929065839315,-3.149837601539711,0.0018470207810616314,0.006484378759667059,-1.661807383077769
RGR,-1.3950966832977538,-2.5226722115669684,-3.1454571757702507,0.001873747828459562,0.006561633867771972,-1.6380678952428198
KLHDC7A,-1.0328950566123432,2.8914115669424856,-3.142726125242104,0.0018905917402831378,0.006612769254878702,-2.0640126899645885
AC027250.1,-1.0924097062882407,-2.2403961242018946,-3.142280910864572,0.0018933508575909963,0.006620864217081798,-1.6253524412065303
AJAP1,1.064746976603184,-1.42371438612264,3.1412830908610454,0.001899548150058154,0.006636027960183145,-1.7493141005360826
FAM216B,-2.315847954851127,0.8648196676211962,-3.1370572118500273,0.0019260027906006704,0.006715402421713506,-1.7862795218055725
DPT,-1.141983429282429,-1.3919756530845468,-3.135016710469279,0.0019388981613792777,0.006752583512756916,-1.7270938175874946
MMP7,1.3224907810505897,7.580224097605795,3.127148082158588,0.0019893762242114733,0.00690438565247165,-2.57013141922711
RHOXF1-AS1,1.0664723708639698,-0.6501139660352723,3.1241857565187603,0.0020086923647008293,0.006961263183944486,-1.844334677495735
OOEP,1.332759780241366,-3.21726993019049,3.119288252063162,0.0020410073512764004,0.007054432147114318,-1.7035268083161936
RHOXF1P1,1.3309842230246234,-2.5946943069948847,3.1087486809680933,0.0021121846423281625,0.007261170614120022,-1.776118729509533
AC129507.4,1.2695164757121498,-2.3206912008872034,3.1037785424404345,0.0021465384724579173,0.007366809847050779,-1.7765375463323956
AC010280.1,-1.2581345361698242,-1.1689763495638645,-3.103579377866828,0.0021479257922076807,0.007369082343151401,-1.8186801244624142
TENM3-AS1,1.0897259896959615,-2.5676950294135565,3.099049953654416,0.002179700607968649,0.007451679588957918,-1.816418337447483
SLCO1A2,1.1592170056593973,-2.784763967331472,3.0971884394440834,0.0021928847914697742,0.007491711296324036,-1.7826571603503396
NRXN3,1.1486562828723583,1.6252911878987633,3.0948226520714504,0.002209746645267659,0.007534120251370559,-2.1045809279673238
ADH1C,-1.4032858055288373,1.0232629351837812,-3.087832595801026,0.002260268574070034,0.007689604703615563,-2.041446873028703
IGKJ5,-1.2462546696214205,-2.2531494170484665,-3.0871069692086186,0.002265573746390701,0.007698632473105602,-1.8381629871272045
GRP,-1.1422451567276153,-0.8265773674645315,-3.084844284168218,0.0022821904068506846,0.007744738325068177,-1.9472643725148098
SCGB1A1,-1.7339368809552345,-1.2631297271933637,-3.0817652465417544,0.002304982690529452,0.007814091429032853,-1.870690580123977
SMIM24,1.1066480743529463,2.0808339710251786,3.0792174131861985,0.0023240012374985777,0.007870855049311964,-2.2981897122080452
RELN,1.4162331327291278,-0.2347547277518462,3.077912138345684,0.002333800518519061,0.007898777974751274,-1.9992632960754797
IGLC2,-1.3964294561260404,5.362110048183814,-3.0773101713444553,0.002338332572284364,0.007911301418100314,-2.6601927344714182
INA,1.1657556849152064,1.3354256866555572,3.0720083447041993,0.002378600384509182,0.008029010831218174,-2.1921565430470604
CP,1.1746885970528194,6.2060529695374225,3.0648734681152754,0.0024337991184813696,0.008182718491979381,-2.738375115832274
VSTM2L,1.0126564695076863,-0.4227335236039177,3.0579246248662275,0.0024886904768043772,0.008350692628458339,-2.0764852271591367
KRTDAP,1.059956342587549,-1.5136873632519012,3.056852952609247,0.0024972567438406547,0.008374908846264578,-1.9626430180203007
AP003306.2,-1.1245686681939622,-1.5076194104050307,-3.053691051450377,0.0025226894354383033,0.008446891320642762,-1.9258997228079613
GP2,-1.8217200951037267,-2.501010294880204,-3.049507001680179,0.002556710320252894,0.00854466668410279,-1.890845851180143
AC018865.2,1.2609884469670951,-0.8233489418516491,3.0445584976384974,0.0025974918985492384,0.008660542511354839,-2.08109392484028
C11orf97,-1.53157277177754,-1.5429037454546992,-3.0445392836611638,0.0025976514047047383,0.008660542511354839,-1.9219205488633477
GLYATL1,-1.178963596902362,-0.10433702294986116,-3.0437681090601867,0.0026040608091333945,0.008679063936508217,-2.071397412675596
C4BPA,-2.0259270348842335,2.2639564147066094,-3.040303747668762,0.0026330337988660062,0.00876700179032646,-2.1984899236436837
TREH,-1.0744103422306774,-0.549786585684012,-3.035661574940547,0.002672322018226644,0.008878076954314801,-2.059543904395002
IGHM,-1.4498669413412921,5.785315318338874,-3.02878451991296,0.0027315166146606403,0.009041586917974406,-2.8342257555384816
DMRTA2,-1.0893266640399453,-0.7736637665939186,-3.027036120856007,0.0027467570671709696,0.009074299517747526,-2.094721038996317
APCDD1L-DT,1.0332323411375077,-1.6517769433864287,3.026567605866961,0.002750854281647752,0.009082683049516357,-2.0607523239016716
VSNL1,-1.4472892638817452,-0.24138597173195217,-3.026439438435104,0.0027519760981559597,0.009082683049516357,-2.1105324689631457
AC069404.1,-1.3625098886582565,-2.479250687517913,-3.0248262756946054,0.0027661317032196676,0.009114601286679073,-1.9421046531061812
IGHV3-20,-1.4406907984691169,-1.718752304532421,-3.0212769578802803,0.0027975131523729777,0.009186727631092002,-2.0621664344969606
TNFRSF17,-1.102370076457841,-1.851716593549991,-3.0160065790357273,0.0028447155042659383,0.009310144590773096,-2.070725104843844
IGHG4,-1.4574135543778413,4.011763444756605,-3.0132129266574497,0.002870031635040164,0.009380913951520794,-2.7139730100569457
AC004870.2,1.0986497747335506,-1.7255703600844428,3.011474389085109,0.0028858906158233293,0.009426686093859426,-2.1090399349115048
IL5RA,-1.6194052295931534,0.03688442053310592,-3.0104434454207527,0.002895332892883541,0.009445384544938215,-2.1320370842446454
WNT11,1.2783610412465816,3.0791575276755867,3.003735385562256,0.00295746748312925,0.00960031450680704,-2.5469984845613407
HP,-2.0067583392454367,3.5630176013963744,-3.00226483963312,0.002971251294160792,0.00963582436612796,-2.485910177061415
MROH2A,1.2174099596587744,-0.8901025704986886,2.9982718921288303,0.0030089763258559915,0.009739864528814991,-2.23182258524478
IGHV3-21,-1.4700538005026593,0.8786925849904121,-2.9922087892463702,0.0030671014784642296,0.009888288459439561,-2.353524303365723
SCN2A,1.0379709148820113,-1.353564859394986,2.990309968860504,0.003085515712425261,0.009938196725725993,-2.209463165349864
PIK3C2G,-1.4157152918642602,-1.821076055692472,-2.984226774133939,0.0031451941625585916,0.010104793891849638,-2.1066215217847555
SERPIND1,-1.144954413230144,-1.6146914374729782,-2.9753506122819258,0.0032341741233807247,0.010344878011266894,-2.1268222776222965
BNIP5,1.0535519443457189,-2.112972412341659,2.973742401331853,0.003250540696753417,0.010389053172010762,-2.166217551972431
LINC02345,-1.171773040664667,-1.056668805494417,-2.9736279165159916,0.0032517086859216557,0.010391152096332033,-2.1810553988389234
IGHV4-39,-1.5256101109459723,1.7567017601050385,-2.9724106328098143,0.003264151395421717,0.010422720025224035,-2.5083331849111143
TEKT4,-1.5190705915538594,0.7355958610306965,-2.9674026255264674,0.0033158023379191086,0.01056275340374106,-2.3197102435721373
SRGAP3-AS2,-1.9176079750116868,-0.530906194555155,-2.9671126125030955,0.0033188162634720255,0.01056968527700062,-2.190340249035706
SCN7A,-1.104609779938386,-2.0985816095817524,-2.964266898172018,0.003348523499730275,0.010650126611546509,-2.1842681615378385
TP53AIP1,-1.0500230339204386,0.17809439536597554,-2.9572695124164823,0.0034226105492204573,0.010851971420024427,-2.344198251069286
CCL11,-1.106887982198886,-2.5695415415970873,-2.955695826114487,0.0034394779719456505,0.010895254099411378,-2.19994077631356
AC061975.6,1.148965496394104,-2.2068725336689865,2.9522109080109744,0.0034771021422652397,0.010995584866873928,-2.275694590030124
RHCG,1.2342344925556432,0.1757921975145541,2.950592159801932,0.003494706508005336,0.011039231437472869,-2.4203476764047807
AC246817.1,-1.1187180659419473,-2.427125277972322,-2.949015891773741,0.0035119272979296963,0.011087204747966727,-2.1527706715356096
CFAP99,-1.0132535519759187,1.1219236924687737,-2.948244714333455,0.0035203807210509278,0.011104798661281865,-2.4264829339628173
HNF1A-AS1,-1.3043415238332767,1.5998576144546006,-2.9463047452143862,0.0035417285593515096,0.011165292438052775,-2.482332868711424
HOXA-AS2,1.0690020879017266,0.7448331061162322,2.9463022967916372,0.0035417555770579728,0.011165292438052775,-2.508452283346166
BBOX1-AS1,1.3110626769009455,-0.6673488403835323,2.938699581687529,0.0036265655232407715,0.011395534584778207,-2.4046779188754908
VWDE,1.2577192668610992,0.332073522401982,2.9370428856129642,0.0036452912511514097,0.011445527481600687,-2.4709364550070125
CBLN2,1.2375814215535126,-2.535382223429879,2.933880235696044,0.0036812847747160985,0.0115442727605817,-2.2524552077243953
DCX,-1.1784834870248682,-2.3753900828230514,-2.924078505718765,0.0037949120686757262,0.011859237057865995,-2.2779386496670533
CATSPERD,-1.4421532775115025,-1.086045060148136,-2.9213300486085165,0.003827344678928216,0.011941503416416498,-2.3102950983272343
LCN15,-1.553271666128661,-1.7872931021798901,-2.9183571429307817,0.003862711053515058,0.012032774508849544,-2.2959226504084693
CST2,-1.602467979753842,-0.4869352274856161,-2.9117096718772677,0.003942874391243032,0.012254928754797886,-2.381872656249712
IGLV2-23,-1.4951078080439613,2.120490752363913,-2.9100685776503488,0.003962897345555356,0.012303991086322495,-2.7041450484753797
CPP,1.0842686499931316,-1.1102946349705374,2.908524503224817,0.003981821367564489,0.012353310559362033,-2.4413311974986582
IGHV1-18,-1.4947947366363155,1.6812658723383278,-2.905837392372052,0.004014951340421413,0.012442798268180056,-2.669167827553802
TFAP2B,-1.5463794465927687,-1.467342216286679,-2.902232682850129,0.004059790155390933,0.012566429350923747,-2.3691047745875187
AC010255.2,-1.1901126976517187,-2.7429295130562292,-2.893629592172804,0.004168658199186104,0.012836940793978542,-2.298925927140044
IGLV6-57,-1.4858721157395238,1.338613577511835,-2.892138328544184,0.004187798293676181,0.012886118473985573,-2.680602229928791
IGHV3-53,-1.4381283613319498,-0.8454717445720612,-2.891548318575941,0.004195393089840303,0.012901674861236848,-2.494217994369521
IGHV3-30,-1.4351113621983662,1.3798556821459942,-2.8891068396815407,0.00422695444702814,0.012969296826902161,-2.686213231178649
AC092894.1,-1.1521667269491638,-1.3108268115576953,-2.888189782748464,0.004238865264892967,0.012997993005987425,-2.3913454457533536
FUT3,-1.0534799871210463,2.8734896515215285,-2.887196137088972,0.004251805398618123,0.013031773928746,-2.7922846782222113
TCF21,-1.0279464242096896,-1.983537713071476,-2.879925888754374,0.004347587467590697,0.013271307853907078,-2.3991499645291308
SERPINA3,-1.375175183696396,-1.310301897351334,-2.8713360026152346,0.004463290039399686,0.013565411509011398,-2.4367473716812396
PLN,-1.0141143347869068,-0.08937753614461515,-2.8703296658648667,0.004477027211704243,0.013599028702836203,-2.5960214924826244
HOXB13,-1.5979384510887173,1.497088708338355,-2.8677514760358203,0.004512397335027034,0.013694185969402636,-2.7642423750497205
FAM3B,1.1740687338128237,2.3450371711894524,2.866995492317557,0.004522816858729868,0.013719661169675499,-2.819561016879619
ZSCAN1,1.2140092525980268,-0.19835935141701505,2.865948169481595,0.004537288079144299,0.013753586846790337,-2.6155621321198073
IGLV3-1,-1.430766432047986,2.5136593762810118,-2.865143829869118,0.004548430561498435,0.013778849714099596,-2.9164091741279456
C11orf16,-1.3020231886646483,0.5014175223315372,-2.8649216048283375,0.004551513430538073,0.01378613397351055,-2.592870960505165
AC010789.1,1.395604068284838,-1.8334510161535151,2.863822126065429,0.004566794252944648,0.013820060511740175,-2.5427852925886483
VWA5B2,-1.3856892318172234,2.3490245682595603,-2.8628526472015188,0.004580307088226624,0.01385476428949515,-2.7579284903477257
IGLV3-25,-1.5011028202037968,1.5402141137650007,-2.8612861368186104,0.004602218537083658,0.013912760605040648,-2.803312233518518
DDX43,1.314194509452456,-2.540534127781704,2.8602159913434946,0.004617241998763688,0.013951951588295153,-2.4683991596079946
PRSS2,1.2263092636029107,1.3021141992253724,2.859313651025269,0.004629944411059857,0.01398617571497927,-2.7842202212777343
TDGF1,-1.1062539238578937,0.28991495356050967,-2.8570199074031155,0.004662377366306187,0.014071600474132306,-2.6036922521335883
SERPINA5,-1.3731700792538786,5.088828482242167,-2.8521412867441196,0.004732049291712627,0.01423958688255366,-3.183610316794664
SLC16A12,-1.1330512238930786,1.1648891716720102,-2.8515529327633655,0.004740515395907835,0.014258729451891496,-2.710348958382355
SPOCK3,1.2037165119543132,-2.483103378976424,2.8491669820494456,0.004774989588535596,0.014336960909646543,-2.5155019018797162
IGKV1-5,-1.39989510947224,2.893695592481604,-2.8474237201944743,0.00480032188006606,0.014402382918580248,-3.0007026514118
ADAMTS6,-1.0547320319988882,2.36220648314617,-2.8463505118657406,0.004815978065153604,0.014438698657055885,-2.831528152587561
GALNT16,-1.198080569376864,3.716043295204968,-2.8317095209706165,0.005034258437478325,0.014989198430018967,-3.0405268223507966
MAPK4,1.0638772339197082,-0.38331964252133577,2.8293145691143615,0.005070809232994325,0.015082559176258841,-2.7101002294001044
UCA1,1.086671902228301,3.4937154410224807,2.826771211273489,0.005109889139325711,0.015172152939029326,-3.1570298709820697
CALN1,-1.425605455982921,0.05873219533089092,-2.824113496233739,0.00515101874983953,0.015274190993834055,-2.682115016875464
IGKV2-30,-1.3298389314209684,-1.1207475412302548,-2.8208715348625706,0.0052015974506961875,0.015390488657439121,-2.6562243283925695
AL589765.7,-1.1128513693976605,-2.5994375402598613,-2.8142792732296513,0.005305840431740971,0.015651074155980188,-2.5107855289229595
IGLV9-49,-1.418056683578707,-1.6568891952793363,-2.8120545796030023,0.005341445641717329,0.01574095836111542,-2.6511160799313718
IGHJ4,-1.2618591230540335,-0.22507336368786499,-2.808543672090249,0.005398078086659821,0.015866055489245065,-2.7840891250662905
DSG3,-1.6449421800693085,-2.141291645048572,-2.805853271742324,0.005441844050160066,0.015966513422181777,-2.584770551275269
CFAP161,-1.3268291956366296,0.5107367665770408,-2.802462547929157,0.005497461602846247,0.016099482653637916,-2.753700651429344
UMODL1-AS1,-1.39871478881607,-1.572057645460021,-2.797437832223191,0.00558083117826125,0.016313075344021523,-2.601632379334001
MUC5AC,-1.63471927898097,1.8481628351787498,-2.7969253432331826,0.005589398545119788,0.01633341999008117,-2.9891826390232477
MTND1P23,1.3146377749772524,0.790141114006816,2.7948238696556644,0.00562465427522129,0.01642227747300639,-2.915236296742516
IGHG2,-1.3096703918294317,5.44581754111822,-2.794086363419568,0.005637074959046205,0.016451451962615604,-3.4736267333888797
IGLV3-21,-1.4409518604904528,2.2846151949709848,-2.793850009805561,0.00564106076560977,0.016460720603051395,-3.069762076167679
AC136621.1,-1.216534106302181,-3.0287682626277843,-2.788033112304562,0.005739965346903367,0.016691809373367297,-2.5738200135152853
CDHR3,-1.2428943104377792,2.5260043677754456,-2.787758564805421,0.005744672133325637,0.01670071755653129,-2.981864930664474
ORM1,-1.6013105422133085,0.1886603206161427,-2.7852414110694816,0.005787989263589004,0.01681221863558424,-2.8074556624510114
IGHV4-31,-1.3819600049560627,-0.35074786282405673,-2.7843415036194377,0.0058035473495690664,0.016852592703620762,-2.819499651220088
IGHV2-5,-1.4969029224149224,0.32292325086892293,-2.7773442742120764,0.0059258198059411165,0.01715617688546257,-2.903723167236562
OVGP1,-1.7102617741322237,3.462567009448574,-2.7730211696595624,0.006002526516107019,0.017346132363622785,-3.097229469574767
CNTN5,1.0331417384848876,-0.9648767687917923,2.7689119363036143,0.0060762719225722,0.017519385807115533,-2.8009264753429646
MYOCD,-1.0507819239458318,-0.9484736398519358,-2.765126465624611,0.006144932806589192,0.017689747076645713,-2.804140379915503
DNAH12,-1.3107011074391248,0.9613978274314234,-2.7573495653856037,0.006288201103137077,0.018030671447539216,-2.907070639932189
NXF3,-1.1204794408891767,-0.2957075542272921,-2.7515721402114974,0.006396586168115656,0.01828727208901148,-2.8368439690286698
IGHA1,-1.3944555213025929,7.983378352516832,-2.7513438588748333,0.0064009032861660825,0.018294064796542713,-3.6376766499645425
IGHG1,-1.3502105005417118,7.835379569149636,-2.750603231897178,0.00641492774671954,0.01832424336251974,-3.6390864567003236
DYDC2,1.2205821211925134,1.319893969624453,2.7487431030035063,0.006450273800159663,0.018394186153282588,-3.0124182789401304
IGKV1-17,-1.3362558781496765,-0.3821313557173585,-2.742976832807957,0.006560967517896495,0.01866271572200537,-2.926957940468196
IGLV1-44,-1.3614332519777392,1.0495921144464624,-2.7383185613961345,0.006651643666926776,0.018875733857388968,-3.0656756160565366
SFRP4,-1.4489615067671129,5.04759804374196,-2.737844831196139,0.006660928353969141,0.018899442672912024,-3.490506841191428
IGLV3-9,-1.2749085802062832,-0.9107812779669381,-2.729442081677381,0.006827575117549912,0.019310275075018705,-2.9138444209719583
IGHV5-51,-1.3693459101124932,1.5738435846897374,-2.7289310535718596,0.006837830633818603,0.019333899527230008,-3.1467214181089447
IGKJ4,-1.230075221378721,-0.7500688690392616,-2.7255816538209294,0.006905393299288651,0.01949780680949466,-2.9516485538592727
LGSN,1.3279406771459619,-1.1658709418767925,2.7217352460843904,0.006983725530178686,0.01966979457806979,-2.910109139255445
IGLV4-60,-1.410507475086804,-1.633554022854624,-2.716435383039879,0.007092973251277866,0.019930407988590415,-2.8904225818164244
SIX1,1.0278354897452027,2.2138173715847196,2.704215668922412,0.007350769411593714,0.020527210431606296,-3.3169019752568834
AL645924.1,-1.0209830654053365,-2.349850683161244,-2.688587494249109,0.0076927904490114085,0.02130375706304781,-2.848302365573527
LINC00491,1.18776951462866,-2.9467834879082715,2.68682722045538,0.007732199829889976,0.021407060256461496,-2.886249704272025
A2ML1,-1.0975429519054622,0.9883486716964743,-2.686559369632478,0.007738212465700227,0.0214149786074244,-3.1483535307965242
SCNN1B,-1.2915633562531412,3.888668111253002,-2.6865290477579453,0.007738893387767981,0.0214149786074244,-3.417778680946851
CFAP65,-1.225554118015353,2.2149052302031413,-2.6821680415574556,0.007837390782774312,0.02163345514995316,-3.2246211530093842
TBX18,-1.6612093521421645,1.8118171366720521,-2.681272780920748,0.007857750373934377,0.021683763557344506,-3.2232785196588405
SPINK5,-1.1967725609244177,1.7543704774095477,-2.6784910177317816,0.007921316525267244,0.02182361895886288,-3.2154112025498764
CCL20,-1.1867145687068923,2.6568253905437733,-2.6759036429741276,0.007980856373869255,0.021951945451687473,-3.3222014696220232
CST1,-2.371396217994901,2.0058461433790034,-2.6755267283667585,0.007989563389446947,0.021972921018554768,-3.181982864118357
IGLV5-45,-1.3871630507954134,-1.3019161010286184,-2.6736497374740638,0.008033050912027065,0.022053725075785232,-3.016298473261829
ITIH2,-1.22035689485877,0.16669502585418802,-2.670231899925161,0.008112786069069074,0.022245583387447365,-3.108294180540853
AC246817.2,-1.196075568492211,-1.7261456115232023,-2.669186377487472,0.008137319215240375,0.022300819273266635,-2.939170482894233
HS3ST6,1.1331403611774467,-1.4625184050909692,2.663232221094829,0.008278311645869415,0.022628012948796346,-3.0504728939269508
IGKV3-11,-1.321413280403782,2.0899387585713605,-2.661403207628874,0.008322061614811995,0.022718638281688512,-3.391226230870094
SYN2,1.007066785808231,0.26455644259879646,2.648776543538208,0.008629813612441539,0.023419993571806894,-3.2034023041283852
DNAAF6,-1.3222027785835528,-1.5743208723058482,-2.6485197349856846,0.008636177724566138,0.0234310073520334,-2.9861706964944843
SMIM6,-1.1549882877577469,2.6533207299738275,-2.6475091323351068,0.008661263036195098,0.02348216907427914,-3.348665974758263
DUOXA1,-1.0386475809690594,0.953992644866608,-2.647270774797845,0.008667189122656217,0.023490058905036,-3.2424373481019866
AD000090.1,1.168051855313105,-0.03152530256311367,2.646773452077719,0.008679565391644967,0.023520464935972308,-3.2205936935778463
CCDC60,-1.4990520678477846,-0.2981714244000944,-2.645178778945053,0.008719357372445872,0.023606263385851856,-3.0790116264891463
IRX6,1.2373373236087277,-1.756547421142584,2.6368477924318774,0.008929920780327366,0.024064135499784325,-3.120820295472025
RASGRF1,-1.3162204467977907,2.144943803392243,-2.6347851195786927,0.008982755229220244,0.024174459385417405,-3.3077599437221403
IGKV3-20,-1.2617708908227043,2.786212825745509,-2.6340723228934104,0.00900107841517294,0.02421094728824442,-3.551365130147675
FAM155A,-1.0253645340369437,1.7584880150262614,-2.6269723096675155,0.009185433647376425,0.024631845025633783,-3.3282083055559206
COX20P1,1.0973427432328156,-1.5726737934034685,2.6160166912932983,0.009476561327113081,0.025305693392753417,-3.190211069646966
IGLV2-18,-1.2474537053250914,-1.4196947650666436,-2.611074883927962,0.009610571725502424,0.025616427508080162,-3.1609230949665705
TCTE1,-1.221003121940951,0.09977248207680824,-2.610718801733036,0.009620293214612436,0.025635861609957785,-3.2265737116773154
IGLV2-11,-1.37034915675854,1.7970208518787678,-2.6100909985095893,0.009637454521640375,0.025674613409073142,-3.459352364995908
IGLJ2,-1.2531606789716676,-0.1971552496932973,-2.608071754863269,0.00969283793343668,0.02579848587731366,-3.3003143321837665
PZP,-1.3087914900226074,0.1619321048418965,-2.607602841772779,0.009705739969077323,0.02582268086549647,-3.2322358540709426
UPK1B,-1.6380487754319768,3.985137606959676,-2.601071551758897,0.009887055509613281,0.026226118008011005,-3.656607137650175
FGF20,-1.8223919241292132,-1.14193862929936,-2.59457944246493,0.01007028740081761,0.026618353639513218,-3.109162799790877
C9orf24,-1.666747239552782,2.4732994772181423,-2.576283506990663,0.010603151430955164,0.027852972687441226,-3.5020052905608154
CDHR4,-1.8101897357592072,1.8145018220788043,-2.57572281506275,0.010619872773027516,0.027889016777052467,-3.4158607433785577
IGHV4-61,-1.2523212238686507,-0.8366901998789177,-2.574378606249843,0.010660056855870367,0.027977143018944904,-3.3208419639530424
CFAP73,-1.1240552522226597,1.1816530558869842,-2.573992382950714,0.010671627842133668,0.028000279404018162,-3.4157364647369564
MAP3K19,-1.294005586639761,0.6842707536787005,-2.5731783825720074,0.010696051553844534,0.028049877649075655,-3.3587855028526956
AC116317.1,-1.017127724488595,-0.6472116473423462,-2.5675341168380936,0.010866785580555956,0.028420608691187656,-3.274054748609647
IGKV2D-29,-1.220101048186162,-1.78676309372062,-2.565432775093585,0.010930969439798148,0.028566416728103068,-3.2610713015253077
HOXC-AS3,-1.0841259436258848,-3.4211771612944597,-2.5579861342891963,0.011161159817916039,0.029085704851817613,-3.191660135672581
MT3,-1.1536914610251607,1.0067032388578714,-2.5577864127914616,0.011167392832232293,0.029094486850697234,-3.4406635417347347
IGHV3-66,-1.1645331140978865,-1.6384367995638707,-2.5567066988610576,0.01120114302610671,0.029167460712696068,-3.303296051153838
LINC01541,-2.0253928457141344,1.8098976587895501,-2.549133674921524,0.011440437381923721,0.02965758282528287,-3.4512586189993093
SNTN,-1.6963416906907716,0.7491443521779526,-2.547341477095751,0.011497731730829647,0.029768309076849728,-3.3783029304391543
SCGB1D1,-1.300591695244718,-2.1356241075726956,-2.543198405962152,0.011631162755932777,0.030056166796131947,-3.270126866659264
FABP6,1.0037898580884894,1.3453564932223054,2.5401039537797425,0.011731722385641819,0.030277527081369437,-3.5856952412804333
IGHV3-23,-1.3259422772762812,2.1390278545434005,-2.5389902229054893,0.01176810451795676,0.0303521518049433,-3.698135906057609
FP236383.5,1.3098908698777736,-3.106192211093581,2.5322249407425645,0.011991277235781877,0.03082994541935874,-3.2695729689678457
IGKV6-21,-1.108977888272869,-2.492077337808544,-2.5318903141378257,0.012002413243610281,0.030850771058952238,-3.2822856174729904
SCGB1D4,-1.7649541541761327,-0.7560845855219583,-2.5279582452412215,0.012133961084745353,0.031143465613787048,-3.3393787318839343
FOLH1B,-1.014435333853069,-2.5866490294642848,-2.5279370543407413,0.012134673499093664,0.031143465613787048,-3.273458922821391
LGR6,1.1504306251635767,2.1986459527963085,2.5255412669890918,0.012215458121685467,0.03131915868110703,-3.7621784348655387
CTNND2,-1.1632628940654344,1.430040952591088,-2.5146954213706656,0.012587205278521968,0.032142525453031846,-3.6635680460534186
IGHV1-69D,-1.2361369193224223,-0.38674899551042774,-2.507409395699674,0.012842565547196672,0.03266969063854852,-3.526925997718215
IGLL5,-1.009201769915042,-1.9808264466897072,-2.506634384681321,0.01286999774063881,0.032724863515669105,-3.4036249344023872
IGHV1-24,-1.2028927461371155,-0.5930220994258991,-2.506549495808979,0.012873005624971023,0.03272841710306618,-3.515873302852495
ROPN1L,-1.3499246157430909,2.1294060959106633,-2.4932008667310193,0.01335385043531027,0.0337091779949724,-3.681525659696246
RIMBP2,-1.2669920856154122,1.0396352667690785,-2.492163737845951,0.013391870470602633,0.03378974245121389,-3.6284168191745647
IGHV3-15,-1.2262349247709445,0.88224732946621,-2.4910944328940814,0.013431170828693788,0.03388049099197872,-3.6611013334291527
IGKV2-24,-1.1811176392565716,-0.9278421348437799,-2.488654988775787,0.013521212337661168,0.034082242285827305,-3.5137628322995083
CXCR1,-1.006664044560039,-1.863408410549263,-2.482112586257692,0.013765352504726689,0.034611780812330226,-3.3967077561599175
LINC01765,-1.2124174202495026,-2.0202192224922273,-2.476995608233658,0.01395902310205505,0.03501643859863821,-3.3727679017504015
FOXB1,-1.6031698692425191,-0.5633720420599544,-2.472656631278161,0.014125140165527792,0.03531545684883588,-3.477905101279598
ANKRD66,-1.4502427444124368,-0.6392221674523434,-2.4711268686102965,0.014184124154863658,0.03544984497337051,-3.475830545652171
JCHAIN,-1.1815125924385486,3.8291808356075694,-2.4694928655521324,0.014247368898670102,0.035567256084638364,-4.082252893822901
SYT5,1.120753948512753,0.7868141778427092,2.4677852594811567,0.014313729917120483,0.03570789822456815,-3.6852013062634232
CXCL17,-1.4117506751073936,4.117021357823994,-2.4672188784268867,0.014335801152360132,0.035745408246910484,-3.9820172473339293
ADCYAP1R1,-1.4100743613786961,3.24507225342015,-2.4463912715216867,0.015168699238021733,0.03747278999800094,-3.8991325675983974
CCDC198,1.2690841969884157,-1.1476479528468657,2.4430328504495926,0.015306945236494797,0.037750073411785004,-3.5909009610576974
IGHV3-11,-1.168962049758918,0.012846573494548619,-2.435218247340183,0.01563295482156046,0.03841145026041608,-3.7226982661690897
RBFOX3,1.0118643540659202,-1.3864348059079,2.432088610077207,0.015765231629919635,0.03867848474728231,-3.6373407171525782
ADAMTS18,-1.0323460252683414,0.029809483396873553,-2.4227700765375664,0.016164972990385707,0.03953037072032235,-3.6962028784539807
PPP2R2C,-1.007179944920015,3.840444422538463,-2.4202456011114766,0.016274798600103554,0.03975589023419526,-4.1030192558965926
LRCOL1,1.0102032781630355,-1.0517307940759537,2.4105492265887447,0.01670279201962107,0.04064506046537101,-3.6657850813956334
TMPRSS11E,-1.0335432469064925,-2.5555990116138663,-2.3965866323873737,0.0173365627087964,0.04190489153697125,-3.560002006185547
CCDC78,-1.0607335262919237,3.4332152948937606,-2.3905669743474514,0.017616283882367693,0.04245119203524318,-4.102218778597024
CDH22,1.0910167316781534,-1.1987116581651713,2.3817294089393095,0.018034160282438032,0.043247937885577646,-3.7353572921596996
AC004832.1,-1.1425673034502863,-1.8361782410054355,-2.377108256377145,0.018256127240737517,0.04368230869328341,-3.617047844637445
IGHV1-3,-1.207511221977248,0.042602568759228535,-2.374221252151765,0.018396016773905573,0.0439704392464844,-3.867677945274086
CRYBA4,-1.2455564245495858,-2.3463582512401757,-2.366966902197062,0.018751701032962278,0.0446630225939207,-3.620818190729727
LRP4,-1.012861877702989,4.5228129542735,-2.3654798792229372,0.018825353733403317,0.04482269087133189,-4.391255562547096
LDLRAD1,-1.1697290039103856,2.13940838007954,-2.3651977088960177,0.018839358425327274,0.04484742595326968,-3.9960098946009444
AC010970.1,1.191756317407243,-0.30429909244972364,2.3610541829088985,0.01904606872517809,0.04522106317412611,-3.8762570461745223
AC010329.2,-1.0032042477563543,-2.828589839104868,-2.3556335695841657,0.019319501432688038,0.04577992263589695,-3.6289654886266076
IGHV4-4,-1.2090232362005882,-1.0377849219001352,-2.352758338963119,0.01946593370474017,0.046056535112356134,-3.8275626321156873
FAR2P1,1.0335144669838496,-0.3942441536571694,2.3516599143703347,0.019522132336909873,0.046162631485207245,-3.895691846911798
FAM166B,-1.1715499584172098,2.277451442929034,-2.33921166784652,0.020169058220771217,0.0473891259282028,-4.04568792441984
PAEP,1.0529394374892131,-0.981731116740253,2.334899095744547,0.020397530338444967,0.04783609442640345,-3.9196567717022752
DCHS2,-1.0305051630097743,1.191472985557017,-2.3343246222202185,0.020428135733443015,0.04788160888553752,-4.002250193604874
GABRP,-1.011996883106058,5.033256836019574,-2.3266630140801485,0.020840182505004398,0.04865103023566614,-4.5128138738526316
PAGE4,1.056593970785546,-2.300659768469075,2.3265753616844354,0.020844938392677745,0.04865654391785718,-3.7897563461768717
IGHV3-43,-1.0288356697749523,-1.790178904401865,-2.3162902529542717,0.02140964520970704,0.049729100484809816,-3.8373135045242908
