Gene,logFC,AveExpr,t,P.Value,adj.P.Val,B
MLH1,2.1731103704337293,4.05821587559975,14.67550019120571,5.507534645778477e-35,1.1193513414080177e-30,68.00015233010355
EPM2AIP1,2.2379371098137923,4.318886213480384,12.541305129474967,6.361095485564076e-28,6.464145232430214e-24,52.33312755830913
ADAM32,1.9777286863560646,1.5101149633408653,9.77366044937753,3.924168314958448e-19,2.65849322777385e-15,32.29384583219425
RNLS,1.970218681394038,1.8656653762682474,9.532683844561392,2.1050178310745646e-18,1.0695595599689863e-14,30.68581873319246
CFI,2.2122436178830776,4.328366559181898,8.817585394241114,2.7605494944902924e-16,1.1221081585204142e-12,26.4094185745236
CDT1,-1.0620251940441152,5.10144708820361,-8.39753949719765,4.449540785876747e-15,1.50720778220265e-11,23.712872493807907
NFE2,2.196359963998245,1.7863478456151698,8.295824959088963,8.63375643810186e-15,2.5067495121140315e-11,22.83174709870098
SAPCD2,-1.077897866381833,5.071718175734694,-8.239705221750707,1.2423940948674139e-14,3.156302198010665e-11,22.71163988061597
TOGARAM1,1.0533128381788264,3.248553940719917,8.123408152511653,2.6303487127213457e-14,5.939911915260959e-11,21.957194082821232
RRM2,-1.1372745964171722,5.485226325580476,-8.047010092629977,4.2920894745564904e-14,8.723242648088611e-11,21.49879282043958
LINC00865,2.205076807136775,1.0722519002089461,7.9495337796926275,7.987727256559962e-14,1.4758415342029516e-10,20.63941502417054
WDR62,-1.0030881756534518,4.106426255781596,-7.822942309695343,1.7785455872194045e-13,2.7805508088190137e-10,20.13787536926715
SPAG17,2.5518129709943094,1.758036846281491,7.736016171133001,3.068918669188624e-13,4.3439332922912685e-10,19.467679454323903
TCF19,-1.0076642629557,4.335355521716278,-7.729028860661841,3.2060125656548427e-13,4.3439332922912685e-10,19.565530769899244
DNAJC12,1.9676944839581678,1.1032714967896615,7.555403645430107,9.428900821713947e-13,1.0085946331606014e-9,18.34632260406265
TMEM163,1.8223128399209403,1.146545699872538,7.538460395586266,1.0467747433236557e-12,1.0637324941654991e-09,18.244556302526195
E2F2,-1.0072935835689134,3.2436099823412823,-7.375497755495045,2.840629296802238e-12,2.4691534650294976e-9,17.449530561717616
EDN3,3.8676252145474286,2.021504449550903,7.353284644658417,3.2514898036272025e-12,2.5416645680353563e-9,17.286012402853867
RGS22,2.819945179353131,-0.26980429055496224,7.3252836785373425,3.853787971137157e-12,2.852906676623731e-9,16.80705388943971
PKMYT1,-1.013964513738578,4.537809371947168,-7.25271347792417,5.975727444605707e-12,4.187954640833324e-9,16.727404268955695
C8B,2.373444483054937,-2.73545844151602,7.226094478158737,7.014294911331782e-12,4.59866225090023e-9,15.861904253869913
AL109615.3,-1.1984478641806007,0.6554524713713243,-7.113831336173644,1.3733754173936096e-11,8.458327873669007e-9,15.772496444859057
E2F1,-1.0895228695818036,4.449879665069041,-7.096454933354748,1.5230288738932132e-11,8.503859118851366e-9,15.830243048706741
CKAP2L,-1.0396141401729433,2.760719537470899,-6.96454123272094,3.322875519191795e-11,1.4808154742224813e-8,15.077324559941314
LINC01132,1.1665505946273944,1.159514568862,6.962072070208282,3.371463748229549e-11,1.4808154742224813e-8,14.978843761220437
XG,2.296270932631211,2.2651714056736276,6.9594195185716154,3.4244404294654903e-11,1.4808154742224813e-8,15.052473529532126
ZNF717,1.5925302035330662,0.9065374696355656,6.946908704399352,3.685566095012806e-11,1.5286825574498012e-8,14.835295038880696
KIAA2012,2.2204399020652303,-1.2769471234831937,6.915951597763603,4.418972736739559e-11,1.746881621524902e-8,14.452136144484859
ULBP1,-1.7560350634262896,-0.8040373711206926,-6.914009891812305,4.469486534112128e-11,1.746881621524902e-8,14.507267676500192
ZNF300,2.155991935856894,1.7272650968656198,6.891415940697582,5.1007463137640213e-11,1.919769779276666e-8,14.586928542697002
MYBL2,-1.0105906036809547,6.3950195907057,-6.877581363225868,5.5297822302282895e-11,2.0434053463119956e-8,14.510449338003678
TRMT9B,1.7642708238747642,2.0677723032124087,6.819029074203872,7.774356972739004e-11,2.6780683239652122e-8,14.261841441372155
AC006116.2,1.9109470050411876,-2.101660334203378,6.784071452240056,9.519624958641703e-11,3.171751764908754e-8,13.631887729194295
AL390755.2,2.313134317935443,-0.5123984425773428,6.764261924579802,1.0674191783109182e-10,3.386281188877645e-8,13.776073539763923
AK8,1.2955705897154672,2.525759486385453,6.761752121073202,1.0829968376158578e-10,3.386281188877645e-8,13.956779795997853
AC013724.1,2.9747901022038166,-0.8038178146978511,6.74216711958789,1.2124862315614614e-10,3.733722753068961e-8,13.674772157155205
GPR83,2.196810774838962,-0.25282965428757403,6.712786384228952,1.4357865980773535e-10,4.291312767547666e-8,13.508870892214407
ABHD12B,2.420207316700044,0.0957802912519115,6.691852121658991,1.6190989445755265e-10,4.700938135650429e-8,13.449957124821362
CFD,-1.4602473408310466,2.5809095721211883,-6.656317240624662,1.9843301062286687e-10,5.449935821485333e-8,13.376720113880348
CXCL13,-2.9257037294101234,0.610819510922794,-6.628408705709109,2.3269329482247264e-10,6.222708584173597e-8,13.13324321633473
SAMD12,1.0194891638173362,4.083764790214879,6.611877671722573,2.556625870147383e-10,6.74816417985395e-8,13.117377171069794
HASPIN,-1.0266509560003723,1.6850897285990938,-6.582705797989306,3.017535752138903e-10,7.571406990922353e-8,12.939185292657593
RGS7BP,1.8620472481422856,-0.013755317989875232,6.55642884181003,3.5020156692012286e-10,8.47321029295783e-8,12.712774773731173
CCDC170,1.520252987123305,3.6861724601774952,6.552373413060607,3.583300993619379e-10,8.511106558060859e-8,12.782984172122058
LINC01948,1.1935424652493487,2.069383339414688,6.5264023934632,4.149595912898589e-10,9.475998576825946e-8,12.654811090207343
THSD4,1.7980713478822912,5.944130102561167,6.47761919340108,5.460786339885017e-10,1.1835611547260867e-7,12.304083432507237
ERP27,1.868699868470507,2.7610544439139137,6.46990938021432,5.702276136974661e-10,1.1996750618448932e-7,12.364228319768294
AC026402.2,1.7543828682099023,-1.877112677891882,6.469179675638751,5.72566822470747e-10,1.1996750618448932e-7,12.035023214164971
MYOCOS,2.65759788448583,0.5773322977905014,6.46279614964805,5.93436336026312e-10,1.230714295244772e-7,12.25788458512156
FANK1,1.16016871163083,3.4537089790790665,6.450862592815713,6.344728275927644e-10,1.2895025747995344e-7,12.251612456886415
KLC3,-1.8168168008064982,1.0690650808602213,-6.4490374461623885,6.409899323945359e-10,1.289849444157084e-7,12.17574720213543
MEIG1,1.3200163386925972,-0.4969799842323621,6.410657953062023,7.943048913774764e-10,1.5374716773672218e-7,11.889316757123616
CD8B2,2.752184495082269,-1.7459940643857725,6.396539000364031,8.593260503032346e-10,1.6322376305012094e-7,11.681646720446567
AC010255.1,1.6401411045375167,-2.4097740329965434,6.391862322394213,8.819938533800852e-10,1.659781766305264e-7,11.588049614358509
DLEC1,1.8987848580952944,2.1628119762207016,6.376273286104838,9.618744748774388e-10,1.761183497964781e-7,11.869772783581702
NME9,1.5518953865591982,1.1621193068339977,6.367829228219114,1.0080645902504822e-9,1.813088914358478e-7,11.791383410618348
SHOC1,1.6846141894876263,-2.277315939739998,6.349735925573133,1.1144884257065401e-9,1.9526605831085966e-7,11.366057081041175
LMNTD1,1.9948482014742306,-2.0067047448732174,6.3107530194738315,1.3826337739863685e-9,2.2661813566531414e-7,11.248891868622003
PCAT19,1.6801593351484208,3.5165248483565947,6.273897873765859,1.6938533214564155e-9,2.7540699924224155e-7,11.311587260885219
KLK4,2.5460788201788533,-0.16111462815214048,6.2341676499781125,2.1063795569795517e-9,3.3445357903165944e-7,11.032810937476457
AL356310.1,1.5200700205003073,-2.7870024899368993,6.219480112230933,2.282596699116927e-9,3.596239946732746e-7,10.673498513717384
ELFN1-AS1,-2.436192284147132,-0.7872332551237083,-6.18284545975429,2.787532420557874e-9,4.271586021609032e-7,10.665631313096629
DNAH9,2.0228941619666787,2.7110847608908513,6.178946714323213,2.847318959300762e-9,4.3185754125991553e-7,10.82791070939488
CEACAM21,1.9496470156773977,1.8933799794410848,6.171075415849118,2.9718785657937683e-9,4.441210291999452e-7,10.79593975519061
ARHGEF38,1.1133876089522676,2.1717494434641482,6.159230874373222,3.169437573233836e-9,4.6678006694496004e-7,10.736702223841569
FSTL4,2.3071524571446633,1.1782831192392595,6.1465767100565385,3.3947197437283984e-9,4.893211636279147e-7,10.63607058617698
IGFBPL1,2.0149255598271942,2.3655058341683235,6.120193716939316,3.916037181752751e-9,5.604672872850825e-7,10.535856112711574
CFAP300,1.6741401959464155,1.987324799238226,6.11613734268538,4.002855114169392e-9,5.604672872850825e-7,10.513189983537828
CHCHD5,1.2117203810541786,4.355257350354222,6.115159455357965,4.024065093006304e-9,5.604672872850825e-7,10.458031068821533
STOX2,1.159693563544451,2.752803988980724,6.113506922139427,4.0601583351782854e-9,5.604672872850825e-7,10.501437673819908
DNAI4,1.1752298942791817,3.119100981736154,6.113218789852233,4.066483860629408e-9,5.604672872850825e-7,10.48241221614608
ERICH3,2.160265016158619,2.1327006492165674,6.083066267007004,4.784653608865846e-9,6.439953638846984e-7,10.340098553119077
PACRG,1.7449084827879453,2.028142799505353,6.06401463034118,5.300980457977378e-9,7.04164227633544e-7,10.24779499769351
SLC25A35,1.3339198707234887,5.18150505230975,6.052123288039189,5.650500674728552e-9,7.409082304076329e-7,10.038177848969644
CABCOCO1,1.8731407280942651,1.2763629694869307,6.0323504073097,6.282252713669316e-9,8.184647702090715e-7,10.077781310471773
MAN1A1,1.2834448913403582,4.459444815283343,6.026134256325819,6.494780898688715e-9,8.407638661461749e-7,9.963113359244392
DYNLRB2,2.054463427932461,0.3213077196669517,6.023617324606977,6.582821570111526e-9,8.433902216583028e-7,10.006044996248834
AC007277.1,1.9921687598660582,-2.027144988361563,6.02258846363326,6.619145879908803e-9,8.433902216583028e-7,9.81119639583429
CCDC148,1.0014803983696705,0.7245916033190617,6.022012645835811,6.639560886898664e-9,8.433902216583028e-7,10.00349926027235
FAM47E,1.0933065584754327,1.3085394513191613,6.0120051948878235,7.004367177422088e-9,8.787454229254722e-7,9.973983429869989
ALKBH3,1.276850744166401,2.968062372316582,6.004353061338855,7.296480359710275e-9,9.097770971211757e-7,9.944682655564222
RGS6,1.7389995229435304,0.7781920727077877,5.992837312562903,7.758685090189154e-9,9.507656555174163e-7,9.855658651932968
RP1,1.604225258167359,1.1730029058391085,5.966320356668935,8.934653986974495e-9,1.074484660540057e-6,9.740344889640479
TTC30A,1.3677981861388866,3.117561992413962,5.958100425181547,9.333379258855884e-9,1.115832941511688e-6,9.704001132478997
RASGRF1,2.1625780654434656,2.144943803392243,5.943741928421422,1.0072030484201589e-8,1.1970991085433514e-6,9.637968805583412
HOXB4,1.419068415226402,4.097277640739017,5.925388421073655,1.1099889213424858e-8,1.2944690678368361e-6,9.485910400965608
ADHFE1,1.465433190559594,-0.5869950531055153,5.924603904883115,1.1146038519555516e-8,1.2944690678368361e-6,9.424986807716797
EFCAB6,1.1981224452727932,1.76989836462379,5.919923472430437,1.1425290551506295e-8,1.3193613930046246e-6,9.51966656716586
CALML3-AS1,1.492351516539153,-1.205688482650849,5.9133102035762235,1.1831558741123353e-8,1.358557061325373e-6,9.361367238787214
CSPG5,-1.3177256167340787,1.9409474623578067,-5.910115693304212,1.2032831998486083e-8,1.3739060535799503e-6,9.467431905745633
AC007405.1,1.4911475734500095,0.4715257461667291,5.904851616454765,1.2371827898939491e-8,1.4047208392069623e-6,9.412219750653966
MAPK12,-1.1141089832458295,3.1189652120806093,-5.897831820992885,1.2838453180599616e-8,1.4496040135694811e-6,9.392050827883935
CXCL9,-2.0588420644820262,2.990423450942546,-5.892913486077607,1.3175596141950238e-8,1.4794520220386554e-6,9.368694192475719
CBARP,-1.1697998511181988,1.2815569606329957,-5.890215625988406,1.3364190244644327e-8,1.4923835303964356e-6,9.363538377593336
MROH9,2.215691795152384,-2.0301167622730008,5.880692244793722,1.4051263177349436e-8,1.543664177386216e-6,9.14134573109791
AC013470.2,1.7239642186427289,-1.6453236332510879,5.854615469233338,1.611418353220259e-8,1.7328289212089176e-6,9.043018152402595
HOXB3,1.5900238586605493,5.850903804411237,5.841193619557934,1.7288535258331924e-8,1.8325471856629307e-6,8.961442708952342
TRIB3,-1.2351339561560555,3.818243295721155,-5.840934633328754,1.731199860496372e-8,1.8325471856629307e-6,9.089023553341363
CCBE1,1.944999900002339,-0.5431078922779587,5.836844157275084,1.768673678662228e-8,1.8568977670295399e-6,9.017725642250628
AL354766.2,1.8460566927500337,-1.2951424825544033,5.836433779634727,1.7724767112956638e-8,1.8568977670295399e-6,9.00674461403132
LRRIQ1,2.2224278892123595,0.9617100867181907,5.827614758286777,1.85616232919019e-8,1.924726692778644e-6,9.045102805508936
YWHAEP7,1.6876614154383782,-1.0384678989431053,5.82020514046468,1.9294483598736067e-8,1.964625532438943e-6,8.904105060641932
LINC01694,-1.6428915588376032,-0.8591376910530916,-5.81979868215504,1.9335492810479385e-8,1.964625532438943e-6,8.912825971181896
HOXB8,1.8509099495795818,5.434999136724109,5.81323715164877,2.000941783300278e-8,1.9973918215767054e-6,8.850440592356994
TMCO1,1.1617771677635869,5.864720174131523,5.782591129811343,2.347328684136182e-8,2.3046912162504232e-6,8.667187650996496
BEX4,1.1570970618457257,4.811572311878545,5.778342428213637,2.3997545418215352e-8,2.3448370821144655e-6,8.713620240561504
HOXC-AS3,-2.2197574376436644,-3.4211771612944597,-5.774395967522876,2.4494744782202756e-8,2.381967430399468e-6,8.475984340753584
KIF6,1.214741291984753,1.4486269584784268,5.7698407171771295,2.5081159481120298e-8,2.427378501401376e-6,8.773809965270177
TNFSF9,-1.46397633423989,0.3487429621718244,-5.767971134924415,2.5325786831668388e-8,2.4394374007906557e-6,8.737838307897377
CFAP58,1.5128351739958912,-0.11808097363222558,5.765980329570992,2.5588837535827387e-8,2.4416316153904026e-6,8.713457509076042
AC244636.3,1.1458540090195604,-2.0446488481799543,5.758410870403632,2.661359301994397e-8,2.5275451613894448e-6,8.515379080098647
KISS1R,-1.9045414412190256,-0.38198317350204225,-5.752152354158775,2.7491046222258073e-8,2.5987349926566188e-6,8.637602564541108
SNTN,2.7420636967667047,0.7491443521779526,5.75080624080765,2.7683432298597463e-8,2.6048059168365504e-6,8.680774584750946
TDRP,1.3237155772893372,3.465442507618675,5.74915806185561,2.792078047379023e-8,2.6150319923931456e-6,8.646324955051291
KLF3-AS1,1.040919497340847,1.877134287280062,5.737921892235773,2.9592644946146994e-8,2.7589032838784012e-6,8.622291077563752
DNAH6,1.4866448609001592,2.5021313390496047,5.724897866940368,3.165303759633614e-8,2.9210684694235336e-6,8.549791099186317
AC130456.2,1.733571609155185,-1.5485872908951934,5.710596102457411,3.407698539359114e-8,3.1057428302212835e-6,8.359760048063487
CXCL5,2.3624837468270123,1.6226067129962578,5.701943648200263,3.563044959889696e-8,3.2184589228799186e-6,8.447288528119417
FAM124B,1.2120856732153618,-0.5546763436845552,5.691906073489015,3.751931113925902e-8,3.3444845596241247e-6,8.331861543845493
ART3,1.587432972455566,-1.3195145330664924,5.6799582249868825,3.989528505760558e-8,3.510094257622406e-6,8.254208848170517
SLC27A6,1.5845549471926215,1.241148554469136,5.677920884392535,4.03148300755258e-8,3.5165605427252632e-6,8.326156452273642
IRS3P,1.2715166063243675,-2.4008884149203285,5.668356538172281,4.234264210846907e-8,3.677657513728741e-6,8.057868940372005
H3C6,1.2353603906374704,1.3698986949663023,5.644848635115477,4.775899720053229e-8,4.112940080947535e-6,8.168839004680462
DYDC2,2.177343842746117,1.319893969624453,5.641351910416247,4.8620361220271666e-8,4.169452411142622e-6,8.14950413833026
AL606970.5,1.558390785597747,-0.8289268830564508,5.638213794888306,4.940627762007591e-8,4.219047001472364e-6,8.074878458253849
DHRS2,-2.0578360717995117,-0.9243014764425421,-5.628848595688649,5.1826116058200674e-8,4.380458965236667e-6,7.983735137967422
TIGIT,-1.371342245890371,1.2897807866373812,-5.6183445425595515,5.46778566735283e-8,4.536575653019612e-6,8.042468303136546
APCDD1,1.439506114054975,7.254916745162743,5.613929648651107,5.592162280906174e-8,4.601421303527817e-6,7.795480168779657
SPAG16,1.3958337086940067,2.8382002950001834,5.607552774952891,5.7766956652510735e-8,4.734095270183985e-6,7.980444920902013
SAXO2,1.3578722370209069,1.2273267957979432,5.583905948239366,6.51426217786537e-8,5.272223714629834e-6,7.879309231799361
HCN4,1.4981290984306306,-0.1469857104900413,5.578129934539951,6.707929016336679e-8,5.388614597945718e-6,7.801397072561231
AL161668.3,1.3461740701786247,-2.0394171502103706,5.57458240435282,6.829646393257792e-8,5.446622165892335e-6,7.67195913996739
LRRC63,1.4327684297336294,-1.7053205298885434,5.572019894484449,6.918903912416093e-8,5.4550296837949485e-6,7.698751352416054
CPB2,1.2802919124568424,-1.8277827889645795,5.569092800405624,7.02225241082367e-8,5.510434671721246e-6,7.6585981727590955
ASTN1,2.0015858223055987,1.1528993443254636,5.5646290133413245,7.182761164838999e-8,5.5931968549497246e-6,7.782884283015897
SDR42E1,1.9134259911875082,1.7697230130275083,5.559318946743549,7.378361671774041e-8,5.723581015921207e-6,7.760193395382362
ENO4,1.3984186326525798,0.15920339347465304,5.557680289688155,7.439764362087125e-8,5.749268855325427e-6,7.735586329646875
CCDC65,1.3700395257871802,2.603847510509483,5.54895131867895,7.775338207520494e-8,5.954944989054686e-6,7.695681769625887
TRIM17,1.6261576573810166,2.476455330721885,5.546998243518101,7.852417127861916e-8,5.954944989054686e-6,7.7015082618733395
DNAI3,1.8042909523071935,0.9345687861156208,5.544564098170542,7.949524670636285e-8,5.983931089111551e-6,7.6892099847923845
AL133331.1,1.7344097615481102,-2.629787711843301,5.5331427471617545,8.421018203668748e-8,6.22359178077686e-6,7.449225585690843
AC096645.1,1.6776072933262913,-1.0327505125472567,5.5314514575149865,8.493114737759454e-8,6.254132751095042e-6,7.574199647538574
LINC00900,1.0711077585585635,-0.8650374223253937,5.526940419854223,8.688366187940166e-8,6.351883251931508e-6,7.5369998068102975
MICU3,1.4637183740805235,0.3808334508345034,5.5242668244853945,8.806144641323058e-8,6.414913393915764e-6,7.582411724098392
LRRC4C,1.9264263535859738,0.7246573386634919,5.522483185637532,8.885581920204736e-8,6.426710567481888e-6,7.576317829391154
HYDIN,2.3464566250519345,1.8500380296687402,5.507859676485032,9.56373263729376e-8,6.772588924054299e-6,7.518377312997941
FLACC1,1.3176553201630412,-1.2864386751746606,5.505934636875191,9.656677236012311e-8,6.784270279165434e-6,7.4182984210111815
AL137847.2,1.0600600025661424,-1.7604257257709455,5.505446808761257,9.680369912212044e-8,6.784270279165434e-6,7.38667379287186
FCER1A,1.545093319988541,-0.610209746863668,5.50379790676562,9.760873201039818e-8,6.80901943517985e-6,7.4514445380856325
ANKRD45,1.561328865238991,0.0059959103071532075,5.503353351641649,9.78268881653472e-8,6.80901943517985e-6,7.467843410237164
TMEM212,2.113000990342721,-2.674107483607106,5.496116770233835,1.014456085916153e-7,6.9654748277567205e-6,7.276177288104799
FGF20,2.7973373341435464,-1.14193862929936,5.490911177160466,1.0412901308635523e-7,7.054393539890279e-6,7.386945800388305
LINC00327,1.2209814342959513,-0.8659588750391246,5.482252790333812,1.0874615595929061e-7,7.34271386616818e-6,7.339146536481669
DPEP1,2.1367739419754583,1.977260503281371,5.4642352573108806,1.1900221681409248e-7,7.903925014802666e-6,7.310070156965286
PARM1,1.2102060934302545,4.284847729678896,5.463300185231847,1.1955944163805237e-7,7.91506870310025e-6,7.171941726997483
ECRG4,2.174689629750532,0.09054554924875824,5.458494904185063,1.224633058958588e-7,8.0288523517014e-6,7.248062389666444
LINC00683,1.0860093222902802,1.8137761489630897,5.45660147443676,1.2362628155622148e-7,8.079037126522976e-6,7.273680980970955
OTX1,-1.8031190424681276,1.7622076729524594,-5.452329481155477,1.2628985154867823e-7,8.200367229633663e-6,7.258276084361535
C10orf82,1.9023535436852144,0.6942640432456689,5.443545977051529,1.3194303532419884e-7,8.540160031621075e-6,7.204006219125329
H2BC17,-1.1363624574126086,-1.399884039619463,-5.439947445573655,1.343295791863594e-7,8.612129864066178e-6,7.090318241765191
HRH1,1.0023738808501665,3.930714569290127,5.438689591701982,1.3517365807110364e-7,8.612129864066178e-6,7.104171319771972
HOXC11,-2.3337336551133396,-1.902083412236193,-5.433032186352096,1.3903431232594346e-7,8.732485887947431e-6,7.04843559615618
H2AJ,1.0428525112858464,5.482998494039333,5.432453391349418,1.3943528591567206e-7,8.732485887947431e-6,6.954944851515551
PRMT8,1.9129133628126516,-2.2293520207345083,5.431706175757589,1.3995460178250065e-7,8.732485887947431e-6,6.994669136154476
VWA2,1.4834587510259336,4.649692119330065,5.43153995695615,1.400703798204518e-7,8.732485887947431e-6,6.997643449596024
AL353747.3,1.6642654016719984,-1.3614125618545465,5.424248961728294,1.4524161831399542e-7,8.972312007944203e-6,7.06193357916082
LAG3,-1.2183502288145365,2.4439768155397856,-5.417020266688905,1.5055192949703575e-7,9.27217398514471e-6,7.081707386053338
VWA3A,1.926650683336685,2.5511491328312745,5.409197903715532,1.565112375932293e-7,9.552355534068446e-6,7.0245180461963415
SEZ6L,2.5930681569062464,-0.9555082459030297,5.40833469539093,1.5718275209482382e-7,9.564617525674249e-6,6.999464437546097
ZKSCAN7,1.027665246814526,1.3819531219482744,5.407129093708359,1.5812531898869416e-7,9.593250695899166e-6,7.047068718800977
AP002008.4,1.7331420504523267,-3.3464436525223253,5.406445537613113,1.5866217991120984e-7,9.597173049153062e-6,6.815977004971161
AC060766.4,1.0176481288850292,1.1044362348007284,5.404988090125849,1.5981278030185242e-7,9.638085895711716e-6,7.0370305885635425
F13A1,1.1849698548437253,3.3818267298063738,5.402223972912247,1.6201729271997717e-7,9.698014010784987e-6,6.958160971707618
AC009312.1,1.523525898296804,-2.5529056878646537,5.401382310954735,1.6269441496235763e-7,9.698014010784987e-6,6.8340859033693535
CFAP70,1.1925045669424175,2.023897906455642,5.400335893237775,1.6354010556977562e-7,9.698014010784987e-6,7.009910000097281
FGF8,2.229961103300634,-1.7342758699046377,5.398567291146402,1.6497918348485062e-7,9.747200363796814e-6,6.908402376151119
Z99496.1,1.876802731750262,-2.691950768801031,5.397741296680609,1.6565549371231445e-7,9.75878914263501e-6,6.84224395005941
MAOB,1.2225743769924988,4.330048755306674,5.386262239360047,1.7533828546801766e-7,1.0210817518200548e-5,6.806225384069036
ATP2A3,-1.1836123516535704,5.180766330181467,-5.373284892745454,1.8694861660211136e-7,1.07331742480828e-5,6.681935541121684
HOXC10,-3.2038063065799722,-1.144446870951604,-5.3640564655306635,1.956564836415352e-7,1.1138718133138827e-5,6.770600547668452
LRGUK,1.0419047673122916,1.3802712799946788,5.361235380416797,1.9839629311801205e-7,1.1263145981370047e-5,6.835259715516286
CFB,1.401759740647399,2.4142352364108373,5.357615295357174,2.0196680024269822e-7,1.1413271063787499e-5,6.812897384913145
CFAP43,1.4537320377243272,3.0692776450008963,5.35741735129734,2.0216382518025484e-7,1.1413271063787499e-5,6.757949766426444
AC127070.2,1.1422108491099958,0.3165223468806945,5.3558636087063896,2.0371685968586054e-7,1.1469089906524735e-5,6.799876282504922
AC080100.1,1.5500985325788361,-2.7382152949613316,5.351306573770274,2.0833904389902676e-7,1.1664690711305289e-5,6.600952848026518
KBTBD12,2.3896192323256895,-0.6927996173148885,5.3370039399663725,2.2351833951210248e-7,1.2445991047243755e-5,6.662521587839219
MUCL1,2.754494648227857,-1.101018631432534,5.333234987938156,2.2769407137504125e-7,1.2609412279635799e-5,6.6638339358141465
CFAP53,1.2680908348149804,2.2971113183208214,5.314847911406394,2.4917786790300944e-7,1.3613685449625709e-5,6.601667292517957
DNAH7,1.1031728846187916,2.284169708389817,5.307314052566348,2.585386998878839e-7,1.404957362706244e-5,6.570784904447525
EIF5A2,1.2623736331069764,1.8154479443068439,5.3055306948196534,2.6080406779656544e-7,1.4134884997059723e-5,6.577879304217844
CFAP221,1.4091693479653422,2.7500041778052347,5.294564633692967,2.7516413647550964e-7,1.4797807167716891e-5,6.4912699163533905
IGHG1,-2.3443912402030085,7.835379569149636,-5.293982100012977,2.7594808682172315e-7,1.4797807167716891e-5,6.261606310476143
RIIAD1,1.9266068718233134,-0.08812691279015833,5.283126128208253,2.9096110775102594e-7,1.5561825141925926e-5,6.469225484115363
LINC01480,2.481498744153595,2.0009474995576375,5.28194820090671,2.9263705417050007e-7,1.5610381860790667e-5,6.452096395087034
WDR86-AS1,1.5715610917599507,1.7667924758636682,5.26723661410154,3.143753699085839e-7,1.6546783857763576e-5,6.397786188454774
AC124248.1,1.0894958006251523,-0.0882855293475568,5.266779054072082,3.1507603586668486e-7,1.6546783857763576e-5,6.3894827804042595
HOATZ,2.4496699568265763,-0.6682218804794511,5.248228176409893,3.447969284514986e-7,1.7751702759452692e-5,6.290131909860987
PROM1,1.6923009039731767,5.750856591401686,5.247635659447438,3.457897575149032e-7,1.7751702759452692e-5,6.083008590332735
ARMC3,1.6466394258501778,3.7123630810309667,5.23061947685122,3.7551747768625114e-7,1.9127862697983378e-5,6.119362434026462
TEKT3,1.4693977968100367,-0.03111747518098513,5.225569953143955,3.848068546343279e-7,1.9457720663652425e-5,6.210570898822622
CYP1B1-AS1,1.0897230812661745,-0.6641327610197101,5.225538524021841,3.848653664036742e-7,1.9457720663652425e-5,6.181584960003528
C5AR2,1.2529310076625615,1.7029822113067208,5.221731924528557,3.9201640003290056e-7,1.972114186700166e-5,6.184283933689729
EMID1,1.2536750491646265,6.186927195861177,5.217716034903518,3.99700446646725e-7,2.0008649944945908e-5,5.925510340711333
FHOD3,1.1463283440387615,2.397461371389236,5.215042010213258,4.048978639490718e-7,2.0169471046325822e-5,6.1445037481696465
SYNGR3,-1.235684755356106,1.1192650841815077,-5.211448530106608,4.119858598463096e-7,2.038688950897099e-5,6.152165246193693
NANOS1,1.219887343387744,1.5777339464084186,5.210604214178988,4.1366863780990755e-7,2.040631406516641e-5,6.149444242780988
SCNN1G,1.7713044013989587,4.098058968079628,5.1982542239887595,4.390591498033722e-7,2.131953699650014e-5,5.954111017896475
IQCA1,1.8873830041578583,0.9120865831600827,5.197164512133797,4.413707832204753e-7,2.131953699650014e-5,6.084009891935089
CHL1,2.207625462330227,1.4772034131962504,5.197046432129119,4.4162197773698873e-7,2.131953699650014e-5,6.089219076470984
AC105052.5,1.2854959870895257,-0.06203601170174581,5.194540113980276,4.4698658629878993e-7,2.1476490259897412e-5,6.068089898311158
TMEM232,1.486773786976356,0.6989375641332088,5.190680021171945,4.553728233895994e-7,2.1776464147224042e-5,6.060604306322373
LINC01541,2.808053334950218,1.8098976587895501,5.168707954920099,5.060970476847073e-7,2.3868377293611893e-5,5.935518563671747
TMC5,1.1470502772668283,4.751428549892589,5.167068290389262,5.100948053942981e-7,2.3942648556197955e-5,5.727084014566707
ERICH2,1.1206590994394898,1.7178289230090622,5.164664884537591,5.160101194802401e-7,2.41089417662446e-5,5.933966652292367
CFAP251,1.0168484831986806,4.091455390479098,5.154106841391488,5.427938596437669e-7,2.5229893111868412e-5,5.735868590822715
BCO2,1.0681361524227921,0.22492991503174425,5.153748454834121,5.43726293200077e-7,2.5229893111868412e-5,5.889512991130248
RXFP4,-1.5924267852857106,-2.1603157599571965,-5.149368601953131,5.552479102335296e-7,2.5705828081062083e-5,5.759368807210619
HOXB2,1.1457312853136834,4.896010749706039,5.145271933682087,5.662387688358206e-7,2.5977961033451958e-5,5.663327574234771
PPP1R36,1.034136005794741,0.8971168498395207,5.137689579923781,5.871407888674612e-7,2.6755716127673275e-5,5.824281175115855
FGF3,3.0598886418657636,-1.739032388626616,5.136851151631367,5.894975044388645e-7,2.6803014049699064e-5,5.751607013294259
GALNT5,1.2164260759650705,1.015246800561118,5.132116098103441,6.029803905167302e-7,2.7293927520850836e-5,5.798456746373242
AC246817.1,1.5533519678583088,-2.427125277972322,5.129968754640202,6.091930160897417e-7,2.7513864131128685e-5,5.696847048753164
RFPL1S,1.6149738391097728,-2.0760287881511212,5.1290331119274,6.119193685562595e-7,2.7514710722427916e-5,5.65972324246552
CCDC17,1.584199599674856,2.367852286700131,5.125576274831169,6.220952029291043e-7,2.7910514137596282e-5,5.7351816693476705
DMBT1,2.3764484089124736,2.609810427513919,5.1245309970222674,6.252043582485676e-7,2.7988223297453502e-5,5.711661202171182
AC006116.7,1.1390573277309215,-1.3965357326117422,5.12397400660273,6.268672641167948e-7,2.8000989617384035e-5,5.717514160266607
NALCN-AS1,1.4086337557181656,-2.53274655772422,5.120808892790514,6.36398542140215e-7,2.8364394672056428e-5,5.615600055387139
ADM2,-1.130985483839042,3.4121535170229302,-5.11556777843199,6.5249130561734e-7,2.885449799784742e-5,5.647277174293545
SKAP1,1.0277193967760367,3.546075315318257,5.11379956146509,6.580091012625466e-7,2.900949452073752e-5,5.621941371182496
FAM189A2,1.219113601378531,3.69281636895619,5.110492565657491,6.684504344065508e-7,2.9279281527755903e-5,5.553795833432018
SMIM6,1.6428507797711909,2.6533207299738275,5.106256521125014,6.820600462540487e-7,2.9620060641169414e-5,5.623891039920248
DNAI2,2.423718839740966,-0.03678220492494958,5.1037331738598795,6.90294390381183e-7,2.991373814521783e-5,5.670438244805112
DYDC1,1.6881889554722038,-2.281735842525873,5.100287410518634,7.01694681311586e-7,3.0343069580801435e-5,5.561202564320488
ITPRID1,1.8119355234600119,0.11847061478279118,5.0988125182641735,7.066299612197781e-7,3.049160792320758e-5,5.652173788302678
IRAG1-AS1,1.3668331641544027,-2.538090200655531,5.09149628124341,7.316133735817759e-7,3.123804664847902e-5,5.5110509704364326
SERPIND1,1.539534010540352,-1.6146914374729782,5.0898494509078605,7.373539197908942e-7,3.1351424823912416e-5,5.570595057751788
AC069366.1,1.3578769732153364,-2.15577852900464,5.077532273721647,7.816959909989656e-7,3.289273151358794e-5,5.484351865134595
MYCBPAP,1.2338647478058435,0.6734343221777184,5.070593560729909,8.07802603858451e-7,3.3712074170059876e-5,5.527238308375844
SERPINA1,1.5690017891405637,7.8561290287685965,5.0671878337705625,8.209237898207738e-7,3.411954009062864e-5,5.212465211699165
FCHO1,-1.1416461419446529,3.0292868378198574,-5.061672214208945,8.426130696491131e-7,3.473685198285715e-5,5.4566905883353805
CFAP57,1.420920290644222,2.3940489902231272,5.0529552137496,8.780282358628525e-7,3.583525425267979e-5,5.409195066393662
BEST3,2.0633766018276445,-2.5744246511963502,5.050865448273209,8.867304649376675e-7,3.6016625766678515e-5,5.324521390788984
RSPH1,1.2907144628641323,4.587676293944981,5.049680465562917,8.917020590864478e-7,3.6016625766678515e-5,5.216754565663842
CLIC5,1.1098698281788115,3.998763420097036,5.049336565799676,8.931499402876389e-7,3.6016625766678515e-5,5.281371018782368
LIX1,2.56988876448278,-0.3081268295695405,5.043458698804611,9.182519447110822e-7,3.6767857046674605e-5,5.372077839629682
CTNNA2,1.9865170627494315,3.625217623454648,5.042743764112045,9.213513798850596e-7,3.6767857046674605e-5,5.287326581547502
C22orf31,1.4798663957151834,-2.7469749080916133,5.03887428658727,9.383033202294096e-7,3.7319132446854245e-5,5.261867599454167
AL391056.1,1.4186119958799415,-0.4013883331801183,5.035474874618323,9.53444985549407e-7,3.78472966529417e-5,5.365662394781785
DCDC1,1.0861963589563115,0.7438940133164704,5.023333120892243,1.0094838002710107e-6,3.983834710040392e-5,5.320917706134887
GOLGA8N,1.144815272236519,-1.85396532765038,5.022607983115308,1.0129296851134432e-6,3.9896866124507014e-5,5.255539557753947
RUNX2,1.2883822089360795,2.750450145943613,5.0187605683824605,1.0314042283549056e-6,4.046768250402529e-5,5.2458757242430964
COL6A4P2,1.607594393212709,-1.2796817854083657,5.0174257758337975,1.0378895816808703e-6,4.0565515111696165e-5,5.245676234687262
TEKT1,2.5906109227319805,1.6232070034189094,5.01218019862395,1.0637610205634357e-6,4.1496888640942926e-5,5.254268348525745
DACH1,1.0422239418862018,4.033685575130783,5.011650720116798,1.066406874556231e-6,4.1520408656093566e-5,5.114825564233129
AL450326.2,1.2354730529490194,-2.5470632720073576,5.005218842102974,1.0990609640606838e-6,4.270997138349778e-5,5.136335075833834
C4BPA,2.294796391921791,2.2639564147066094,4.997193400745977,1.141165311925495e-6,4.384318298596174e-5,5.148362607776009
CFH,1.1981452243301414,4.66490479669092,4.9952169660179795,1.1517716996574092e-6,4.40011429019496e-5,4.9712984073815125
IGHG3,-2.22241949962263,5.169902357885812,-4.9926858079953496,1.1654944497702907e-6,4.4441855904561706e-5,4.953520842537703
EFHB,1.3092612981523994,0.6863886123640814,4.986979355090349,1.1970154543209294e-6,4.5303802781412604e-5,5.163437466510297
C1GALT1C1L,1.3046424323106192,-0.6458985536302642,4.986473485007299,1.1998492475373536e-6,4.532664703893899e-5,5.134806229851563
NRSN1,1.406248746201325,-2.434954315833049,4.985681128052219,1.2043009484358898e-6,4.53431207826759e-5,5.070509497701851
SLCO4A1,-1.3430170761516198,2.2936681556730427,-4.985586049918537,1.204836199530351e-6,4.53431207826759e-5,5.134265221145679
CCDC180,1.0670103479457596,-0.022880017711041128,4.98520593959519,1.206978367616004e-6,4.53431207826759e-5,5.15293419309359
RAET1K,-1.0272213485298998,-1.3843762198842366,-4.984376870934649,1.211663508128991e-6,4.543514601330925e-5,5.116273942285147
GAMT,-1.2644289403778926,3.290911395013071,-4.9796397015617355,1.2387733047324377e-6,4.619601586308635e-5,5.025872563709197
MMP7,1.8920652414442314,7.580224097605795,4.969639082528461,1.2979466559719881e-6,4.813771502915088e-5,4.776615724740365
SRD5A2,1.836407115044894,0.46263578057438776,4.962907840288043,1.339306170140843e-6,4.932131921412488e-5,5.05913853192731
ENKUR,1.785692541009513,1.9318260869593842,4.958310164585744,1.3682863977150453e-6,5.028761798763216e-5,5.006719256303326
CCDC160,1.1727489732192935,1.641036714039979,4.955797414632938,1.3843803930633798e-6,5.0695760556072306e-5,5.008392226897765
SPTSSB,1.5095731364804994,0.8433220162923493,4.953932188287889,1.3964453635766818e-6,5.104560354196489e-5,5.01481235166626
C2CD4B,1.4972235331807326,2.4249847903797885,4.950222891095982,1.420741598383155e-6,5.174758466942516e-5,4.9755318345762785
C20orf85,2.707487856863873,2.5602236956193405,4.9493891963183,1.4262584164872196e-6,5.185559223020796e-5,4.931442135762304
HOXC9,-2.4078191180692192,-1.616218811029251,-4.945548441340771,1.4519427746641841e-6,5.255587094978854e-5,4.935511655900678
ATP2B3,1.8063460856456888,-1.7437479198656842,4.945237701231628,1.4540402535509087e-6,5.255587094978854e-5,4.910681222588266
SFRP5,2.2094242948088505,-0.6919217294081018,4.944968045663044,1.455862790037933e-6,5.255587094978854e-5,4.957538030371789
FAM43B,1.3490105284404106,0.4404841998330599,4.937128917414114,1.5098224133796199e-6,5.4310850848721055e-5,4.94882546312297
AC011944.1,1.3258391129765847,-2.0868101983178144,4.935066563321938,1.524336815962263e-6,5.473608029614317e-5,4.888735301173475
SERPINA6,2.337074907479779,1.0532213927464404,4.932723940051708,1.5409874808830088e-6,5.523638370628972e-5,4.912642456781585
BARX1,-2.2448522444394654,-1.0729814631228964,-4.932135528467499,1.545197305909602e-6,5.5289771206525966e-5,4.886650871221949
PRR9,2.487937792382347,-3.1682578302039666,4.928673753334612,1.5701910002221981e-6,5.588889997988784e-5,4.805703816631809
HOXB1,1.4015304366013372,-2.5310377260856276,4.927308396249327,1.5801559239832628e-6,5.6118683966934054e-5,4.8075316837935365
CACNA1S,2.115534677976567,-2.615111916740434,4.924823852807455,1.5984463047392976e-6,5.659725208627437e-5,4.801284308311974
FBXL16,-1.3515293275213973,2.0267102044843663,-4.924037867297179,1.6042749933259102e-6,5.670484341627095e-5,4.883018534828116
HOXB7,1.099152207654492,5.2635529068024605,4.918924444112958,1.6427000672365669e-6,5.749841004356333e-5,4.615390960497367
PON1,1.6872673450465885,-2.7042031214110036,4.918792815466455,1.6437008578680524e-6,5.749841004356333e-5,4.75649025103872
KCNC3,1.2338983697949022,4.863787617067144,4.891443843949758,1.8649455300870006e-6,6.424263212455627e-5,4.520711462226929
DRC1,2.1554385349138228,1.6819488315838538,4.889321991838291,1.8832658261508224e-6,6.465455177481304e-5,4.72550051959782
LRRC71,1.9647755440453483,1.1943813642152923,4.882754569690459,1.9410791934135373e-6,6.641497226757025e-5,4.704490886697265
SOX30,1.1271081424486422,-2.0846788086383037,4.881491817760084,1.952390263392883e-6,6.668971380369237e-5,4.635634820467407
EPPIN,1.3848626642693613,-0.5700140848912446,4.87818642639761,1.9823007771233697e-6,6.759778690311303e-5,4.694724526039409
FAM155A,1.4876539549273506,1.7584880150262614,4.877255190718956,1.990807211427905e-6,6.7774147010152e-5,4.664973356287203
TTLL2,1.5079036864771536,-1.6555596101278225,4.8709664620808875,2.049182840182193e-6,6.952853429693305e-5,4.620982298911769
CNTNAP3,1.372841091720176,-1.164208138471011,4.869900936453731,2.0592362215402072e-6,6.964751267939539e-5,4.644144701435512
AL136964.1,1.4003214500605687,-2.768887928788666,4.869868484529103,2.059543156874465e-6,6.964751267939539e-5,4.570763665180557
AL589765.7,1.5492022074758454,-2.5994375402598613,4.8647397389778835,2.1086114790393145e-06,7.08354044628017e-5,4.572871395136548
EFCAB12,1.227283328381536,2.6278944096029018,4.863755720896799,2.1181542265776147e-6,7.103855858244792e-5,4.5740297855085785
NRAP,1.6158993342673758,0.047208121930469076,4.860014327845716,2.1548198020920803e-6,7.191224574338168e-5,4.61906127343731
FAM166B,1.8063091088742274,2.277451442929034,4.856325922107582,2.191566187740624e-6,7.261291169214485e-5,4.545909044922997
LINC00337,-1.0290921662617731,-1.9882266536282223,-4.856115691260073,2.193678792510182e-6,7.261291169214485e-5,4.535721172433182
LINC01993,1.4071199566811765,-1.5722621831501356,4.854776808154981,2.2071794521431806e-6,7.285737404972515e-5,4.5391530369938415
ADGB,2.0398619163156835,-1.0400994063045408,4.85454751113404,2.209499613558593e-6,7.285737404972515e-5,4.587628879725044
LRRC74B,1.7833448539488006,-0.5996127462080161,4.854318569624696,2.2118185292600085e-6,7.285737404972515e-5,4.5927816793788026
KRT36,1.6324890926587718,-2.4264136102963625,4.850803987577914,2.2477138098806005e-6,7.391996031070118e-5,4.5009913488801825
HOXB5,1.6195344510109333,5.2163411158343465,4.848683644915307,2.2696409684788864e-6,7.452048956924861e-5,4.31291689854487
AC025774.1,1.2397627725410398,-1.2715710518959398,4.846878779598599,2.2884684140037873e-6,7.501747104227898e-5,4.546895236434279
AC004231.1,1.070472838266981,-2.4138510352731433,4.844552905156495,2.3129534310591406e-6,7.558465464176064e-5,4.487644570773531
LINC01943,-1.129627776344408,-1.7137050520156858,-4.84293010057333,2.3301867969970113e-6,7.601720138389608e-5,4.513279053711229
AL589745.1,1.2398751392474696,-1.8838181523662145,4.839455601274189,2.367502429170055e-6,7.686440794001948e-5,4.4771507821921865
CCL13,-1.448595583793895,-2.020789393631529,-4.836788237171785,2.396540667233761e-6,7.731316273152216e-5,4.474669670776047
DNAH10,1.2203517542267808,1.4755532996325476,4.834993572439044,2.416271611871318e-6,7.782615568886318e-5,4.496798109823969
SMIM33,1.2948834869234251,-2.3387646591543088,4.833486874716124,2.432957697139904e-6,7.81160066930038e-5,4.451643124996366
TRIM36,-1.0474841706849165,1.8654920780546014,-4.8276019063882325,2.49920444201684e-6,7.986451427602241e-5,4.457136924886628
LAMP5,1.890530988044285,3.6291748002277067,4.823719948789365,2.5438537139537566e-6,8.103649354607547e-5,4.304836898727988
AC092745.4,1.4044257284011072,-1.7328684789747595,4.822773052173085,2.554861022462777e-6,8.125977374105396e-5,4.4319296237761385
STOML3,2.2168457518387665,-0.05119153044836066,4.818635403391334,2.6035017443926257e-6,8.267745227036833e-5,4.446290552896879
DCDC2B,1.26653081909101,-1.2763173522830475,4.810964301033674,2.696057362776444e-6,8.53499530234711e-5,4.398826513393477
CYTL1,1.704346265990914,-0.3033619797361849,4.809859228652076,2.7096497463494164e-6,8.564684517077066e-5,4.403457982954327
AC116317.1,1.5114918712295387,-0.6472116473423462,4.799828606570914,2.8360911112062016e-6,8.881466216356678e-5,4.365439558264798
PAK5,1.7197996109166473,-0.8271994748859884,4.797858753294577,2.861582852462094e-6,8.947509214375323e-5,4.351374949457416
TRDC,1.6454318888401598,0.8203811598805899,4.784632998345996,3.0385563125064363e-6,9.457215696076694e-5,4.299312582805393
AC074124.1,1.6842715861194095,-0.3048896802627931,4.776867623012585,3.1473397252943163e-6,9.7213575344805e-5,4.270343565002167
DNAH12,1.7452310911163729,0.9613978274314234,4.776210659199924,3.1567135456169764e-6,9.735515341596272e-5,4.255740753751281
AXIN2,1.0378548733314101,4.691721508743958,4.775661249568294,3.164573428421886e-6,9.744968236249456e-5,4.002252597788493
NOX5,1.3426000334799413,0.3819552115532624,4.773679294655314,3.1930846795926338e-6,9.806535640337097e-5,4.258582258135757
TRPM3,1.17282925757284,-1.6709511790685438,4.7728922111612935,3.2044758564577926e-6,9.808398690760267e-5,4.227259138278763
ITLN2,1.660270296254556,-2.368675767534828,4.77088420477006,3.2337149879391993e-6,9.88301103983102e-5,4.189328903409388
DNAAF1,1.459634690010939,3.0878201482161205,4.769112534531048,3.2597264671941784e-6,9.932635789993175e-5,4.105625249511039
SERPINA11,2.1995883864564663,-1.3932289450669346,4.765231258288019,3.3174187062762916e-6,1.0093296075802297e-4,4.2166376972069
TNFRSF19,1.1802557547959749,5.031309378758673,4.762806948822428,3.3539529357052198e-6,1.0189198724256037e-4,3.928270361903256
HABP2,2.0913677703184153,2.7551153214498467,4.760683491191328,3.3862721108355132e-6,1.0256720474012067e-4,4.127982721796589
TMEM150B,-1.0607509099284331,-0.6558195228768551,-4.757322234511318,3.438045970067386e-6,1.0382592317332772e-4,4.18342914525328
AGBL2,1.1794177182061572,1.4972981125501392,4.74991547696372,3.5548434522789147e-6,1.06718815840645e-4,4.138250041376858
LINC02656,1.0649789985626508,-1.5608630269222328,4.745927776555222,3.6193018081766534e-6,1.0817454404320927e-4,4.119644880020561
NDP,1.3929179844458224,1.9825313597577023,4.743518137044326,3.658797004216201e-6,1.0919440574697513e-4,4.092835410473074
MYO3B,1.1111919567780704,2.1648721527362773,4.7380407967496065,3.750126319403976e-6,1.1142919198182224e-4,4.076655493786452
SLC26A4-AS1,1.1749741569015026,-2.331447011201374,4.732670615251093,3.8418019610064205e-6,1.1382038346281996e-4,4.037196368747601
CCR8,-1.1033181272400718,-2.4704073194810534,-4.731778798519566,3.857234224479934e-6,1.1395755135106277e-4,4.021548655974351
TMEM233,1.4506417170305594,-0.40483463174264395,4.724216927056466,3.990512428707211e-6,1.1754083275513818e-4,4.0529646080968735
TMEM26,1.2822722104536897,1.6407278955308648,4.71778161380388,4.107423860100924e-6,1.2028715062347433e-4,4.000737063596687
C7orf57,1.6976208828836126,0.1481760534526541,4.7174242866115,4.114011377281724e-6,1.2030671544154498e-4,4.025019104221505
CALML3,2.1479869171975965,-2.930918031045246,4.717038394839856,4.121136941517033e-6,1.2034193563131058e-4,3.957517486364951
TDGF1,1.4510768808146355,0.28991495356050967,4.713106335817965,4.194425016320029e-6,1.2178213433098323e-4,4.005001401244764
SLFN13,1.6522370950036018,3.204214727821536,4.705323148456794,4.343216581567256e-6,1.2574292564640016e-4,3.903729959347638
AL645924.1,1.43003927925237,-2.349850683161244,4.699229191789058,4.4632547888789144e-6,1.286642888521732e-4,3.9128990135738473
AL355601.1,1.4006055056098812,-2.4773586494134534,4.695423425821142,4.53983633469729e-6,1.3032151647794876e-4,3.8965858555432398
DNAH3,1.3205161594263803,2.142132541022359,4.694648583075144,4.555582590227609e-6,1.3058908401098157e-4,3.8735342686515537
AL049828.1,1.104453539817072,-0.44205609280842295,4.692356586182953,4.6024691070364515e-6,1.3174729877663216e-4,3.92141699578304
AP001094.2,1.2581684311939734,-2.0255140672038476,4.688111655119992,4.690537637750395e-6,1.3351608816476054e-4,3.861634215632513
SP7,1.817750855959555,-2.7571785357323635,4.685276845915296,4.75025303785147e-6,1.3465012934629468e-4,3.831676750196795
CFAP97D2,1.8077492620364548,-2.5111399290755894,4.68432211745637,4.7705289080214136e-6,1.3484871978668595e-4,3.8359483236409
ICOS,-1.1078867990093055,-0.7214133294575575,-4.67994813181133,4.864492111517596e-6,1.363720863929154e-4,3.8702213475211957
EDAR,1.5889998015736124,0.9294970687004059,4.67993945313591,4.864680310709686e-6,1.363720863929154e-4,3.860951549289277
CLIC6,1.983538390382185,3.213299400271764,4.677067351517327,4.927349529758318e-6,1.3750875906420643e-4,3.7185737352247425
FAM218A,1.2282480393685402,-1.3109445091376635,4.676704040140226,4.935332204571412e-6,1.3750875906420643e-4,3.8260774896282923
TMEM31,1.3043023813473433,-2.75544601951329,4.676346783666976,4.943193995243699e-6,1.3750875906420643e-4,3.7766678084920304
AC005041.1,1.209277233888675,-1.642827514111134,4.67361551802387,5.003698432000509e-6,1.389026307873305e-4,3.8245604527505
MYH7B,1.767226501828701,2.45521071872365,4.673349675565443,5.009625485490714e-6,1.389026307873305e-4,3.7775527268018356
CCDC60,2.0004742993406506,-0.2981714244000944,4.6728668408469725,5.020407769466602e-6,1.3901194483193353e-4,3.8430725934825993
HOXA9,-1.7084105472050646,2.2536533109462296,-4.67109714721915,5.060118714843373e-6,1.3992088810949215e-4,3.7901930017203416
BRINP2,2.0369046296994884,-0.3796392858823872,4.664872958132636,5.202204849507718e-6,1.432650560452505e-4,3.810802296972793
CTSE,1.8756998763772723,0.34624798623159325,4.6619192810136045,5.270969308101984e-6,1.4476645975387123e-4,3.7960924609252125
LINC01231,1.273411028749891,-1.9501231972735373,4.660553004203493,5.303073046584383e-6,1.452556018851496e-4,3.7615770003312683
AC004522.5,1.0226796757863084,-1.7866116448427203,4.658267422863151,5.357199569746387e-6,1.4614728061144373e-4,3.7543397679576707
NRAD1,1.4422530023045925,1.4553817930259696,4.654998417469237,5.435541328266705e-6,1.4788747249758034e-4,3.7560839542842457
DHDH,-1.0489759518501636,-0.17109898273617843,-4.652391170510695,5.49881416216954e-6,1.4940895592504508e-4,3.7596760532617752
ASCL5,1.6520267720407897,-0.6572196889087291,4.64839959070055,5.5970589044972475e-6,1.5187533401201877e-4,3.7419932078687133
AC010754.1,1.3499406842380086,-1.910435229153394,4.644111712201559,5.704479971647537e-6,1.543779639730553e-4,3.702963172535518
C11orf97,1.778383466435141,-1.5429037454546992,4.641569424591528,5.769104990599406e-6,1.5591926838955098e-4,3.709069220137348
STK33,1.0118285280151356,3.2761601458125034,4.637006420950672,5.886869685900094e-6,1.5889075630309897e-4,3.5669113169142594
AL139288.1,1.1166649929581445,-0.7120287959496484,4.634482574533691,5.952997652326505e-6,1.6024996594156805e-4,3.6828584866190575
LINC01765,1.7690266935495391,-2.0202192224922273,4.634139178705842,5.962050166323982e-6,1.6028135923329181e-4,3.6665994616705744
AC004832.1,1.7392004913616943,-1.8361782410054355,4.631450922198098,6.033376924411308e-6,1.617709137357987e-4,3.6603630050252702
SPATS1,1.3218040699546407,-2.8304574776597864,4.628637621552823,6.108901288573013e-6,1.6309798990382895e-4,3.6046939375449556
LINC00886,1.2304227842243134,0.031697084071749336,4.628188643587639,6.121038249501439e-6,1.6309798990382895e-4,3.6619293685363505
FAM216B,2.3764425850971875,0.8648196676211962,4.623064326866306,6.261216388495053e-6,1.6602740434842726e-4,3.613278812433702
ANKRD66,2.0536181070543322,-0.6392221674523434,4.6204093237572526,6.33505596425805e-6,1.6699569055457925e-4,3.6308836742868777
ULBP2,-1.110603406389015,-0.5439236475460758,-4.61879431638923,6.380381130271113e-6,1.6797262447102346e-4,3.6239291187283182
AC007608.3,1.0959086460792198,-0.6916746254003667,4.618264157638371,6.395327990519162e-6,1.6814831316857884e-4,3.620882343701342
DNAH2,1.320513919336895,2.8176627958546847,4.617620578164261,6.413517852382859e-6,1.6835733307095604e-4,3.534294006971539
DEUP1,1.718842284043292,-2.545359523369837,4.617397122100441,6.419845164829312e-6,1.6835733307095604e-4,3.5427419336077843
SPAG8,1.1926140875938207,2.0735665543270536,4.6165897598923,6.442756311198583e-6,1.6874043720206187e-4,3.558962050974414
IGHM,-2.0344509364105265,5.785315318338874,-4.611650171770305,6.5846546565632046e-6,1.7201352344471796e-4,3.2654709667520523
CFAP54,1.243198323822207,0.9529639003817458,4.606646300724966,6.731465410133091e-6,1.7424863262414383e-4,3.5652578854572585
AC092802.1,1.0043257804909258,-1.3185662496650348,4.603204307115973,6.834275530137091e-6,1.764927774771363e-4,3.552902378398567
CXCR2P1,-1.5149479892626112,-1.1195336800422158,-4.601939394635839,6.872436140357579e-6,1.7725303568099927e-4,3.5445867629711216
RTN4RL2,-1.2440094765801581,1.3825765159971681,-4.599684842599328,6.940961965579862e-6,1.7840003492943453e-4,3.5219675022321786
HOXB6,1.4221869421742959,5.307208253847937,4.599167612021369,6.9567753987175605e-6,1.7840003492943453e-4,3.238499372056255
ANKUB1,1.7572728906661004,-1.6190805711318201,4.5991665236939765,6.956808708985483e-6,1.7840003492943453e-4,3.534829828919105
TTLL9,1.3840616797168892,0.83036347558565,4.598167343481949,6.9874553257881185e-6,1.786327572846764e-4,3.5321910549005873
ARMC4,1.5221646381560683,0.8273599539210419,4.595303675046579,7.076010743887468e-6,1.805539323938083e-4,3.5141172585947746
LRRC10B,1.4834237548590479,2.42112718298773,4.595163529757616,7.0803721766318255e-6,1.805539323938083e-4,3.442907804866441
TNFRSF10C,1.0639215649053548,0.1324717370375524,4.589151608229496,7.269923664521229e-6,1.8377354298225058e-4,3.500686346733363
LINC00937,1.294038369759926,0.07062388328807499,4.586577253797427,7.352576201595152e-6,1.854016857583373e-4,3.4926628470919514
AC027250.2,1.2981920551212949,-0.4905412395802685,4.585096277932419,7.400533591480406e-6,1.859189675071048e-4,3.4885673565606883
AC092894.1,1.43893870837002,-1.3108268115576953,4.576190291049733,7.695340716736661e-6,1.9213772079478613e-4,3.449832252671129
BAMBI,1.1617214775594658,4.796132468699371,4.5755155449511316,7.718130976681125e-6,1.9247029934977569e-4,3.1482882036906865
FAM81B,1.923639985696296,0.8295156907912012,4.574288805329003,7.759731876832435e-6,1.9327057679502746e-4,3.4285934578902495
AC124067.4,1.2565452016723655,-0.6549203072412565,4.554680168907393,8.45471369783046e-6,2.0828315296328033e-4,3.3674256352834506
ROPN1B,1.243387794068701,-1.9516434723404763,4.547437802726507,8.726240034664814e-6,2.141933604644054e-4,3.3209537683983816
SRGAP3-AS2,2.1530210179193903,-0.530906194555155,4.545717370847023,8.79196356639228e-6,2.1474209469603175e-4,3.330275951954576
ZNF135,1.171117079155625,1.9342096203026533,4.545470715764713,8.801425156553554e-6,2.1474209469603175e-4,3.3011066225306394
AC026336.3,1.8412948069832349,2.547358571691147,4.539737143093045,9.024142423609753e-6,2.1834127454457692e-4,3.1813000762461314
NPW,-1.3268123138836416,0.8486737229168044,-4.535633878510122,9.186847967120444e-6,2.2174999772417566e-4,3.2872157168628178
SLC13A5,1.8996756157662964,-0.8453928486502258,4.534319766762961,9.23954978266762e-6,2.2249361348689183e-4,3.2804602198787727
CFAP161,1.662413500101055,0.5107367665770408,4.533190041100522,9.285089157748718e-6,2.2332562371844372e-4,3.26720185572011
GPAA1P2,1.314936632323736,-1.5492655045235657,4.527021829714417,9.537561456038553e-6,2.28856433332382e-4,3.247929426700167
PTPRM,1.0557891062459879,5.36976507533791,4.526126245717017,9.574763078863239e-6,2.2947816605520808e-4,2.926681632618255
CHRNA3,1.4982337643691221,0.1454044300991039,4.524982059836508,9.622494368689954e-6,2.3035050123587116e-4,3.2443015671799644
NFIA-AS2,1.2834162171545076,-2.7864482792799192,4.520441444104462,9.814177396390224e-6,2.3411190305661374e-4,3.179008725229579
UMODL1-AS1,1.7384870683421196,-1.572057645460021,4.51959726143062,9.850217100407908e-6,2.3450182421697112e-4,3.2240549728209364
CFAP94,1.0378197668786602,2.1218218666645488,4.517281118013007,9.949752062140183e-6,2.3623687022305732e-4,3.148785270297732
ZNF285,1.3670521858679954,0.23432976992741159,4.515041428374368,1.004692048529592e-5,2.382655915322687e-4,3.20977693079994
AC093627.4,1.2191646323004102,1.768230166013738,4.506487379069742,1.042649827658463e-5,2.455482630049896e-4,3.1517859590639805
CCL11,-1.5405251986233497,-2.5695415415970873,-4.505607526031633,1.0466313547280654e-5,2.4591601911552833e-4,3.1334261349510575
NEFH,1.8242731691106626,0.8824871059919167,4.503386590396655,1.0567466725658383e-5,2.4771994663469547e-4,3.159455931078581
SSTR2,1.1448553912781843,1.9920116618094992,4.498643706429669,1.0786637632606274e-5,2.5223720856006005e-4,3.0937971239134914
MARCHF10,1.6365826235438337,-0.04695309041415309,4.49805007013479,1.0814375485694825e-5,2.5234370536310173e-4,3.1418777993694444
GSTA3,1.8911091598447984,-1.9010854699951307,4.4975750065232205,1.0836622350750483e-5,2.523639464620279e-4,3.1322541518043705
EFHC2,1.1341813455049141,1.8395031320798911,4.497501319060936,1.0840077015417751e-5,2.523639464620279e-4,3.1026508494581346
NME8,1.1622980446897633,-1.3760591548472736,4.493743716783993,1.1017653224651885e-5,2.553281461092644e-4,3.1191754621524224
CCDC158,1.0745774233520449,-2.13764584177422,4.478985325788893,1.1742532024288701e-5,2.693625517625774e-4,3.0370141987797155
DOK6,1.0581056129906075,0.122007410973969,4.47715629311238,1.1835495600593146e-5,2.7057886680141184e-4,3.0564536352766343
C6,2.1890515498848053,-0.8986645506229926,4.474582998038236,1.1967485323834015e-5,2.7298223537778064e-4,3.0511870298232333
NXF3,1.4460641848451146,-0.2957075542272921,4.472720537777157,1.2063895574202853e-5,2.745650768758105e-4,3.0407767551091887
RASL11B,1.381197190819973,-1.3944196724619542,4.471504303072915,1.2127256129270883e-5,2.7539033918581163e-4,3.0320597972231997
PPP1R42,1.365100995553794,-0.9231674027304847,4.468326975172232,1.2294292889439823e-5,2.785609907301839e-4,3.026440689280479
C2orf73,1.5675305882787887,-1.7528257600019497,4.466737083500299,1.2378703094080677e-5,2.7922837034860786e-4,3.0112977933444993
WDR38,2.0218869399661505,1.8864308024216019,4.462308013007961,1.2616795556872789e-5,2.8413095897054236e-4,2.9300621744480795
LINC01036,1.7098965116694607,-1.2291780358483289,4.4618824763349245,1.2639901194294496e-5,2.841740618062404e-4,2.9958193251595153
CA6,1.9749456839906816,-2.254595400142346,4.461189563757596,1.2677611689887042e-5,2.8454242117026055e-4,2.98253021578941
AL161618.1,1.4626902766603223,-3.083402389485548,4.46095355904648,1.2690480461241199e-5,2.8454242117026055e-4,2.9508358302629336
EFCAB10,1.1729352838467468,-0.21080626644241562,4.4535255655023525,1.3101982356924791e-5,2.923615008741467e-4,2.9658297647528293
AC079848.2,1.10781822837225,-1.258861652824961,4.4489329224855245,1.3362786605377529e-5,2.9649047485555993e-4,2.9448986139206417
CHRNA6,1.0609271345497313,-2.304310999775066,4.446680109716153,1.3492533033652618e-5,2.9904279321260174e-4,2.911909469786174
HOXC-AS2,-1.6390120065079596,-3.059686158543303,-4.443631505675118,1.367003851904413e-5,3.026469094346981e-4,2.8772315101291186
TMED10P2,1.1607572875906684,-0.9848850105435862,4.442930482043584,1.3711171614216591e-5,3.032272599426964e-4,2.925931360956046
LINC02730,1.4468292010178163,-3.2449761190347153,4.440328689550003,1.3864875032129173e-5,3.0596060820086134e-4,2.864090925171335
AC026368.1,1.0228085612760642,-2.6084914967932646,4.436129081402605,1.411646618716652e-5,3.094962877971654e-4,2.8738646566114223
AL365259.1,1.7557899134803314,-0.10573759935228498,4.435184451844133,1.4173657968309502e-5,3.104153281766404e-4,2.895974257407971
SEC14L4,1.2756710525013106,-1.0256395342695108,4.4346333991648805,1.4207123618199278e-5,3.108133266052552e-4,2.8904059690853074
MTMR8,1.1070657240156518,0.8877086618117005,4.420530896582958,1.5089840947707424e-5,3.248791604038196e-4,2.819456663969545
DNAAF6,1.7007907851945252,-1.5743208723058482,4.412939079234151,1.558658672531868e-5,3.334545143214493e-4,2.8097297915457426
LAMP5-AS1,1.3458034840464657,-3.093074006265647,4.4114464839578105,1.568607824847155e-5,3.3523013072758756e-4,2.7612405448733046
KCNMB4,1.1881642087942086,2.0922052846632613,4.41046309322719,1.575196050798221e-5,3.362845014330152e-4,2.7492091360818636
PKHD1,1.6410056359353749,0.5260025177184072,4.400447804006873,1.6438230759868588e-5,3.472875280286582e-4,2.7528575452557806
SFRP2,-1.9500806292929975,2.2912486847110025,-4.399366157608219,1.6514040662117314e-5,3.485268560922869e-4,2.6895677472800505
LINC00621,1.4968416673247462,0.5792843072783201,4.398061652264515,1.6605916349961823e-5,3.498322632871775e-4,2.740904488984336
PLA1A,1.17940739287009,3.0012526723848283,4.397999307325239,1.6610319527264628e-5,3.498322632871775e-4,2.6141432806076663
IFNG,-1.3166244292651623,-2.405781551067855,-4.393580960989176,1.6925237941189397e-5,3.5572754489837985e-4,2.7142749964675623
LINC01320,1.80008853273171,2.656208436335139,4.392330142997677,1.7015425155738112e-5,3.5725361659630307e-4,2.6298830194850513
SCN11A,1.057059262475083,-1.2252855187584322,4.3919247960894925,1.7044750468324144e-5,3.57346511543794e-4,2.7243817287142456
FGF9,1.5707003360943352,2.4141525183366035,4.387043542777553,1.7401718870387877e-5,3.6348667453418626e-4,2.63120102682117
PPIL6,1.0013734341897975,3.0555907524131887,4.383631242210986,1.7655507918206835e-5,3.661845426187617e-4,2.5463367006772115
USP44,1.2974797113861176,0.2792240722099083,4.378747487254899,1.8024919005457565e-5,3.7343369405394447e-4,2.6761339706185048
AL096865.1,1.1819027037691925,-1.9088802124178408,4.378027605707245,1.8079994220658622e-5,3.7419328160963935e-4,2.665540525084273
SDR42E2,1.0134221150185843,-1.6721498897814033,4.368805130760627,1.879999858185771e-5,3.8439755651677675e-4,2.6380845739028977
UNC93A,1.201098146758453,-0.13657897691294052,4.368204306590214,1.8847846843659803e-5,3.8460204744030304e-4,2.6340673463478907
LRRC18,1.7777531833340972,-1.3526889246796971,4.3674423200588235,1.890869763484934e-5,3.854567409535386e-4,2.636483627447234
PKHD1L1,2.293525643668281,3.91852892735792,4.366554749956935,1.8979814737940812e-5,3.8617342694867196e-4,2.384939914099877
CATIP,1.4990730332365159,0.34094891787227133,4.36642474153017,1.8990253248101935e-5,3.8617342694867196e-4,2.617803216899203
MT4,2.060722526539928,-3.459994152606577,4.358465045848669,1.963993418337776e-5,3.983652917594507e-4,2.559798951651471
TRH,2.2324509204957623,-1.7329515820740369,4.353964154631785,2.001667616995682e-5,4.035902048394865e-4,2.5777327434253863
CCR3,1.253034737298274,-2.499639080010784,4.351585432076736,2.0218571985196686e-5,4.0620111747758763e-4,2.5427652028168826
KRT31,2.292688454150933,-1.80709482308696,4.348134032716415,2.051498531234711e-5,4.0816642450035545e-4,2.556494537229126
DNAH5,1.252713752864428,2.442207600281441,4.347967977238821,2.05293509871917e-5,4.0816642450035545e-4,2.46595574376346
PHF24,-1.2427063006029417,-1.5943825624576542,-4.346487216372409,2.0657880473479985e-5,4.1001051049121797e-4,2.5481882923576356
CFAP99,1.1965038433974904,1.1219236924687737,4.34172699961958,2.1076309795951034e-5,4.1668766565458056e-4,2.496483772961887
SGCD,1.0435403876447804,3.684202110263624,4.337798682919721,2.1427718066072037e-5,4.2165346129894346e-4,2.2958438193633057
AC092111.1,1.0385949992798782,-1.2662437556718802,4.335693928560276,2.161830172533868e-5,4.241026682102155e-4,2.51131008076894
SEC14L6,1.0188538540916234,0.759202151744781,4.334095936613404,2.176408189195097e-5,4.2655082003086937e-4,2.49231552349473
CCDC188,1.2478498064163959,0.2658450583779772,4.331808147622115,2.1974430483307546e-5,4.2984439378512275e-4,2.484053221052071
PPP4R4,1.210491275182147,-1.6185842261754297,4.32551959281316,2.256270700025899e-5,4.375615048409005e-4,2.468613264195673
LEF1-AS1,1.290069272696745,0.5769975323096069,4.325192989896449,2.2593668243883794e-5,4.3774424536577143e-4,2.44898733412347
ZNF772,1.2109576797956425,1.6815582341864659,4.324630716761224,2.264706586637701e-5,4.3794383127330767e-4,2.435531161082661
OSBPL6,1.4588047573868992,1.209490022184649,4.322783590358115,2.282333475863902e-5,4.405142028818418e-4,2.4301807455946944
SDK1,1.0865644432985695,4.74392576624278,4.320898866390867,2.300454556334441e-5,4.4359049718160513e-4,2.1586737291844944
CROCC2,1.799358212129162,0.9411223810466086,4.318951445212427,2.3193231625796756e-5,4.4553803361313164e-4,2.41182726154633
AL357093.2,1.904284450052244,0.43995979778261457,4.318276946620217,2.3258928837893355e-5,4.4637815835821016e-4,2.417773115107993
AL157931.1,1.934810905437363,1.183401794567025,4.315257895411309,2.3555179515732036e-5,4.503626232151815e-4,2.398697529697049
CNTNAP3B,1.39854793893048,-1.2723736733720958,4.312082177970959,2.3870701675365635e-5,4.5468429320537124e-4,2.425736016154837
SERPINI2,1.5130433806453685,-2.0037360564778828,4.306179518527646,2.4467941292721073e-5,4.63886603389238e-4,2.393460397670731
C3,1.3447209501528903,9.292538365767328,4.302180497803905,2.4880669585365516e-5,4.699445779480761e-4,1.9659003927912657
TRIM55,1.8390337832856154,-0.6247625723653286,4.2943175452878535,2.5711702430082028e-5,4.8251582658262893e-4,2.356371652819125
ANKRD44-AS1,1.7220013663357814,-0.6158386257359776,4.292549953616279,2.5902142967746725e-5,4.8515439091586235e-4,2.347984878491186
LRRC46,1.2455991552945735,3.7867970274107123,4.287905798431676,2.6408960188635038e-5,4.933232599943184e-4,2.0605433292991497
BMP4,1.3442718705399872,3.33612407638361,4.282193169115522,2.7045404808740666e-5,5.022617806461387e-4,2.1037500997195764
GOLGA7B,1.2648384287182288,0.9341439757744695,4.28205966034068,2.7060453149356518e-5,5.022617806461387e-4,2.2840825469054318
PLEKHS1,1.379228473764453,4.567237737654416,4.281353682263378,2.7140160240256842e-5,5.032815846012592e-4,1.9514057947983314
AC009093.3,1.3823612370702443,-2.5860875289553813,4.2686526055605505,2.8613114951822883e-5,5.236986697833841e-4,2.2392834778705017
AGR3,1.5927446568092503,2.7251377318599923,4.268530059535281,2.8627692488158815e-5,5.236986697833841e-4,2.1052582820489683
AC012101.2,1.2612613865763862,-2.276020995219751,4.263200971226949,2.9268535408615865e-5,5.319783805883007e-4,2.2282663655531056
RSPH9,1.0482165112935355,0.9136373387998269,4.261968353640611,2.9418704534679706e-5,5.333681988963696e-4,2.2068525931643075
NHLRC4,1.0274437348634617,1.6926905023892724,4.258864374011938,2.98001325403363e-5,5.388415424820239e-4,2.1560471474023784
LRCOL1,1.5846691465656413,-1.0517307940759537,4.248527124694948,3.110481336870243e-5,5.593045284550193e-4,2.187371372036119
VPREB3,-1.0853331949293012,-0.4019000333510486,-4.248374691535292,3.1124454914516175e-5,5.593045284550193e-4,2.1839979789399235
CFAP61,1.2552171108934507,0.7706617415336017,4.246410380649364,3.1378626880564734e-5,5.631623550837611e-4,2.1467931231902924
SRMS,-1.3141377494072097,0.004462554120515229,-4.2458834790026625,3.144714220246621e-5,5.63608217039615e-4,2.1679274027068782
WNT6,1.5689184757785284,1.0294318469539363,4.2444203335137285,3.163815242469962e-5,5.665319910833436e-4,2.1454038291251862
TLX3,-1.588018701235947,-3.119293031953487,-4.243199159241242,3.179842278100385e-5,5.684003030792632e-4,2.1340851398391063
LRRC3B,1.5991725389634999,-0.05558939907358075,4.242198536440067,3.193032573914424e-5,5.702565380688643e-4,2.1501270436568287
RN7SL250P,1.0874241413418173,-2.4643815844224255,4.239013717557635,3.235364285416968e-5,5.737831041606845e-4,2.141399641164057
RBP1,1.1886697644398545,7.868572321091485,4.238640879164989,3.240354890234416e-5,5.740733910541743e-4,1.7099162823708989
ANKFN1,1.234421929731882,0.5294124802946732,4.238258940514377,3.245474937616838e-5,5.740733910541743e-4,2.106652843897379
FCRLA,-1.2901355190335198,-2.1132041688960084,-4.237382689270992,3.2572506980349214e-05,5.756553320596673e-4,2.1378730068634724
DPY19L2,1.3615466755135262,0.8439972976050522,4.23037537255009,3.352901262531813e-5,5.888110463303938e-4,2.091575165021376
SCN5A,1.0453454500899633,1.3480175574484503,4.228782345831093,3.375017824631267e-5,5.918366028283509e-4,2.075420865725766
PIFO,1.1970949553671995,4.3195077049370845,4.227783623096351,3.388954499758882e-5,5.937682004577545e-4,1.7878608493783403
SIX2,-1.7528352620300405,-0.1149680563085005,-4.227070937650685,3.398933284905691e-5,5.945832793097202e-4,2.102169411466255
IL5RA,1.7218914925351898,0.03688442053310592,4.221130949019688,3.483202643056184e-5,6.055826391571761e-4,2.0625478236137154
KIT,1.0390770116064785,2.1404040487738687,4.2180436900364775,3.527785909988989e-5,6.122862581948437e-4,1.9860928579700694
HOXA6,-1.361326861972189,-1.6189237872046898,-4.217017088642784,3.5427315644294005e-5,6.143555999612895e-4,2.0670239076356065
WDR49,1.5676589804597216,-0.4755253410712777,4.21323373591651,3.598335189919924e-5,6.224048034036812e-4,2.0482596236527186
QPCT,1.0251341253974249,3.494227186933842,4.212589875968562,3.60788060610581e-5,6.235252163137285e-4,1.8409325174872393
GAS2L2,1.7844526407781989,0.9431567446722443,4.211675102085002,3.621484022962967e-5,6.248135932317431e-4,1.992118010026708
TRNP1,1.1958941550474922,3.8650277510349724,4.211186697986919,3.628767037357281e-5,6.25008993790249e-4,1.8363217531393712
C1orf189,1.5662238799849886,-0.459656373193436,4.210519185686202,3.638743527538811e-5,6.261966422836477e-4,2.037269451047097
AC114811.2,1.1938172173581865,-2.4373967813784496,4.2099254211657815,3.647639821003704e-5,6.271965458720752e-4,2.0356844055039005
DGCR5,-1.142269740083432,-1.0162474048670593,-4.208400322961559,3.6705855108387346e-5,6.306084524284567e-4,2.038624825859406
CARM1P1,1.2163551200818896,-1.5216309902923733,4.206647109808257,3.6971336869951946e-5,6.31964214083182e-4,2.0318500339340595
CNGA4,1.5418380648439762,0.36289633672465504,4.206132371772564,3.7049629259316336e-5,6.322390134897945e-4,1.9968688144074598
ACSL5,1.0857367433301848,6.089450545480221,4.204792182806985,3.725421776836188e-5,6.346644777235431e-4,1.589554016956873
CDHR4,2.1097624099214376,1.8145018220788043,4.2032077011275675,3.749749169876971e-5,6.366742032462786e-4,1.9104552039793727
HOXA-AS3,-1.7484140306274791,-1.5338974972094364,-4.202867928309291,3.7549856102123893e-5,6.370311147074841e-4,2.015575497500236
SIRPG,-1.112793880108846,0.45895941357092074,-4.2008452353424595,3.7863034173024456e-5,6.407396390778927e-4,1.985512151508022
TTLL10,1.2871451289918423,1.5390043990532707,4.19953001889491,3.8068009238454344e-5,6.426720796964009e-4,1.9357305860708225
CHIA,1.7388632981519598,-1.2466263744298738,4.199301621050589,3.81037126566701e-5,6.426720796964009e-4,2.004655032702985
SBSPON,1.340958434406938,4.19891134417881,4.199066026258519,3.81405746271694e-5,6.427603969507386e-4,1.732671262790289
C22orf15,1.4719092399953058,0.0763128931086582,4.197934181629294,3.831814241661536e-5,6.446837139696115e-4,1.9758517257644765
LRRC2,1.0707001824802738,0.2795426337069703,4.188686336864534,3.979885799324441e-5,6.619247052820781e-4,1.9427373650501742
AC068587.2,1.099159090994555,-2.1911710158381994,4.183442403380357,4.0662607193858105e-5,6.729860167817362e-4,1.9426316810074846
PANX2,-1.2183209943433941,2.304691100858465,-4.181334317671252,4.101485898408464e-5,6.777121902378343e-4,1.8500904137025547
PROX1,1.3448003403444861,1.2362175167034681,4.175639396795097,4.198108360669237e-5,6.908692657671382e-4,1.858029609722335
SLC34A2,1.098456417325358,8.128761510934211,4.175431101098729,4.2016832742153194e-5,6.90898146158189e-4,1.4643199254559107
AKAP14,1.7961729670805635,-0.7365170126715381,4.174399551874913,4.219430313877296e-5,6.931971698059302e-4,1.907707236677897
FAM3B,1.5257296854178304,2.3450371711894524,4.172314748158746,4.255516560088468e-5,6.974928916712743e-4,1.8119508915835638
DKK4,3.6764703418349383,0.4658352261392956,4.171191164442129,4.275086881398317e-5,7.001359047344028e-4,1.8576115594603122
ERVMER34-1,1.3131265496136102,3.151154450173159,4.170103101167662,4.294120391997969e-5,7.026868184135807e-4,1.726742962061281
ZNF667,1.316208925347901,2.142594428682973,4.165734216394064,4.371363135233227e-5,7.130303720744792e-4,1.8137071570700538
MAPK8IP2,-1.0100728799522871,1.5401048444487198,-4.164021482025438,4.402005066730473e-5,7.174526942761038e-4,1.8120382254876999
KIF19,1.6974736190838344,1.3556430871163696,4.163381856767325,4.4135008772940426e-5,7.187499345362509e-4,1.806586533251246
CDO1,1.3736442690870632,-0.5987982858000128,4.157368096416231,4.522995067569788e-5,7.342280491476707e-4,1.8474746984275923
MIR205HG,1.384490375603717,1.2441813518937577,4.153743563534405,4.590235100261725e-5,7.417912348699638e-4,1.778297419352799
PLEKHG7,1.1333648115554886,0.6936428342195681,4.151068061796691,4.640480211610572e-5,7.481580565017967e-4,1.7841468611312372
HOXB-AS3,1.3998469052128861,3.3175006910733615,4.148387910953848,4.691338615300896e-5,7.555211253357798e-4,1.636458072908094
ADGRG2,1.8478838787182361,2.1951815732378477,4.147194248986332,4.714160288553677e-5,7.579952033588998e-4,1.7365693881056217
ZBBX,1.7225274480030996,0.5768926408469907,4.143621136221408,4.783109691729901e-5,7.678666775254226e-4,1.7668331073712382
LRFN1,-1.0214932862674746,1.4562355258745843,-4.141829462948179,4.818044323405932e-5,7.71038841172458e-4,1.7551500632166936
AC104809.1,1.549020050525387,-2.5590250048508976,4.13793413658022,4.894838587689126e-5,7.78491941812408e-4,1.7733530043638375
AC016717.2,1.2802526088441046,-2.2620040402211328,4.137745010428258,4.898596677520983e-5,7.78491941812408e-4,1.7760047606355807
DRC7,1.5347039121356474,2.008360065861899,4.1368032009840094,4.9173522165570946e-5,7.806896370128578e-4,1.668769695942503
AC023300.2,1.3759059285374289,1.6006752213641144,4.132300166585908,5.00797812542987e-5,7.908480763110853e-4,1.6809141723222023
ANKDD1B,1.1464739336020606,0.17765052044128748,4.128731772429996,5.080923224273968e-5,8.005014233344506e-4,1.7216953564558413
PZP,1.617508907179656,0.1619321048418965,4.126337714594606,5.130429419036783e-5,8.064257348221468e-4,1.7082342180201504
CFTR,1.72404977890711,2.5507190339261387,4.123545574395799,5.1887486951731386e-5,8.130773205913559e-4,1.6062648145703564
MPV17L,1.2603583029738343,1.2130575266353143,4.12247859292231,5.2112012130898735e-5,8.159665135195577e-4,1.6935138853188825
AC012593.2,1.252097028618814,-2.7518610785342172,4.12202654019813,5.220741688591641e-5,8.163859500151788e-4,1.7036562135297588
COLCA1,1.1892109139060407,2.282632150809144,4.120777544858028,5.247188138428673e-5,8.190772021921993e-4,1.5565467326655433
CTTNBP2,1.143827702342453,3.0804995605528642,4.119596130109291,5.272321170117786e-5,8.22368806304481e-4,1.55552894384663
NKD1,1.5022290114358028,4.2241039551981086,4.117559281416603,5.315922237412616e-5,8.272649582938286e-4,1.383566664411668
TPH1,1.9100183108567395,0.27069082311060166,4.113859108008325,5.3960098064119784e-5,8.384442148739836e-4,1.6649196636273595
IGLV3-1,-1.89404000622463,2.5136593762810118,-4.111112018577,5.456211344995689e-5,8.437284261032992e-4,1.5459914880362362
LHFPL1,1.0686271820576865,-1.2449718249166961,4.109168326381672,5.499192987228e-5,8.479939170896955e-4,1.6762974464142308
SP5,1.7465626286922222,2.644644205040606,4.10731513601172,5.5404738140651385e-5,8.522421378523094e-4,1.5035428513666629
SERPINA4,1.6389253335607497,0.9123361674665789,4.107179105504249,5.543515578826772e-5,8.522421378523094e-4,1.5947837543898542
AC092128.1,1.0232359876410353,-0.48406874861444926,4.101604422814908,5.669549129605496e-5,8.696938253174914e-4,1.6384209680611885
TGM7,-1.5645894089256656,-1.2006923736453985,-4.101217774954159,5.6783910967587593e-5,8.696938253174914e-4,1.647990159591175
AMH,-1.2693903344770388,1.8399855413496535,-4.092856542289557,5.872844761008149e-5,8.940801267620196e-4,1.499997712400643
CRYM,1.5021478951864011,1.3107135347566226,4.088678570618005,5.972372221239655e-5,9.065160046637398e-4,1.5400158216286357
SEPTIN3,-1.0091636155112673,1.9895293976396953,-4.087315999983698,6.005177463749289e-5,9.094577255830145e-4,1.5239622008989473
TUNAR,2.0156998577445595,-0.9120429336174726,4.085885335695956,6.039806902557452e-5,9.127025537560183e-4,1.5930078210780625
LINC01267,1.3164505495717087,-3.060420738865671,4.083467278281061,6.098769357527179e-5,9.20203329045155e-4,1.5686527660909722
ADCYAP1R1,1.6733079487085063,3.24507225342015,4.0829724823488265,6.110901985659652e-5,9.213499403304657e-4,1.3394681644752975
ZNF502,1.2145393182006827,0.6220333290462416,4.078499460937662,6.221631222262086e-5,9.348962108070058e-4,1.537862200664006
SYT5,1.6443420722629574,0.7868141778427092,4.07206308235137,6.38432274147726e-5,9.542111605631467e-4,1.5085208983968332
MAP3K19,1.5893611864437218,0.6842707536787005,4.06621190125523,6.53573228767499e-5,9.695782701803395e-4,1.468800422025347
INHBB,1.0219997341201887,4.645965718825151,4.065855091844646,6.545075146871163e-5,9.702560706419367e-4,1.175788199859893
CACNA2D3,1.046980596235616,0.7334879576253291,4.063709192809974,6.601533214249983e-5,9.768761150143674e-4,1.483887274722262
CD79A,-1.291902993828316,1.3978123603268944,-4.058390219410334,6.743480677402304e-5,9.931485600545248e-4,1.4246556782926065
SIAH3,1.4905174735659243,0.49501144672113584,4.056019404995152,6.807682882951059e-5,9.982636862416834e-4,1.4567936170704412
CDKL2,1.188042024504826,-0.4332419466046148,4.055822551934069,6.813039801649986e-5,9.98328918015388e-4,1.4830256673771043
COL23A1,-1.3272644733497714,2.252980990853717,-4.055313452350121,6.826912436783457e-5,9.996409824581194e-4,1.3976539553314344
SLC39A2,1.3026649572534779,-0.5119370122828444,4.053443532986881,6.87809773182399e-5,0.0010056867503711567,1.4679127206317135
LINC00303,1.1679342547980198,-1.7690001220370535,4.050775365303482,6.951766579360234e-5,0.0010149978732680847,1.4677015585244444
C1QL1,-1.5653639364835987,-0.13476803307266283,-4.050074625018282,6.971238422188159e-5,0.0010156898719423657,1.4558411400715459
ACBD3-AS1,1.065605538173527,-1.1964595208848507,4.04959882987083,6.984489183838909e-5,0.0010161256848413886,1.4554046915858398
AZU1,1.4812828314748003,-1.4625999995708598,4.04931466977,6.992414397502738e-5,0.0010165510029674224,1.4585397864846632
NUS1P2,1.718239936427508,1.2392368795318225,4.043573971575519,7.154367900011379e-5,0.0010356508062666044,1.3794269687796588
CELF3,1.1694321433010981,-0.6196340339930305,4.04216032102788,7.194793569760126e-5,0.0010407614556000341,1.4259477265151563
IGLV3-25,-1.9313782323938509,1.5402141137650007,-4.0400309944389,7.256095869408318e-5,0.0010466493431501396,1.3461204019409383
IGHG4,-1.818639643724946,4.011763444756605,-4.039406895903942,7.274157382989011e-5,0.0010485104585238913,1.1339841549599523
TUBA3D,1.5486590733830803,0.03495163530823671,4.03871761251767,7.294155088730548e-5,0.001049160707879403,1.395351246215057
CXCR2,1.1340962130531504,-0.9954951092428025,4.036583462180467,7.35640410710371e-5,0.0010536402894487373,1.4121382280252188
FRRS1L,1.5418337360981078,0.33667373250997684,4.031609633005594,7.503449415258558e-5,0.0010716802945587838,1.3701330769120146
HEY2,1.071832244005937,4.2686032507970975,4.030952069361653,7.523097581498692e-5,0.0010737319890897431,1.0634207407435872
PRR29,1.125266044435972,1.9662930971072172,4.0235590194454485,7.747400571759911e-5,0.0011003366123022251,1.2621910668459968
C1orf87,1.9611984786563237,-1.2136414669080917,4.016251155050628,7.975363497125901e-5,0.0011287694130611896,1.3427892733376927
APOBEC4,1.8113796492224625,-0.6711661612506964,4.015875228795223,7.987261132657372e-5,0.001129666633682174,1.3225439979100724
OR7E102P,1.2089433831925525,-2.6017785776954914,4.014648968285993,8.026188360648794e-5,0.0011320211814144767,1.3232246246796864
SYN2,1.3643066579906131,0.26455644259879646,4.006408661792095,8.292493715176593e-5,0.0011647314600362756,1.2855885235385331
KCNE1,1.3133711366328575,-1.3496211848937905,4.0034765359968265,8.389263714216166e-5,0.0011758854877774439,1.2964940521417443
LINC01451,1.1323308125035967,-2.2204709030719703,4.002165027581377,8.432894674673718e-5,0.0011811864325848977,1.2941812210512271
MS4A8,2.3228004066415178,1.5984490714362196,4.001483389804369,8.455656388860976e-5,0.001183558956248006,1.1826353084977788
KRT23,1.0223897021264845,5.298252082297633,3.9945425954824754,8.690779015201538e-5,0.0012093198881101956,0.8263556233192784
FGF14-AS2,1.2647448536659296,-1.298483637964304,3.9933237921152074,8.732703031898147e-5,0.0012138530456356003,1.2648668383489658
CFAP52,1.2701380173097854,0.7210761967341804,3.9931764883855765,8.737782945113576e-5,0.0012138530456356003,1.2101557446265083
DUXAP8,-1.1891789201862795,0.3309333920454736,-3.990929084507622,8.81563618083464e-5,0.0012188366648930831,1.2402380087905813
MORN5,1.6536138353112544,1.1587933351778636,3.9904980147088662,8.83064423646772e-5,0.0012190443051334633,1.1754724513154713
AC023510.2,1.0468624027831137,-2.3336955527507612,3.9898322840584286,8.853869944028528e-5,0.001220800900559266,1.2512599603490662
CFAP46,1.4765756534425605,1.611639386247334,3.9879554299123217,8.919661863941546e-5,0.0012265440306004599,1.1418943335811909
GBP5,-1.0571639431869588,2.926082352123357,-3.9848261425891356,9.030391716236136e-5,0.001240092440816103,1.043015650127714
SOX14,1.5570761328196823,-2.8355619080060555,3.98332532473959,9.083960658093868e-5,0.0012466064579007411,1.2232418031987553
ADAMTSL2,1.1736763230643716,3.459578532408897,3.9792668568630423,9.230337295360378e-5,0.0012624318653492888,0.9647890198943303
KNCN,1.2848145737732974,-2.7765341806751382,3.9780336245997696,9.275258558526193e-5,0.0012677226290752277,1.2073995821870414
AP003717.1,1.0741945800969044,-0.9970352341543318,3.9750886699660257,9.383372471757345e-5,0.0012790587667068831,1.1926689090624834
AC007608.4,1.3760896069988917,-2.319705801132175,3.968763726007165,9.61963347452713e-5,0.0013033962049085958,1.1780609486083682
MTCL1,1.1797182294562174,3.2291204284613757,3.9669711451297762,9.687614633252032e-5,0.0013091162221157866,0.9541510889482332
NAV3,1.0022297607423332,-0.3784362076153493,3.9645586464899143,9.779826208841677e-5,0.0013191852561093885,1.1479585601499194
KRTDAP,1.2425234561915035,-1.5136873632519012,3.963756952622162,9.810653085904746e-5,0.0013222262156361278,1.1616423509570755
ANKRD65,1.1268528262056483,4.3032952252862104,3.9633196832802566,9.827505935067386e-5,0.0013236198185838936,0.818740655358261
AOX1,1.0381762854366445,-0.11531568715156064,3.9626492323795173,9.853399293142602e-5,0.0013262283922770215,1.1326013953177583
SRRM4,1.2942858176043894,-2.5081592475373298,3.9592818122919744,9.984435168875622e-5,0.0013394301014668525,1.1402663084564493
DNALI1,1.1196766772347537,5.908172369849939,3.951535600638341,1.0292174852605135e-4,0.0013724546061503222,0.6523658517992486
HOXC8,-1.583949703016196,-2.7523392833668248,-3.9481260268199794,1.0430466380433367e-4,0.0013873612481408884,1.1001109875630988
MME,1.0186021949323822,2.4532016148751263,3.943412720443481,1.062454562830163e-4,0.001412251571939845,0.9338991864464372
WNK4,-1.067597724443378,0.48622298655067964,-3.9426473551927876,1.0656382856731443e-4,0.0014146330841293914,1.0391573816281472
KCNH6,1.1651794008852654,-1.8342346156427314,3.9414051510031616,1.0708248290950393e-4,0.0014205903281023222,1.0841171972381867
IGHJ4,-1.6114383399773244,-0.22507336368786499,-3.933572501671364,1.1040845339742238e-4,0.0014580515963932505,1.032431673600077
CHGB,1.3329917343945732,-0.991659421619973,3.932896436017398,1.1070008343501573e-4,0.0014609535686579606,1.048082683768194
ECEL1P2,1.3478341532657516,0.4791034794431517,3.931422945874425,1.1133822932720692e-4,0.0014665185825315317,0.9781648351866981
C11orf16,1.4018023827754527,0.5014175223315372,3.93021836493935,1.1186250782561113e-4,0.0014715168990600133,0.9860366170514681
MYLK3,1.1008788636353377,1.2145145391212437,3.929548148445997,1.1215522494078445e-4,0.0014731164331321927,0.9695175472558564
WNT16,1.5218940713129177,-1.7327391669087504,3.9295102914600935,1.1217178066117471e-4,0.0014731164331321927,1.0431429375423962
OMG,1.6273474887079102,1.3333852566923852,3.9276155429084265,1.1300336761431143e-4,0.0014788669951019094,0.9181952308290429
FAM83C,1.2903107658089144,-2.4553077423992344,3.927078660677488,1.132400620912655e-4,0.0014800585350114985,1.0330474803140346
VAX1,-1.425875799650921,-3.0775599083171215,-3.921470458355851,1.1574084004872775e-4,0.0015050011728409102,1.0051243705675095
UNC80,1.0296767996893044,-2.225561588514957,3.9179858756646224,1.1732097418813052e-4,0.0015211211893562293,1.002227824402067
TMEM101,1.1825641353188923,6.3065184824270455,3.9157308320980073,1.1835444506599525e-4,0.00153114942171947,0.4967353542358861
TMEM40,1.2054933648418107,-0.25211611860329586,3.915528218825906,1.1844772313763759e-4,0.001531381377257854,0.9726001866232945
ONECUT3,-1.2236348468487932,-1.53229376548636,-3.9145427061277935,1.1890242429681512e-4,0.0015356270000380329,0.9822271361767969
HAMP,1.1340435801197346,0.80388431150954065,3.913999205219757,1.1915389584038466e-4,0.0015356270000380329,0.931171087049675
AC093928.1,1.0072970506841825,-1.8845045015511548,3.9081010071512527,1.2191558016053027e-4,0.0015613183687351083,0.9691685897459932
ZNF474,1.1027051237776975,0.28443364017588296,3.899236458621784,1.2618067274012526e-4,0.0016058209096871045,0.8850333762105418
CFAP65,1.3486127868660431,2.2149052302031413,3.8989666118255872,1.2631270098426072e-4,0.0016064952032566425,0.7699250932971831
SSTR3,-1.0882890386243247,-2.489276890756921,-3.889724993115489,1.3091427260143983e-4,0.001654665221611731,0.9001219879192828
FOXB1,1.9020346475010514,-0.5633720420599544,3.8894371309066305,1.3106012664625347e-4,0.001655479188289904,0.8756551360569489
RHEX,1.4220900367926097,5.1570469927981675,3.8866049327267436,1.3250338561835934e-4,0.0016695590882253783,0.4709785929925969
FHAD1,1.0236387052249176,2.4676803588923146,3.8856706774671728,1.3298276924027976e-4,0.0016745612156378227,0.7248629977034975
CCL19,-1.3440994547392635,-0.13791708456916424,-3.884276614540532,1.3370114770641772e-4,0.0016825647838917856,0.8601803717874121
AC069404.1,1.394485198336259,-2.479250687517913,3.87861130817532,1.3665859192851942e-4,0.0017095003097748385,0.8689015759932754
AC005537.1,1.4476206140579349,-2.639202708842077,3.8779928609410366,1.3698516715015245e-4,0.001712230342656641,0.856623305160702
YBX2,-1.4724098253081772,1.5363505820760022,-3.8772057614800968,1.3740187046790129e-4,0.0017154265911513138,0.8044094307035241
AC005256.1,-1.170041923472851,-3.0539792634978937,-3.8655602984683446,1.4370933243819525e-4,0.001782030794675949,0.8236177247206511
RRAD,1.312967454355948,3.3028970113954186,3.8652242533306795,1.4389535409326594e-4,0.0017821628132794255,0.570633434872998
GLYCTK-AS1,1.0851235628972635,-1.0798276939831024,3.8634922191345047,1.4485776652570383e-4,0.0017908085443238471,0.8022784461345518
CYP2C8,1.0994571651824574,-1.5949978067612343,3.8621897109056156,1.4558552630298293e-4,0.0017987113900193464,0.812051496070124
CELF4,1.1399819390562638,-0.7782453092255095,3.8606332699479724,1.464597119616156e-4,0.001807314624109214,0.8017543708709107
FMN2,1.2270844051291614,-0.27245834752431897,3.854894365981744,1.4972618347904078e-4,0.0018354469514739256,0.7524429815781213
TESC,1.1708107057905268,3.7999243086974173,3.8494833581566477,1.5286914957720726e-4,0.0018637748026437675,0.39769588951688917
AC016582.3,1.1632089309567502,0.5312123908012827,3.848702833234874,1.5332764032625594e-4,0.0018670968971958965,0.7255323383157855
LINC00323,1.0148024633562007,-0.9943398902446421,3.8483945334829457,1.5350909836716903e-4,0.0018670968971958965,0.7511340047608037
AC005725.1,1.4613276502080885,-1.874688877218156,3.843903353390648,1.561756789768056e-4,0.0018961257464304641,0.7426608337747629
LINC02345,1.204496100979631,-1.056668805494417,3.8436469508523423,1.5632923108704368e-4,0.001896856891112284,0.732510201956929
DNAI1,1.7017016286520414,1.572392298413405,3.8408637158747148,1.5800525767338498e-4,0.0019114874148534978,0.6201753528578164
DTHD1,1.4775888659025862,0.4033260010901674,3.8403643134597396,1.5830778627162745e-4,0.0019140080001097896,0.6699551258220797
AHNAK2,-1.0292289205643361,4.369357954654185,-3.838702465329151,1.5931845782324363e-4,0.001920515027757772,0.3963432482795941
APLP1,-1.1595129969267437,3.0358320758108945,-3.837116666737841,1.602885744756845e-4,0.0019287773757512205,0.5623302388650542
SMOC1,1.5195099969813555,1.5880394521473715,3.8358356907631133,1.6107629706454905e-4,0.0019348195399171955,0.6164739946899074
SCNN1B,1.3505705255208973,3.888668111253002,3.8332447150843443,1.6268081066304527e-4,0.0019506340978853876,0.35846077298393997
CFAP91,1.1494629546417394,1.676148742791188,3.8280506054186327,1.659430605380176e-4,0.001982731782701158,0.5980564347831638
FSD1,-1.047093409423264,0.37651370041965676,-3.827831916428634,1.660817616665498e-4,0.0019832231046480364,0.6647938989764235
CERNA2,1.636912782302804,4.370901139220466,3.826516702745633,1.6691823962881262e-4,0.0019908722430845,0.34686813567071084
HOXA5,-1.3804639211884182,1.8947181350171063,-3.8262558479086013,1.6708461703262922e-4,0.0019916878337660738,0.5886854191900728
ZNF667-AS1,1.1122844538151857,3.133153496489847,3.822587680187327,1.694409244117981e-4,0.0020115171423746403,0.48817986689527615
EDARADD,-1.0890402696564263,-0.16728991214384528,-3.82091033577029,1.7052884381029877e-4,0.00202325056719236,0.644298196885889
ZNF295-AS1,1.2288753208920113,1.1733112667469174,3.8171486039300677,1.729927810027963e-4,0.002046510640920158,0.5636335876049667
HOXB-AS2,1.0744479385825199,-1.542595825891575,3.8163086906022574,1.7354750812718903e-4,0.002051713014897178,0.6547611418884749
ANXA8L1,1.308780876545074,-2.8163309793897002,3.816177295255306,1.736344413315856e-4,0.002051713014897178,0.656720004882497
CHRDL2,-1.4563459810083015,-0.8303100034904323,-3.813294012326396,1.7555247377529158e-4,0.0020719677566835228,0.6354647391351342
AC009237.15,1.1731135266490136,-1.896708101105902,3.813139276570874,1.7565597277428334e-4,0.0020719860653885865,0.6468150958302044
IGHV4-39,-1.7605192811102324,1.7567017601050385,-3.8104101411613276,1.774909443045858e-4,0.0020863655014727598,0.5108000488732083
FAM201A,1.156223511732616,0.5724024786042564,3.8098621909182198,1.7786154632952006e-4,0.0020885495082881528,0.5768702092905427
TCL1A,-1.1327057218064007,-2.395428703527717,-3.80770070517655,1.79330604946111e-4,0.002099490331177857,0.6292997083536589
GBA3,1.6082511339552634,-1.5788050844177397,3.8054943984773364,1.8084196328750976e-4,0.002114748021780983,0.6211930621781709
C6orf118,1.6227200889118953,0.5815645861153061,3.8050754077638294,1.8113033760274296e-4,0.002115685621516177,0.5506908739577794
IGHG2,-1.6313893287184644,5.44581754111822,-3.8046363348929106,1.8143300052406955e-4,0.0021180036201327913,0.14693174477930349
ASIC2,1.4004450521192455,0.45448122948396663,3.801822016204104,1.8338436752244683e-4,0.0021371008517925513,0.5492850635060131
LGALS17A,-1.251656154811092,-2.334793596241297,-3.799324011915616,1.851330305480478e-4,0.0021513114424577032,0.6012229837927556
BDNF,1.0618178579906865,0.25201604250980214,3.796925158049535,1.8682712501320303e-4,0.0021674256605336553,0.5348422256507739
TOGARAM2,1.1201836590310152,1.7804820220196762,3.79645369955443,1.8716179345833393e-4,0.002169923725183787,0.4612994374240662
CDHR3,1.2707972152148943,2.5260043677754456,3.795679939779639,1.8771228226989757e-4,0.002171765757622804,0.37514985970152637
AC009237.14,1.1627651082552477,-0.22747216681124813,3.793368189237734,1.893661077834539e-4,0.0021879913442813628,0.5674400002355364
TCTE1,1.4000560765274306,0.09977248207680824,3.791413507080752,1.9077523124783627e-4,0.002201769335537209,0.5176519069221284
INHBE,-1.2255828985121804,-2.245362133044954,-3.7898255500369378,1.9192727937601765e-4,0.002210229150422567,0.5692907335070574
IGFN1,1.3767849521998412,0.26534685166435207,3.7882778105065715,1.930564799002114e-4,0.002219275960119851,0.5172335570792868
TWIST2,1.0582873462333375,2.2130770527481385,3.782923634094957,1.970114393465685e-4,0.002254538566035844,0.40145296469363156
CFAP100,1.435749532379612,0.7808140576771937,3.780269073421336,1.990005712670948e-4,0.002269633900354902,0.46037420512539207
MEGF11,1.2355336992338215,1.606324501873937,3.771306250427781,2.0585786832831715e-4,0.0023321378572490068,0.3965473327612665
CATSPERD,1.4443387743452474,-1.086045060148136,3.770880898502846,2.0618878647978237e-4,0.002333892403623262,0.483828334915855
ARHGAP26-AS1,1.0158108698446044,-2.0398261282432646,3.770449536453851,2.0652489396090587e-4,0.0023357885057659717,0.5038798962896012
C1orf158,1.6969293612159762,0.619862938500113,3.7679062945141095,2.0851708249323243e-4,0.0023543895469958086,0.4141810991705075
IGLC2,-1.5464051171181756,5.362110048183814,-3.766336577338056,2.097557344912736e-4,0.002367060270849886,0.012645000463979983
C5orf49,1.3986450337952823,3.003987879358705,3.7632883844020957,2.1218093208306136e-4,0.0023917721928209314,0.23634637583139728
IGLJ3,-1.503171871869374,-1.2884588231543292,-3.7615656350445743,2.1356327938851184e-4,0.0024033555317232082,0.4629344378542548
IGLV1-47,-1.7093513247332153,1.3049117874859109,-3.76067315682391,2.1428275324740224e-4,0.0024101176961816287,0.3635184643824525
IGLV3-21,-1.7604907611088865,2.2846151949709848,-3.7581268821233422,2.163480509829776e-4,0.002427972273980142,0.29107350013503286
PHF21B,1.249089571180202,-0.44470601169201535,3.7551030532430283,2.188251287750416e-4,0.002451709987444292,0.42342697932623174
SCN1A,1.4063291394017823,-1.9301337607629925,3.7536610970990694,2.2001577296066666e-4,0.0024603134267761,0.4474645413050169
LY6G6C,2.005972091136306,-0.7005020828351155,3.7509721741027278,2.2225242360648158e-4,0.0024723909454724313,0.42330927632215154
TEKT4,1.4801980168781779,0.7355958610306965,3.7443387555089473,2.2786232840210142e-4,0.0025223714392398197,0.3259160933036842
PRICKLE2-DT,1.3497127844622425,-2.137800386186207,3.7428830556001933,2.2911118874287639e-4,0.0025320586188201303,0.40864367819121394
FGF4,1.9010688844105745,-2.809270679102279,3.7418023773683826,2.3004249244306348e-4,0.002539848553185502,0.4119279349041953
LINC01513,1.506810391162476,-1.708331829276333,3.7417751641290535,2.3006599027821834e-4,0.002539848553185502,0.4018527191173158
HOXA7,-1.4164342200997075,-1.120014630359512,-3.7394480840984707,2.3208376283831257e-4,0.0025565693202850215,0.3952912126639827
AC010491.2,1.0763322494164234,-1.9751926630631016,3.7391759669002975,2.3232079965227842e-4,0.0025577941127480535,0.4025126108426491
GJB6,1.3899268503623845,0.7059237522914992,3.7382653865257987,2.331156550426686e-4,0.002565155697394259,0.3287207699306487
PLA2G2D,-1.445786127978259,0.3009799222246524,-3.7347597986500705,2.36199761918659e-4,0.0025892793749918153,0.3327519779232322
EFCAB1,1.5030337322093017,2.3135431628321075,3.733882897298119,2.3697723524823713e-4,0.002596401794708987,0.19184855017969404
CAPSL,1.5574790176309408,2.0385972315565013,3.7258195260399116,2.4424049450627047e-4,0.0026644622248283806,0.1808842726231532
CIBAR2,1.7685538463633956,0.9578377161653957,3.7256788035899953,2.443690999350571e-4,0.0026644622248283806,0.2538681781831187
SNAP91,1.322719654790243,-1.8254029144389965,3.725048934425958,2.4494551759112165e-4,0.0026664556505205978,0.35351217249389055
AC188616.1,1.1036960354918377,-2.3051240636737975,3.723227177713329,2.4661991139111124e-4,0.0026832457596964376,0.3500882331831425
OVGP1,1.5887986737534314,3.462567009448574,3.719927541026854,2.4968018173592943e-4,0.00270038057196435,-0.005628330351463262
MB,1.164300987190074,1.1887806938046,3.7188027761400275,2.507315192762087e-4,0.0027076872464238395,0.21828806039200632
RGN,1.0677153854839052,-0.34824293846294097,3.7144282421961488,2.5486033527276694e-4,0.0027348370929692264,0.2954086074396036
BCL2L15,1.0463662836496952,2.753634411064739,3.7109642746100353,2.5817516671179793e-4,0.0027590268466813673,0.05064708814945629
VWA3B,1.1525389844403418,1.886914388726531,3.7072021011215033,2.6182143763004567e-4,0.002794778833189626,0.12822920544993455
PLAAT1,1.1756867410203273,0.054837632317664226,3.7055002557737557,2.6348676704842164e-4,0.0028066588330671496,0.25853894244406117
SLC30A10,1.2642114488867215,-1.5974100579689612,3.7051651035191058,2.6381590379302185e-4,0.002808692733729375,0.2825103345712714
DPY19L2P1,1.1054722910780719,-2.591784776204302,3.6966772916004302,2.7228183378422794e-4,0.002886727172577282,0.2649926141638508
RSPH4A,1.2118406116861888,2.1318793549501533,3.6939855546916593,2.7501971801205616e-4,0.0029066566556822824,0.06803957275151351
FAM95C,1.2502763762593858,-1.0293986286296428,3.6918517980851346,2.772084848488465e-4,0.0029221915176701014,0.22524657646665336
REG1A,1.7457981427129756,-1.5262873128326984,3.6886186114623074,2.80556357391558e-4,0.0029528883519554763,0.23093521153554875
JSRP1,-1.3558502724546266,2.824331633961508,-3.687973424115072,2.8122897821322127e-4,0.002958435690064963,0.0075029716571402005
AC007906.2,1.235806158791716,3.5611436169248276,3.6838724480626412,2.8554001080717485e-4,0.0029977886645374,-0.10665342554260171
DBH,1.4339042674568308,-1.0014594287029341,3.683341288679681,2.8610291322775063e-4,0.0030012768637946905,0.19428529841194653
TUBA4B,1.8034068404674215,1.7050872940798896,3.669935154223841,3.006615462824383e-4,0.003124610778897385,0.014690488440969318
ST8SIA2,1.4028996296681906,0.7871074609911161,3.669727466063361,3.0089248741576105e-4,0.003124610778897385,0.10708089128229581
BEX2,1.0213265349178071,3.188044098615988,3.668496808265369,3.0226436508959165e-4,0.003135739774283696,-0.035164833519057304
CECR2,1.3301427604381872,0.3457534934608979,3.668164717863534,3.026355721681058e-4,0.003135739774283696,0.12483769589482385
AL121821.2,1.2265389150788395,-2.459288090809564,3.668140787204888,3.0266233819029666e-4,0.003135739774283696,0.1729851539922711
FGF19,1.7824595908525303,-0.31163805979138565,3.6643142207446995,3.0697110541774947e-4,0.0031717746550637216,0.10402613773676794
IL12A,1.0168726346916719,-1.3128452990755108,3.6565104213992687,3.159380698059764e-4,0.003247363729949419,0.12310153238170862
PRODH,-1.5140875888336085,0.3183333778728383,-3.656293392095716,3.161909398918837e-4,0.003247363729949419,0.07163664708202333
HOXC6,-1.5824377129212446,-0.6530818461528235,-3.6495339663204853,3.2416275821615736e-4,0.003310695426123207,0.08231312050110873
PAX6,-1.4938510298868408,-0.47108056852971403,-3.6489234572773777,3.248920167823035e-4,0.003313910849714555,0.0641314564578872
IGHJ6,-1.6342264290785897,-1.4250103513218024,-3.645097689687515,3.294972315895134e-4,0.0033517025699826173,0.08411257024499186
ST8SIA6,1.199696824396362,-0.9724781336078882,3.643424916140276,3.3153006629029613e-4,0.003365642890751238,0.06486410196012748
TTC29,1.5360579112803714,-0.5750496018401224,3.640497816320893,3.351156633996352e-4,0.0033940811779922414,0.03500488064691254
AL121956.7,1.5969443806414776,-0.294146790454646,3.6364625071644663,3.401186862930655e-4,0.0034288552481251304,0.018043551096398325
AP003306.2,1.0720402780493692,-1.5076194104050307,3.633193855639628,3.4422266518524736e-4,0.003454805652950601,0.04012899888117971
AC092868.1,1.2124631633369463,-0.3064656091406951,3.627862224161371,3.5101702841428505e-4,0.00350568554569628,-0.030022751811762838
ANKRD34B,1.4046843507350097,-1.685718115731262,3.6266409936300397,3.525909740816705e-4,0.0035179474507785326,0.0373855194955075
C11orf87,1.3128493354756272,-2.5933201702645534,3.622968175751176,3.5736470006293404e-4,0.003560333413764251,0.028830446193330417
CXCL14,1.34392108019264,5.964737878875544,3.6152096408249235,3.6764949975363176e-4,0.003637832732713151,-0.5591951949443628
TUBA3E,1.4068634536627018,-1.6678978783465668,3.6112987601635873,3.729387738926408e-4,0.003684787379967929,-0.026827962248780146
AC246817.2,1.2816555839262174,-1.7261456115232023,3.606027438621991,3.8018132576144717e-4,0.0037363167903878974,-0.04292553061674198
GDNF,1.1905528171265716,-0.9902899360609483,3.601729181315597,3.861846446645042e-4,0.003775284616720242,-0.07028510837565882
AC010255.2,1.208785430843478,-2.7429295130562292,3.599530401159433,3.892900135133024e-4,0.003792871636934016,-0.04734217842213617
RELN,1.505876464778199,-0.2347547277518462,3.5981993102527747,3.911813281265369e-4,0.003808728943514688,-0.09152097496175582
FAR2P2,1.2859875162037357,-1.571780785894765,3.5966745599920653,3.933584263679344e-4,0.0038196926218355943,-0.06685895982132806
AL033530.1,1.4451380443383632,-2.6003419360587663,3.5960528604653383,3.942493792194316e-4,0.0038265159423379793,-0.056059258787569455
SYNPR-AS1,1.0623437534390554,-2.8056836146692,3.5860331851274725,4.088728303672314e-4,0.003942092696576666,-0.08773257853437677
LINC00514,-1.1137266588764896,-0.5805434818145809,-3.580352839424518,4.173880835972279e-4,0.004007083330670788,-0.13487946934667328
GLB1L3,1.2469855378306307,-1.584599064752025,3.577571805111263,4.2161757490517636e-4,0.004034348207331829,-0.13066484615560636
CXCL1,1.3796950396190861,2.726976188963128,3.576957253842987,4.2255762347275346e-4,0.0040395395764159184,-0.3393908200551268
NUPR2,1.5313219464543164,-1.18676473523181,3.5765742428183116,4.2314449241421777e-4,0.004041800594592888,-0.12421594262855074
TGFBR3L,-1.0058301520207744,-1.9863571298359102,-3.5764136796447628,4.2339074325370294e-4,0.004041800594592888,-0.12779958141700565
CDC20B,1.6897140209701365,1.664127027545826,3.575786144929066,4.243544664631582e-4,0.004049098674364895,-0.3160183870591933
FMO2,1.4730293690162783,-0.34704459004069926,3.573756123620028,4.27486168515865e-4,0.00407358116185656,-0.18393668219597448
SHISA6,1.275297274708155,0.9540263959211168,3.567419596388163,4.374017613639477e-4,0.00415603244411448,-0.2988321692300424
CXCL17,1.464970557773059,4.117021357823994,3.5670384582062153,4.380050149100941e-4,0.004159819590202221,-0.5922934339612311
GAD1,1.2073929882083734,3.5412189697142846,3.55813864433979,4.523155634518907e-4,0.0042579256653989,-0.589494035645858
AL132990.1,1.1141969844649884,-3.0735767570615953,3.55698690879826,4.541992772497583e-4,0.004273678755011152,-0.17904958397617055
ALDH1L1,1.1198275034802432,1.8644244208829468,3.5568041141955415,4.5449892242794936e-4,0.004274519250081279,-0.3470582863031293
IGKV3-11,-1.6041893379638963,2.0899387585713605,-3.5562129363516304,4.554692795390179e-4,0.004281664032077244,-0.3720246433193095
AL449403.2,1.0046465304068322,-2.1466573247195444,3.555341681003624,4.5690290209960646e-4,0.0042911712487395575,-0.1973851753409237
HOTAIR,-1.2384707397891337,-2.409494792295796,-3.553591490196036,4.5979560077123233e-4,0.004311780428344909,-0.19418483696085254
NRXN3,1.1953993204734346,1.6252911878987633,3.5535008513135655,4.5994587525348174e-4,0.004311780428344909,-0.3217062855066377
IGLL5,-1.30243896030919,-1.9808264466897072,-3.5532621977628995,4.603417708668916e-4,0.0043135021443516395,-0.19983074967170467
IGKC,-1.5343315055980185,8.47683777591778,-3.551871792607515,4.6265464493735353e-4,0.004327194203270489,-0.7816312598654491
MYOZ1,1.1508151585105422,-0.9211340672333332,3.551116573384573,4.639154855672366e-4,0.0043330047466307526,-0.2163541567434848
NALCN,1.0832845327155423,-0.7954336598113525,3.544128763918507,4.7573566816470566e-4,0.004407510194057881,-0.26553747829015073
IGKJ1,-1.5016905120462045,0.5521356201982324,-3.5436897761405137,4.7648759487259817e-4,0.004409897030141478,-0.3126242434288429
IGLV3-10,-1.5631713799920424,0.15947462382761118,-3.5341148231965147,4.93168382510985e-4,0.0045230840280475,-0.3354908119031901
ASB12,1.1008250567925584,0.37042482414693234,3.533777341085566,4.93766200609676e-4,0.004526524249522352,-0.3373343841555849
PAX5,-1.0868928251625163,-1.7620692744911841,-3.5302878875078494,4.999874392327476e-4,0.004573242445979461,-0.275211753914796
FAM183A,1.387645678611559,2.304460936037318,3.527547543368503,5.049245961079569e-4,0.004610102197348659,-0.5071308634208069
AC100823.1,1.0819653729022531,-2.564396905514611,3.5255863692395626,5.084859994896034e-4,0.004636370324641858,-0.27753657852056435
GPIHBP1,1.0189629795000963,-1.6424477000809756,3.522428448164771,5.142702084432468e-4,0.004670253671313918,-0.2994964827743276
CDX2,1.7148538169441245,-0.8901545857542121,3.521154110650449,5.166217833742566e-4,0.004687420145222497,-0.34094212956474923
TMEM179,-1.1687079807630392,-2.283871965106935,-3.5208766128885243,5.17135194341686e-4,0.004689984689781538,-0.2958201467584951
LINC01515,1.0331312633262417,0.8622567182622916,3.5187391619403643,5.21105858813198e-4,0.004719737375235114,-0.3983739729009743
DPP10,1.5663487110185792,1.132407950267298,3.5127528037330604,5.323792346840205e-4,0.004802519114832682,-0.4467071898059931
ALPK3,1.1144922879915642,4.311725978824428,3.509994256105427,5.3765068912791e-4,0.004838730025487275,-0.7666737518673221
TRIM58,1.3382472754809671,-0.07076735097153623,3.5041416677146797,5.489972072964169e-4,0.004915191575463733,-0.39647511636195976
OLFM4,1.9644384568866977,2.4911871040510194,3.4986103783508344,5.5992682483357e-4,0.004981962707030785,-0.6335826751978635
LINC01829,1.128346199735557,-0.31735017451288466,3.4985158497346185,5.601153702797355e-4,0.004981962707030785,-0.41852163542572374
KCNA2,1.033687678938771,-0.9933311793417231,3.4976953711270933,5.617543871369966e-4,0.004983455331371593,-0.39761654133489444
AC027601.5,-1.1237478702451327,-1.2548297901956091,-3.4897482343002886,5.778641860106329e-4,0.005099657714494182,-0.4198480658308359
LINC00237,1.5319241248830768,-1.856821920090757,3.4843207526755022,5.89114040236987e-4,0.005178699720491576,-0.42335967321156076
CXCL10,-1.0121967342501432,3.304180239970231,-3.475599080829057,6.076226733416535e-4,0.005313822380807128,-0.7362078958050224
DUSP9,-1.2925532262326085,-0.7477971756766965,-3.470114101679488,6.195400674879263e-4,0.005401772772039732,-0.46705824696229303
ROPN1L,1.4107253542239515,2.1294060959106633,3.4676678253496442,6.249254441569419e-4,0.005435643917436685,-0.6919263958485162
IGLV3-19,-1.5445102052251793,1.9106478843808494,-3.467261368778243,6.258244769355939e-4,0.005435643917436685,-0.6564194110417167
FLRT3,1.0263102906716381,1.7363520391999199,3.4671642901936957,6.260393821137879e-4,0.005435643917436685,-0.6039400958484409
FAM181B,1.0957592513681274,1.5196652225576235,3.4635717857386834,6.340409593251275e-4,0.005492859529976083,-0.6397667875540876
DPP10-AS1,1.3117824540916427,-0.8789074111296028,3.462009038409126,6.375514609372703e-4,0.005509720531951619,-0.5139972038412886
IGKV1-5,-1.5326296420282732,2.893695592481604,-3.4605862003605194,6.4076349250811e-4,0.005529884170588037,-0.7644257501023679
KCNJ15,1.275752164770815,1.6641205491546818,3.4600668999955726,6.419395725447508e-4,0.005536859021119611,-0.6425243041524755
WNT3A,-1.1311611796615368,-1.3674400758702476,-3.4570846603850613,6.487327845771201e-4,0.005574987363105873,-0.509011673553152
IGHJ3,-1.3774321468742101,-0.3906328070798933,-3.4545439591308864,6.545732424749488e-4,0.0056109433066473475,-0.5560256353587514
CFAP73,1.200274344905187,1.1816530558869842,3.453240605941066,6.575883989606017e-4,0.0056272954191474815,-0.6532761184088187
SYT1,1.105148937966905,0.9608887957904857,3.44999790081463,6.651465138534114e-4,0.0056776303013678,-0.6237988213673642
ANKRD18A,1.1440330268022527,-0.8682554637955878,3.448978836960658,6.675384908072571e-4,0.005693265752063237,-0.555116413204976
LINC02562,1.3820848675481816,-1.7310113287769335,3.447611582954496,6.707603957752059e-4,0.005713726939248409,-0.5259090786272882
SERPINA3,1.2934492209996273,-1.310301897351334,3.4472092649613746,6.717112166903804e-4,0.005719253777970379,-0.559495748136575
AL158835.1,1.0323228262048811,-1.717159916689482,3.4457281946893104,6.752223916262126e-4,0.0057467419964033276,-0.545583271653296
CNTN5,1.1615344074027871,-0.9648767687917923,3.444691338663194,6.776906781986396e-4,0.00576292273795362,-0.5583329217455129
KLK2,1.1377403076667412,-2.0490305338004653,3.442533376625013,6.828549045913832e-4,0.00579471527386859,-0.5427609844898313
MNX1-AS1,-1.0477106235242335,-0.757849631026257,-3.442369425935244,6.832487565610112e-4,0.005795637616171115,-0.6021001315228869
IGHV4-34,-1.4706913177603949,0.7243547485380398,-3.4374626842913454,6.951348415066074e-4,0.00586951413326975,-0.6692892300381033
LRRC55,1.1007799146461372,-0.7264693150969661,3.435288046817422,7.004642937418497e-4,0.00589817376923052,-0.6097082266898646
AC068134.2,1.0118323095777142,-2.053933604786644,3.424204436048936,7.282260584233666e-4,0.006080315868977858,-0.6094251826679118
HOXB13,-1.692780986707139,1.497088708338355,-3.4213734842241528,7.354800441386448e-4,0.006121169703961433,-0.7669245296521146
VWA5B2,1.2434293671120593,2.3490245682595603,3.4197261925822757,7.397320687543343e-4,0.006151519871261493,-0.8665312530542124
GPR25,-1.012735435050697,-2.036940876619942,-3.415734397160996,7.501312717919893e-4,0.006222721619551181,-0.6266662236882068
PLPPR3,1.4560721437598394,0.5710594767000917,3.415252811581186,7.513950671739885e-4,0.006228121266412781,-0.749052886487986
ANXA13,1.225923609153389,-1.8265499231579736,3.4128830439808677,7.576429421807182e-4,0.0062530419757503624,-0.6367343302722315
FCRL5,-1.2480100601676494,-0.8592778539025565,-3.3966872556299696,8.016601932865548e-4,0.006561796926442183,-0.7183215914680003
AC092198.1,1.0734846355732233,-1.0635387359607977,3.3949792415258266,8.064389633366678e-4,0.006589036457900565,-0.7182643963855719
HHLA2,1.3748790034571539,-1.4589105531628124,3.3930398690580788,8.118972878080049e-4,0.006618933203934974,-0.7026082779539218
FRMPD1,1.3705769139031052,-1.4136641610239244,3.3906512293345465,8.186674796714633e-4,0.0066634352650551945,-0.7049880253174283
DMBX1,-1.426192243049305,-0.20690600787979002,-3.3868263614887995,8.296182996543646e-4,0.0067310029230240745,-0.7479869242240174
DOC2A,1.1644804185061468,0.09207853681488623,3.3858210006439826,8.325193207158225e-4,0.006749151445643549,-0.789723744242318
ECEL1P1,1.179587001053076,-0.15339939723731105,3.3835374513957683,8.391438431976944e-4,0.006779850583483814,-0.8182188247215798
IGHV1-69,-1.4512783938215517,-1.3908712819651992,-3.383480938783179,8.393084072055341e-4,0.006779850583483814,-0.7458683656072616
MSMB,1.2927365718071615,-2.3274002323652083,3.381588120683089,8.448377038670467e-4,0.006813683132299149,-0.7262421983665481
ANXA8,1.28352353004277,-2.0435126008630378,3.3814692145951626,8.451861847057719e-4,0.006813789773090086,-0.7304499535073798
GRM8,1.0036453186610943,-0.20531300794107993,3.3807652419187475,8.472520839978304e-4,0.006826661975102908,-0.8026339232383775
C10orf67,1.0544433101840682,-1.8824389656298672,3.376093068962744,8.610830840341812e-4,0.006903719740668795,-0.7434003720784235
GPM6A,1.0037961380202118,-1.230690767254242,3.373285467812203,8.694954642477446e-4,0.00696173722233443,-0.7681470359141116
S100A1,-1.1337324230351982,1.3632837367189088,-3.3722236904475356,8.726967926765563e-4,0.006972589877947242,-0.8579841939630857
OR7E122P,1.0687042468669992,-2.3584148784643095,3.3613969728062276,9.059738422281056e-4,0.007161809556376515,-0.7817142661388017
LINC01101,1.1090239900994139,-0.827172327136508,3.3552710234926506,9.253231149402916e-4,0.007271746698510729,-0.8355248589497037
CFAP74,1.2152650840883112,1.3246422695357394,3.3551879234524042,9.255882224206555e-4,0.007271746698510729,-0.9697021870870026
NOTUM,2.1367669579645097,3.6656135839453876,3.354652731064878,9.272973020329205e-4,0.0072794091798057455,-1.1598403146750238
NXPH4,-1.2183315134812234,1.812446366486342,-3.353953255390566,9.295354392584048e-4,0.007294161493238541,-0.9496172348505318
CCDC78,1.1172673568455718,3.4332152948937606,3.3501571959105316,9.417699264672363e-4,0.007378601965881176,-1.208759673550981
IGLV2-14,-1.3916891943599001,2.6489820629672804,-3.349723592126094,9.431769211506478e-4,0.007378601965881176,-1.0983666228473812
IHH,1.4385194544348368,3.893314653481336,3.3489179940356,9.457961991277478e-4,0.00738469533272084,-1.3560613588648627
GRIN2A,1.0673042756590243,-1.664432949807115,3.3481703694012386,9.482330508430334e-4,0.007394214035624538,-0.8289077227367523
WNT11,1.3029603234008458,3.0791575276755867,3.3463722105301463,9.541180652844769e-4,0.007409818708002182,-1.1047682796444454
IGKV4-1,-1.501363098286698,2.9121623501433,-3.3462457273668735,9.545332984522019e-4,0.007410211901353152,-1.1223947615994874
IGKV3-20,-1.4496119064457411,2.786212825745509,-3.3418115961519894,9.691970801443661e-4,0.007503985316896798,-1.1278067093804776
IGKJ5,-1.202417461732502,-2.2531494170484665,-3.3400668692948092,9.750242841670331e-4,0.007534750399775963,-0.8498794997475319
MYEOV,-1.100137488794583,1.7171945614664923,-3.3390597229573316,9.784028945817483e-4,0.007555114144939002,-1.0251426438359887
IGLV6-57,-1.5282472656847148,1.338613577511835,-3.3366153359111803,9.866483538540866e-4,0.007599356792335023,-1.0179749898006154
AC019117.1,1.017972173131788,-1.9272287543370339,3.3365853858951384,9.867497822757393e-4,0.007599356792335023,-0.8652528206324979
C1orf194,1.3604779167280259,2.450787388173082,3.3336231309880944,9.968298677546414e-4,0.007659572866633396,-1.1667809519019743
IGLJ2,-1.4475287515308333,-0.1971552496932973,-3.3331245287292184,9.985359369541543e-4,0.007669233390575513,-0.9419393264136193
IGLV9-49,-1.497791153484875,-1.6568891952793363,-3.3184443238202967,0.0010500033578645627,0.008010428192179713,-0.9312721629184075
MT3,1.1933868589534171,1.0067032388578714,3.3123537371454415,0.001072072829981233,0.008111991137951816,-1.0810232343213162
M1AP,1.0475685627648927,2.514518980986054,3.3095786031408534,0.0010822711791635936,0.008174768915785719,-1.1757853585682287
MMP12,-1.0140073727833792,1.7223356358783013,-3.308996203892592,0.0010844228731397313,0.008181072930100928,-1.1194072309540113
TMEM190,1.2573432898369694,-1.4347778732147656,3.3088098422102123,0.0010851122332945537,0.008183236003517072,-0.9705653475528155
FMO6P,1.2733684162369865,-1.2785227320079329,3.3017528092500674,0.0011115186878913044,0.008342136563036512,-1.0072334295975764
AL713852.1,1.0777374780840825,-0.10772115267045299,3.29899447523316,0.001122001597994546,0.008400582949777365,-1.0667023687791
CFAP77,1.4853909649780188,1.4405938955681403,3.2939062892633593,0.00114158074237885,0.008508062709243765,-1.172950706458053
IGHJ1,-1.2146401873811972,-2.518860168624937,-3.288356853973907,0.0011632968480686469,0.00863945931472969,-0.9947755015244573
IGHV2-5,-1.5838366739167933,0.32292325086892293,-3.283917295382215,0.0011809457520600634,0.008740546782545058,-1.118993977787376
IGHV5-51,-1.4733008600320139,1.5738435846897374,-3.2755661979303654,0.001214821022219641,0.008955394434382294,-1.22015760476045
SULT4A1,1.2468570176781997,1.116814603004608,3.2729723614597463,0.0012255250975358079,0.009008163501742408,-1.1673871730243262
LHX1-DT,1.5082569795769736,-2.1594463801782524,3.2714660398392836,0.0012317814595589184,0.00904433756650125,-1.0398553179979029
HGC6.3,1.109208506304466,-2.5398554729730645,3.2613906471221457,0.0012743979842907843,0.009290123612885904,-1.0653271153742958
KHDRBS2,1.0358475498020474,-2.7391151962190894,3.2421186929025456,0.0013597542313824554,0.009772151696823559,-1.1229784924794588
AQP7,1.0289213524644112,-0.0024789875660715904,3.2372083727356267,0.0013823351147403563,0.009895941835851707,-1.2403898968178275
TNFRSF17,-1.0542441386465242,-1.851716593549991,-3.2346037480786567,0.00139445369178538,0.009947657715635683,-1.1714431774034084
FAM163B,1.3186578237475337,-1.7771487310341352,3.234255238462294,0.001396082666171786,0.0099557838972896065,-1.1780600988601133
NAPSB,1.295799460320696,4.372783936778751,3.233906630084734,0.0013977138687853025,0.009963920262782353,-1.6882343448189463
KCNE1B,1.1148626145885927,-2.370054453374037,3.233610791213388,0.0013990995404060751,0.009966806540207877,-1.1635678714421438
PPP2R2C,1.0234478416818882,3.840444422538463,3.2299762682980333,0.0014162275428733614,0.010053583158001466,-1.6313942531244647
CCDC187,1.2578383052155861,1.391771026509453,3.2296615620197704,0.0014177197393658207,0.010060662005192369,-1.3354572911469695
ETNPPL,1.064922259387745,-2.400159016316257,3.2263266195559606,0.0014336224340208196,0.010148708585523906,-1.176707049827673
DES,-1.507778809469912,2.7299531818082503,-3.2220598520579835,0.0014542098702396127,0.010248044869192056,-1.448881017069219
MS4A1,-1.223411494720545,-1.3280195722341195,-3.219404870869017,0.0014671583867073507,0.010332129955453984,-1.2319046026819427
AC010329.1,1.0206633118132755,0.6551234022598379,3.218558055245341,0.0014713108015980397,0.010357783419355233,-1.3340960676029017
IGHV3-21,-1.3940531197310606,0.8786925849904121,-3.19933799963716,0.0015685391399083528,0.010924944989546732,-1.4039861276191967
PLA2G2A,-1.1312470723130588,-2.180613964278205,-3.188459018780357,0.0016261782061785365,0.011260799271677198,-1.2834321307588654
FAM181A-AS1,1.0108432497928734,0.16365952566849076,3.183495779401401,0.0016531208187678583,0.011416251281222546,-1.404252503642546
AC022031.2,1.275623274140712,-2.1346545616973946,3.173984062207024,0.0017059132152442403,0.011693405923248452,-1.3307060788632397
CACNA1E,1.189586780520469,-0.17833972075065713,3.1732625753881503,0.0017099806579729101,0.01170944976167164,-1.4060509924041922
CXCR1,1.0370953110166354,-1.863408410549263,3.1593093644315537,0.00179043001873784,0.012124538629832034,-1.3944624463119668
SLC4A4,1.0758446351974322,1.2536572380673041,3.157510719136081,0.001801051413802688,0.012181220943136716,-1.5427965503913121
LYPD1,1.1095235418888434,2.4720433985608308,3.1569969034525274,0.0018040962937576756,0.0121977555137495,-1.6107916228821022
IGHV3-23,-1.483768753214043,2.1390278545434005,-3.153693645622924,0.0018237854320754102,0.012300017219380822,-1.6329015693657745
BASP1P1,1.2483788193686671,-0.980522618436801,3.153303461069214,0.0018261242130195024,0.012306663925941224,-1.4376886628123717
LINC02167,-2.0180672577817274,-1.6122211513505582,-3.1523393609885253,0.0018319149643176206,0.012336593682833439,-1.4065001883591437
ENDOU,1.1078337400659768,-1.3657563262154833,3.1513080985052744,0.0018381279124850718,0.012373556219193848,-1.4222096548769123
CCDC198,1.4744612455812798,-1.1476479528468657,3.1446647827922445,0.0018786206150950592,0.012571974113003617,-1.4424360391803095
SOSTDC1,1.3144037818388485,0.4120363259195733,3.1396475514927307,0.00190974677805523,0.012725801153178522,-1.5247742729989175
IGHV1-24,-1.359235233640828,-0.5930220994258991,-3.1370922767787084,0.0019257818848674641,0.012811650091013533,-1.503387991680433
IGLV1-44,-1.3893926881642273,1.0495921144464624,-3.134639146190552,0.0019412929865164823,0.012881109584708124,-1.6027098811390763
IGKJ4,-1.2682853313971862,-0.7500688690392616,-3.1344261578042873,0.0019426451406873962,0.012885874621191461,-1.5049692480922578
HS3ST3A1,1.0854828317428704,1.2598604979157944,3.130865030389656,0.0019653822191366636,0.012998512275214303,-1.6276140004608983
EPYC,-1.1336310246112458,-2.506085696630565,-3.1303632659720795,0.001968605572919788,0.013005655430202217,-1.4386921590194888
THSD7B,1.0590803608841226,0.2483799483753358,3.1287256622091526,0.0019791596146234085,0.013064124718287157,-1.5500054434001909
KLK3,1.1418115568102833,-2.485928167657384,3.1270932711837056,0.001989732061232606,0.01311450036469286,-1.446804017470929
CNTN3,1.2124624720333776,0.9965102418572258,3.1212645626450857,0.0020279098049562194,0.013279234817479056,-1.6315112825117115
IGHGP,-1.475603427485764,2.289797138088539,-3.1140108895220378,0.00207636561027305,0.013516993806274654,-1.755274364967626
LDLRAD1,1.1803064093828246,2.13940838007954,3.105202982868525,0.0021366403330987348,0.013847282566931978,-1.7994249042398165
PGAP4,1.1201851381902226,1.3680956726491875,3.0986979336778724,0.002182188170577919,0.014092804072287175,-1.6901650963263997
STAC2,-1.1023695480232798,-0.23224579974808615,-3.082856112839344,0.0022968837630600023,0.014684449701299618,-1.6524898197985731
EPS8L3,1.3016108257148307,0.8292368330598082,3.081224615853916,0.002309006247841939,0.014743400245409854,-1.7542159763393927
MUC5AC,-1.5741450296326351,1.8481628351787498,-3.07037834657324,0.002391108175352173,0.015149598110320992,-1.8584575560102232
GSTA1,1.3217975331485237,-0.289892927421186,3.0693837208346513,0.002398770176463148,0.01517827056862921,-1.698955520965029
PRPH,-1.0018179211783191,-0.7471813865889074,-3.0650128421160914,0.0024327096507297235,0.015345248585174083,-1.6877425693273276
CFAP299,1.1340423953110517,-2.078021579657609,3.0635896367504807,0.00244385581135376,0.015405994264874014,-1.6553331042452726
TRIM15,1.1507911399642503,0.35134507267371384,3.0630248829554065,0.00244829183175977,0.01542439032507302,-1.7573413188465343
IGHV3-30,-1.3431845940058018,1.3798556821459942,-3.061687842890462,0.0024588235734664767,0.015466768897286497,-1.8385636507570196
ZBED9,1.1935237332288755,0.20538603318575874,3.05921648368844,0.002478400147268131,0.015570635113779749,-1.7341448464542335
SMPX,1.1449319044619313,-3.2556317915101425,3.056483628389223,0.002500215171474521,0.01567860942457518,-1.6307577987653028
LINC00960,1.175754748590521,0.4589528171146248,3.0437903895807863,0.002603875426793656,0.0161591340989784,-1.8062058717995821
LINC01411,1.160371695025436,-0.7663176907135434,3.0356649129515243,0.002672293574849815,0.016458089277347772,-1.8068610445073165
CST2,1.293695707522142,-0.4869352274856161,3.03498296832124,0.0026781102489545107,0.016473813609269056,-1.8159600626124135
LTF,1.784892751001748,5.8458747247734815,3.0304596940891115,0.0027169874228389073,0.016637557210538702,-2.3832076241862143
FOXG1,-1.6199224643563812,0.24520940346398,-3.0269056973680706,0.0027478970708370207,0.016793016976141144,-1.8381710870661436
LHX2,-1.0056585814707721,-1.325575112486617,-3.026875789024063,0.002748158554548585,0.016793016976141144,-1.7845536219365128
PRSS12,1.0240131458953439,1.0751071183620773,3.017926830114641,0.002827433326285495,0.0171787096206348,-1.921123146929867
MMP1,-1.004495381292473,1.400629289693975,-3.0160559616515084,0.00284426984948066,0.017241148896225796,-1.938811313471395
IGHV3-66,-1.2316239173968897,-1.6384367995638707,-3.016041611845022,0.0028443993430941296,0.017241148896225796,-1.7960732054060715
C9orf24,1.4069132296256828,2.4732994772181423,3.0126843642674643,0.0028748447018004386,0.017399745002796937,-2.1206327191955365
IGHV2-70,-1.270811158502224,-1.5940234851624242,-3.0038533045487616,0.002956364744794626,0.017781934617699315,-1.839448568156552
TNNT1,-1.5617645064733297,1.6166326862384974,-2.9999880013963582,0.0029927091064969333,0.017942129758242973,-1.9393670646089394
CACNG6,1.4541639123886472,-0.8827147151470424,2.995785195112368,0.0030326921190415553,0.018139033145203227,-1.8554590292938062
IGHV4-59,-1.2974981401271257,0.7728564623403843,-2.986421567827855,0.0031235413516785015,0.018529729839904807,-2.00191627369123
FAM189A1,1.0412576829958073,1.322622948474584,2.9862375907314496,0.00312535111815795,0.018535055770482107,-2.055007542843855
IGHV3-53,-1.3073162841348316,-0.8454717445720612,-2.9704460067311316,0.003284325329395609,0.019253137581377665,-1.9608715525581228
CAMP,-1.0400574788167292,-2.175576875055444,-2.9679955870450985,0.0033096478640613604,0.01937922304499657,-1.9019387338196587
MMP3,-1.134237396948507,0.2263038745916808,-2.9594054953142495,0.0033998374312041403,0.01978750137671554,-2.0334290211149026
RNF186,1.0171085146483687,-1.425920966995161,2.9582171804752075,0.0034124896442739674,0.019821503152393286,-1.9558589758158096
IGHV3-20,-1.24506148248731,-1.718752304532421,-2.9575423418846216,0.0034196939698093935,0.019840668068057697,-1.9537538572739495
B3GNT3,-1.0711960446426034,3.7996336191338917,-2.954814885088635,0.003448953476761875,0.019947788976012622,-2.330621735021966
C1QL4,-1.139558494892365,0.8721674535069657,-2.9432015596489585,0.003576123254471464,0.02050821925052992,-2.09623362477178
KLK1,1.1524942029351375,-0.1560144065829305,2.9418784600428785,0.003590880827424328,0.020581235740714056,-2.0563880884341526
DCAF12L1,1.4513939931860211,-1.1171577959401873,2.929458143496825,0.0037321571507688985,0.02121744389712646,-2.01247469319081
IGHV2-26,-1.2103219988418907,-1.1849667132807116,-2.924078892900592,0.003794907517575798,0.02149601460067183,-2.0649842990135787
IGHV1-69D,-1.2883143423353118,-0.38674899551042774,-2.9137684806485895,0.0039178856857723,0.021966098945554822,-2.1352247998537024
AC126323.1,1.0567379304488969,-1.7091844372732439,2.9038153687621984,0.004040047163946197,0.022471242079924056,-2.064594178375418
CALML5,1.3148019149546561,-1.9819745762194554,2.896894572802672,0.004127031354256999,0.02282997998130547,-2.1002418380587535
CDH18,-1.2780786525260224,-2.829939745509628,-2.89499489038797,0.0041512049222026245,0.022926382836642972,-2.055348785303074
CTNND2,-1.188907491962294,1.430040952591088,-2.893382936890794,0.004171818451168091,0.023015211238203114,-2.3073767840712827
S100P,-1.1011930746738192,1.737773176942479,-2.8915059612971508,0.004195938809710053,0.02312317255112449,-2.3467943401416456
IGHV1-18,-1.3067830265926026,1.6812658723383278,-2.8875373092206056,0.004247358293867204,0.02331801997962103,-2.3489206294176213
COL26A1,1.226672345684344,3.4039239862139112,2.8849209420607935,0.00428157091158362,0.023436209859150417,-2.4575068965488738
SHISAL2B,1.04430204794435,-2.547965507888016,2.8815622964568095,0.004325858476525548,0.023589682768152737,-2.1176685260652786
SCGB1D4,1.5293451155725561,-0.7560845855219583,2.880979883974992,0.004333580639467998,0.023625454108515985,-2.2232548946672495
LINC00540,1.0389932565053173,-1.1149263373407912,2.8794230195761017,0.004354284776665398,0.023706531958464384,-2.1715333406817146
AC129507.4,1.0821860131556145,-2.3206912008872034,2.8777637835440513,0.004376449625664345,0.023801702486487063,-2.12044586493786
MAG,1.1707680461815495,-1.563881214874997,2.8771309286687137,0.004384930677727462,0.02383882866001482,-2.1283516613203854
TSPEAR-AS2,-1.110750365594126,-1.64852500794335,-2.8743854026470093,0.004421898070477734,0.023978876442250895,-2.143064826672575
LINC01234,-1.0351764245003854,-2.360986167110544,-2.843127535682937,0.004863275432327018,0.025847596727671108,-2.1989506950989464
GFRA3,1.1870097757655862,2.2596572045360652,2.84267814420233,0.004869903771146163,0.025861423993567292,-2.516419853854773
SPINK6,1.3698975805332676,-3.170614887286933,2.8426195771494243,0.004870768216570858,0.025861423993567292,-2.201379066209428
CALCB,-1.154965005609585,-1.9923573459556663,-2.8370620050346895,0.004953436048883563,0.0262034446271498,-2.2273420298494946
AL079338.1,1.9571334549732402,0.7225843517310431,2.8329572233364853,0.005015311631631878,0.026455020400022393,-2.3395727565433684
LMO1,-1.109990157029038,-2.2048773186849013,-2.8316258402198704,0.005035531487088053,0.02653930055582382,-2.2256980544544773
IGKV1-12,-1.145016121990794,-1.2756001007735156,-2.8315912594054713,0.0050360576564783405,0.02653930055582382,-2.3032400847054486
PLG,1.0740108052170143,-1.8070598316935755,2.8200320674165056,0.005214767608994892,0.027245485060465858,-2.3163262590795606
LGSN,1.254830492291491,-1.1658709418767925,2.818793557070522,0.005234253606924515,0.027312187498622298,-2.3235333358801156
FAM30A,-1.0138875839900041,-1.4439296892298037,-2.8158696624760178,0.0052805193640788044,0.027461943591488645,-2.3193168178358206
AC106875.1,-1.1947289062030149,-2.1169484289273197,-2.812627556356661,0.005332254705790345,0.02763201036218332,-2.3241341309659216
TSPAN8,1.078128990903373,2.5282487180615356,2.809846558285831,0.005376998609733421,0.027793011125183634,-2.685634204114946
CYP4F3,-1.1166944412754318,-0.5854545566863391,-2.800846471562291,0.0055241511400402,0.028344571514813687,-2.4023758572327196
IGLV1-40,-1.2927164961081679,2.7606451781546677,-2.797715230816557,0.005576198834066095,0.028539578217970114,-2.694771053510851
LRRN1,1.0855840652832724,1.5429850390013904,2.783625239487898,0.005815957621539689,0.02949925697533632,-2.560522791553447
IGLV2-23,-1.2484223284236504,2.120490752363913,-2.7812245136268037,0.005857729343129381,0.029647716647174478,-2.67688435200053
WIF1,1.4910543109656302,1.827152173556313,2.775870903231608,0.0059518620163339,0.030047423005377594,-2.7389655834554096
GJB5,1.013932064360454,-0.41616129118039524,2.7744166043164165,0.005977668869354695,0.03014643724584735,-2.495328425611361
MUC4,1.1479614555773527,4.094947837920594,2.7717590924662554,0.006025089276500714,0.030287883862379548,-2.8871707882164412
AC136621.1,1.0068891934895925,-3.0287682626277843,2.769235635506781,0.006070433065417378,0.030448045809857553,-2.3928800727950126
PYY,1.0441516043625145,1.8222873965177475,2.7681220054347144,0.006090542002476552,0.030533837113550427,-2.682037301741161
IGLV1-36,-1.068327816022708,-2.1544817967465257,-2.75886594703417,0.0062600306310991345,0.03118354474177912,-2.450352655203564
IGHV4-28,-1.1301570903619704,-1.0412130442873704,-2.7580740324243864,0.006274728072725484,0.031241443740831147,-2.504083764211388
SEMA3E,1.1773449942082963,3.0186642116568208,2.7559763016396883,0.006313811853748766,0.031412952782274156,-2.8653997116953756
PRSS56,1.2245333159499157,-0.8635820176336682,2.75290640612405,0.0063714060442868386,0.03165082344234688,-2.5551436875196396
KLK11,1.026050416023014,4.353764245011668,2.750733543450111,0.006412458160889873,0.0317947791319653,-3.0523718672946605
CLDN2,1.3458027233278353,-0.05651811402116618,2.748076511894084,0.006462983179390842,0.031978570874599876,-2.5864167294976577
IGHV3-48,-1.2470211138387912,0.9108828638927289,-2.745598292908895,0.006510432550226622,0.032172093684493204,-2.6548841278959623
B3GAT1-DT,1.1691390627328524,1.3969555354851326,2.73155996527227,0.006785220703028948,0.033149717684702006,-2.776830453783259
CECR7,-1.1206820847928465,-1.196914479382338,-2.724523154679445,0.006926870064363483,0.03367983425553192,-2.5267712332104924
IGHV1-2,-1.3487887538752528,0.595380511578017,-2.713585807907509,0.007152348626003287,0.0344302068865208,-2.716629177467637
IGKV1-9,-1.2077288860021984,0.303257669455207,-2.7120574530672634,0.007184378969911174,0.03452715019732199,-2.701121163216426
IGKV3-15,-1.255562543019758,1.8823858346905222,-2.7110652740038264,0.007205241769261262,0.034586459380168966,-2.821321638821709
CLDN10,1.2838779801470181,3.028485673499549,2.7105770287520436,0.007215528302790636,0.034586459380168966,-2.926840914318071
NEUROG2,-1.1155288844980111,-3.154817934916401,-2.7072458016106427,0.007286066565860994,0.03481967811099035,-2.5423863523870933
CRISP3,1.2065631136071853,-0.5695387875069957,2.703680638348801,0.0073622477338721,0.03508331135831572,-2.679224433341454
AC108752.1,1.2706476792731602,-1.5672912349880157,2.678252614225216,0.00792678579685644,0.03709092028585101,-2.6834854840156512
LRRTM1,1.1922002936143108,3.7319425486533855,2.6716665050773813,0.008079231557724813,0.03748055288272064,-3.1269180977660955
KRT83,1.0951034433211027,-1.8730802779965419,2.6698327038796412,0.00812214531493658,0.0376195262946151,-2.6650559097857305
L1CAM,-1.3803819178804586,1.9366441973003596,-2.667753346648922,0.008171053808988497,0.037820199866518384,-2.8213460121820617
AC061975.6,-1.0489031822563044,-2.2068725336689865,-2.667308258274877,0.008181557124469649,0.03785157454990238,-2.6434971659966284
IGHV3-33,-1.202882963958582,0.38121624918210195,-2.6651673781248726,0.008232248312750871,0.03805144751156441,-2.819099446484681
OPRK1,-1.0184261351506059,-0.3238546523684616,-2.6646973559397744,0.008243415168431358,0.038077084064363394,-2.7644651491222736
SCGB2A1,1.0309638243016366,7.596037131507948,2.6544858549825223,0.00848941327394855,0.03896697418743307,-3.4382332916797873
MTRNR2L1,1.1154824674060222,-2.2403979600405086,2.6528023537226426,0.008530597799023567,0.03909066148178625,-2.686217017522106
CRTAC1,1.1166343611913176,-0.540747317826992,2.6489933295521007,0.00862444460488436,0.039433793509487,-2.7459236782528254
IGLV4-69,-1.207389820284813,0.7278631712620953,-2.6478759687486177,0.008652149806679579,0.03953378881990911,-2.900379779388391
IGHV4-61,-1.135359515338434,-0.8366901998789177,-2.6321279310543724,0.009051231954893268,0.04081445726945706,-2.832967416875694
SERTM2,-1.2012507636235905,-2.0328293866381526,-2.620855090851757,0.009346982586166327,0.041723714931088174,-2.7870094744964784
CDH22,1.086578641395147,-1.1987116581651713,2.612563658315562,0.009570021726071671,0.04237262357287318,-2.8368836961313866
CST4,1.2633153401048314,-1.3374265663049747,2.6116989890769644,0.009593554136919504,0.04241551162867677,-2.8607516666153794
TMEM132C,1.1617271573144947,-1.5424518317344256,2.606651243847203,0.009731970333372105,0.04284934251634633,-2.8248614999482267
IGHV4-31,-1.1395954325076554,-0.35074786282405673,-2.6064361705502073,0.009737907533955233,0.042856914837615015,-2.9263014716984634
VNN3,1.0494114496246896,-0.009583306964681657,2.5999112526796373,0.009919582506567019,0.043431622674912546,-2.956095917274958
IGLC7,-1.154327794941254,-1.098937983720144,-2.595979150452971,0.01003052695077582,0.043728105908959196,-2.8994937073674008
GPX2,1.1642854805030762,1.931374045313128,2.58782781955749,0.010264066554798628,0.04446012119772534,-3.188198235775253
IGKV1-17,-1.1125103596917978,-0.3821313557173585,-2.587398637147541,0.01027649675146106,0.04448552076180928,-2.9697977210026116
MUC13,1.0288294974714032,2.8538144071040774,2.5792083316172474,0.010516306808068738,0.045270573894971286,-3.346614675616051
IGHV3-7,-1.1096362835273337,0.7610495132249573,-2.571215172884652,0.010755162695236888,0.04600828890494221,-3.0795784318433834
IGHV1-46,-1.1003406241148748,0.7734480295330057,-2.5657532354586627,0.010921159366025954,0.046571893192427924,-3.092879299038667
USH1C,1.0338755310296979,1.7088486487317216,2.5641592009314285,0.01097003459980672,0.04669214307988938,-3.1580987989555647
KLK8,1.1531142784310142,-0.5364354512207413,2.554168980806976,0.011280827400520409,0.04761708601972428,-2.97660307053102
CHST9,1.0667171727113596,-0.9264469497231671,2.5449246618287176,0.01157540012967266,0.04859707338059639,-3.014594368366558
