Gene,logFC,AveExpr,t,P.Value,adj.P.Val,B
AC092969.1,5.001117146916834,-2.464888033949663,14.695263715103367,4.7330937982519655e-35,9.619539835567295e-31,67.93207215533884
L1CAM,6.003938427145299,1.9366441973003596,13.61698521552115,1.8134551611351298e-31,1.842833134745519e-27,60.73451625166382
ELAPOR1,-5.617840179073784,7.75023227283373,-13.42059718606209,8.102902129230218e-31,5.489446095815832e-27,59.33630544993234
KIF2C,1.7430589948155157,4.797907322020995,13.36812413899017,1.2082761847356179e-30,6.1392512946416744e-27,58.93562001014549
FCHO1,2.8236089929272614,3.0292868378198574,13.124742555469544,7.689268787562502e-30,3.125533976768406e-26,57.09634506871365
TPX2,1.7544009915588763,6.010382930442052,13.088177676867485,1.0149880964954867e-29,3.438103012195712e-26,56.80280999518354
AURKA,1.6648225149748113,4.122346828219732,12.918869799614008,3.6654579690267733e-29,1.0642395394642878e-25,55.56759131923221
ESPL1,1.8437484444894081,4.5652113712414355,12.856595880882177,5.874460043688616e-29,1.492406574099093e-25,55.09353497976196
HIF3A,3.939581322615452,0.8777132889169107,12.752001370433234,1.296153055128187e-28,2.927001632491697e-25,54.24206049515054
AARD,3.583506314494585,-2.1938314856464,12.533115844573215,6.766176397495253e-28,1.3751576910269353e-24,52.091697766475185
C10orf88B,3.38319121329954,-2.7556488112454445,12.349606593678491,2.6932722436405765e-27,4.976187734522825e-24,50.65732220162175
DLGAP3,3.3272561250714303,0.10321748449493981,12.18677891378872,9.144078233189016e-27,1.5487020500944463e-23,49.950563855951536
PLAG1,3.158798297368183,0.4224150408513638,12.084130040691184,1.972631026422052e-26,3.083980998538599e-23,49.237183531131876
DNAH17-AS1,3.3422172130325114,-2.423799785370881,11.975849450133506,4.432040497565912e-26,6.434056505180686e-23,48.057441004786924
PLPP2,-2.2292941882993516,7.598084298307158,-11.933393307454956,6.084904060846723e-26,8.244639342176587e-23,48.170622508045525
E2F1,1.8831024473377589,4.449879665069041,11.844012411259765,1.1848778193046162e-25,1.5050910499716888e-22,47.56864251124557
CENPA,1.6355857154687294,3.0124996072788206,11.803390876447608,1.603390625523976e-25,1.9169006513617228e-22,47.29315533431429
TNNT1,5.309349790352968,1.6166326862384974,11.748162319846198,2.418072691789766e-25,2.730272743774178e-22,46.86513085474502
LNCTAM34A,-2.1311865433862214,0.5783459211355926,-11.698967560985416,3.485252703321921e-25,3.728119786437617e-22,46.28879656151561
RFC4,1.2746412104255027,4.358858254950106,11.68146216360207,3.96907599467371e-25,4.000662414300168e-22,46.369605615866675
ANKLE1,2.6704144515989277,0.893749625353881,11.67179667867418,4.2643392730296475e-25,4.000662414300168e-22,46.253778786619634
SPC24,1.6090560998343562,4.768049251421122,11.66972027883775,4.330573367181839e-25,4.000662414300168e-22,46.273184180931025
UBE2C,1.7587027084940834,5.8496769613368675,11.557384637614339,9.959362673644813e-25,8.800612477354661e-22,45.411394323499934
AUNIP,1.6000715294690526,2.3296324242618285,11.396809308221242,3.263278422574902e-24,2.6529148264164926e-21,44.31306258667473
SORBS2,-2.1227431761850584,5.490067455536514,-11.390193454263054,3.42648446942714e-24,2.6668905055965273e-21,44.234359369700904
DUXAP8,3.289105907220689,0.3309333920454736,11.385663283022636,3.5429070877340205e-24,2.6668905055965273e-21,44.13304407705801
CTCFL,5.320269448899262,-2.3700811707363765,11.357733675127923,4.3530024968082994e-24,3.1596579551832816e-21,43.70746472107182
HPDL,2.561500554256831,0.4905583844045843,11.333883478868373,5.1892963500905984e-24,3.636802035146252e-21,43.7866035380582
MDM2,-1.2941917519056165,6.221610901114952,-11.30872344067499,6.245562768532949e-24,4.17001836129358e-21,43.5943235284496
AC021683.1,3.237140570900004,-1.3449342605509997,11.306246441398962,6.360488545566867e-24,4.17001836129358e-21,43.42793904085582
CCNE1,2.189745824383353,4.403374094411458,11.299698556335123,6.674543418128196e-24,4.23916938843867e-21,43.57665868065767
THEMIS2,1.5739213477328802,4.678410107748246,11.264404991278928,8.653332512062603e-24,5.3294039386412225e-21,43.30317082932035
AC006946.2,3.8371567803744813,-2.353674485556366,11.253054485728185,9.406474883923897e-24,5.622858692378508e-21,42.86486236466982
HERC5,2.2712121986166975,2.550217428120892,11.242740914935858,1.0147298413448604e-23,5.892391227283698e-21,43.20717833505276
AC021683.2,3.1151684881281057,-1.0549154332233641,11.161952761267608,1.8363244063228896e-23,1.0367071453918446e-20,42.42446344954068
RAD54L,1.453403343880224,2.8674890101248343,11.111707284897587,2.653936859435666e-23,1.4578003440856885e-20,42.261098085668394
AP000769.1,2.021664090945713,1.1799818139083944,11.09467387329444,3.006515508109785e-23,1.6080110838637702e-20,42.09291416086495
TMEM63C,3.480117809154369,3.19344951015599e-4,11.07516856547692,3.4679104446568797e-23,1.8072259455693953e-20,41.89768577889685
UCHL1,4.121042750509513,3.4093567041963175,11.037614257648373,4.564112305325219e-23,2.2967570131419296e-20,41.71440233197232
BIRC5,1.5579690877436994,5.536426702894978,11.035556320089901,4.63329253782814e-23,2.2967570131419296e-20,41.6168326990641
ARHGAP29,1.9455032314341603,4.433025491528398,11.027639753319825,4.9092969590278916e-23,2.3756321760781638e-20,41.59513476956759
CDCA8,1.46615144210835,4.802356985618416,11.002326363556238,5.906570361338159e-23,2.7458363272530455e-20,41.40689964728952
DUSP9,3.92050833038087,-0.7477971756766965,11.00144900317259,5.944538397910549e-23,2.7458363272530455e-20,41.287701366886765
SLC25A35,-3.1864209584541827,5.18150505230975,-10.982383925900459,6.832363585346814e-23,3.085799055746414e-20,41.304259254860796
MYO5C,-1.1325115111539983,5.513031964685609,-10.978493018406331,7.02917934766112e-23,3.1056748056927087e-20,41.22116940774576
IL20RA,-3.2281204288194565,4.06605395345138,-10.93937722067964,9.350235963530015e-23,4.043280760059235e-20,41.02182291844206
RANGRF,-2.0039483393902273,1.9185055728721763,-10.932588932509821,9.82457905131178e-23,4.1598905133095966e-20,40.92634537366142
GPR19,2.328923919758119,-0.9798284733852534,10.91484222459269,1.1180977707488717e-22,4.6006748193754415e-20,40.654493610050274
CDKN1A,-1.8748193442245107,7.153886824901547,-10.9124412193431,1.1378276099637483e-22,4.6006748193754415e-20,40.708465482581204
CDC25B,1.5320823545960476,6.112352524843662,10.910448005188972,1.1544696702821665e-22,4.6006748193754415e-20,40.694288891871324
FBXO17,2.643199295603167,1.8358011212342487,10.87958326327721,1.4453925110565374e-22,5.649261037444821e-20,40.59034440477287
FAM214A,-1.1350703078485465,4.871348989193788,-10.8475268446301,1.825014773412195e-22,6.868814862005454e-20,40.304395760490834
IGSF1,3.248060736841298,-1.3706271048408054,10.843923623810637,1.8734613051129522e-22,6.922950466384662e-20,40.1794425343228
CECR7,4.190686151924234,-1.196914479382338,10.829739513000895,2.0769408978158927e-22,7.537811929858965e-20,40.0332204721447
ACTL8,4.313284581691969,-1.883012990551882,10.825195943900795,2.146665322957422e-22,7.642681575647898e-20,39.92311797393741
CABLES2,1.113061552811474,4.122716282138445,10.82300945087729,2.181044732275035e-22,7.642681575647898e-20,40.141798311709756
CDCA5,1.5217922138138906,4.858811440059364,10.804007932074464,2.5038705167728607e-22,8.625197353032478e-20,39.97397902973886
CHCHD7,1.084185602777601,4.471536093264362,10.779878825857287,2.9832376832438874e-22,9.992307545825994e-20,39.81197078575741
KLRG2,3.2195383788367247,-0.8860944356298309,10.779149513763123,2.9990688855313207e-22,9.992307545825994e-20,39.71409356766618
TOMM40P2,2.709345704405456,-2.2727703502865144,10.77195640146472,3.1597624447834383e-22,1.035790514964171e-19,39.47274496334733
AC067930.9,1.5205977382800673,-0.9232333985716816,10.76840139972047,3.2423186314226436e-22,1.0459822835719652e-19,39.60874156251057
SLC6A12,3.0160775066033803,1.7410932907606869,10.737528936661716,4.0558340267967514e-22,1.2879807931346435e-19,39.57799631127866
KCNK9,2.9019588971025874,-1.2549181104426252,10.686786372028005,5.857120852079361e-22,1.803638245419105e-19,39.04190935807031
BUB1,1.4583064716186556,4.654343501624701,10.66416276418467,6.898653752391186e-22,2.0926602815462456e-19,38.981144234821095
SPDEF,-3.925603953866924,6.334857750984586,-10.65621093820947,7.306949885415311e-22,2.183918374576188e-19,38.9576670084166
GLIS2,1.6780718606825173,4.557222335769282,10.606192845875253,1.0487478837771963e-21,3.089094491288078e-19,38.56222089303401
ELOVL3,2.972872086206,-1.142218640250354,10.591804171259176,1.1635125882385458e-21,3.3781756919086007e-19,38.355688434356765
YBX2,3.7228829165253887,1.5363505820760022,10.581804935706348,1.2505490833787963e-21,3.550309887236738e-19,38.46670123876474
MX2,2.0512803297215845,3.9279302896816506,10.52984185964423,1.81866024979792e-21,4.935427803499285e-19,38.04186181383051
HJURP,1.3718664395212712,4.356657109604732,10.529641922512281,1.821280679307451e-21,4.935427803499285e-19,38.04235058694622
TACC3,1.2255459641886643,6.500631994800187,10.517971103271591,1.980936421457928e-21,5.297441030225123e-19,37.87480904319443
SLC6A13,3.3370259041838906,-1.6198809629952644,10.511083165147035,2.0816230185424868e-21,5.49440340634513e-19,37.77584378864124
LRRC3,1.9361570981188754,1.422602580265506,10.441142803884988,3.441601603633038e-21,8.967578332338188e-19,37.46119656158975
CDKN2A,2.5438141801925087,4.484867530729578,10.424734949883721,3.871811739553118e-21,9.9608483284402e-19,37.26581194728172
CDC20,1.5298194004850814,6.279481446307548,10.410516003258191,4.287667202983967e-21,1.0627140028469043e-18,37.115465283974196
VIM,-2.0994534480491893,9.818606774016393,-10.383808224567701,5.192620741992236e-21,1.2715039031355446e-18,36.918563607248686
CENPO,1.0799682486804372,3.6676875180231643,10.381598300001988,5.2755136948443954e-21,1.276423099214494e-18,37.02386253678786
SPATA18,-3.5546869553314364,4.117775445947089,-10.350174921869863,6.6071006010248715e-21,1.5614268908747616e-18,36.83603731541794
RYR1,2.4557145474952398,1.8967145359613966,10.3467338727685,6.7718661879670566e-21,1.5819702115430166e-18,36.813579646545406
LRFN1,2.4841057250025016,1.4562355258745843,10.33790389575084,7.213616118907962e-21,1.6660174318259709e-18,36.74346202654119
AC006206.2,3.4313598068397724,-3.359473769475472,10.334626398761866,7.384783740945912e-21,1.68638589607848e-18,36.38072049500567
C5AR2,-3.116998566124087,1.7029822113067208,-10.331633604623988,7.544610584017647e-21,1.7037407278841628e-18,36.66836627709073
NCAPH,1.3034686740935637,4.228817832948482,10.32337410009856,8.003783873765752e-21,1.7875703675869794e-18,36.58649514961348
ARHGEF38,-2.2585802295484454,2.1717494434641482,-10.316849144768897,8.386104441686099e-21,1.852599855139438e-18,36.59113295999444
MCM8,1.031102928828457,2.849650908768797,10.312516066192039,8.649982513928223e-21,1.890346716269647e-18,36.56734444735271
RGS9,1.90358145770394,1.9006360118936438,10.30618655427205,9.050359821571857e-21,1.9568033299321958e-18,36.52862541185759
KLC3,2.906929290583803,1.0690650808602213,10.288284579755542,1.0285396326827877e-20,2.200425209962629e-18,36.37961166248573
TROAP,1.453303650463809,4.77075012216659,10.256372115581447,1.2917219008614795e-20,2.7346829076154906e-18,36.07968781695006
GNB5,-1.4398105816531057,5.292955842010793,-10.252128723768692,1.3314282715088806e-20,2.7896853804274735e-18,36.049293631040584
SMIM10L2B,1.7412135563599664,0.26507591039078277,10.250602078588113,1.3460085569249597e-20,2.791456929688049e-18,36.0846388429422
LINC00839,2.506275848317814,1.1271902434268108,10.22452489260994,1.6210787171077476e-20,3.3279599844947338e-18,35.95253288077
HROB,1.1908448014744373,3.144475822834901,10.20652398588097,1.8429181169514438e-20,3.745546780892115e-18,35.815619930821505
SYT13,4.085373443948858,0.8276529641402862,10.192278366514499,2.039681021178976e-20,4.104403670736783e-18,35.72721907003044
NRIP3,1.9149821912943263,0.8401984095928324,10.175093555771975,2.3050390370868455e-20,4.592903273505201e-18,35.5852683559247
WDR31,-1.2894266130776595,2.961298354018108,-10.160819850407108,2.5513582204724564e-20,5.034349948823515e-18,35.511592531993244
FIGNL2,2.6902832809709807,-1.833964268884268,10.138545089030742,2.989063892185234e-20,5.8413206293050674e-18,35.17536070767359
MAP3K15,2.4422420905797324,-2.0381463162798843,10.132663489405289,3.116612431394093e-20,6.032574386252719e-18,35.09244477560561
TTK,1.5781448845641064,3.658269577019143,10.126563704993924,3.254613956612698e-20,6.240261703226083e-18,35.22864526585098
LINC01936,2.0706790778578186,-0.7823720316973211,10.12385918262354,3.3177302956677544e-20,6.301827152257143e-18,35.16556346876885
RSPO4,4.1229296255360275,-0.9533726627772395,10.11505746429995,3.531690285928846e-20,6.646117904742396e-18,35.126065460988855
PRELID3A,1.8866857244759132,0.8216394084180584,10.103789176647666,3.825757058451225e-20,7.1334574730241e-18,35.08686157980249
DOCK5,-2.5077657009973033,4.945041455064285,-10.098529375512777,3.971237998413319e-20,7.281658006628884e-18,35.02776916189438
MYBL2,1.6084651194026804,6.3950195907057,10.098328758858553,3.976894502734727e-20,7.281658006628884e-18,34.91016284858549
TRAF3IP2,-1.5095373304173112,6.436174331901805,-10.091662376038302,4.169485026786258e-20,7.566126221821778e-18,34.87180770719614
SYNGR3,2.393094682586766,1.1192650841815077,10.079660943888822,4.5398828085908554e-20,8.165360902814207e-18,34.93219227332519
S100A1,3.174964898504905,1.3632837367189088,10.07444086372695,4.711035691890363e-20,8.398867491401732e-18,34.907837787121046
CCDC150,1.695309878850039,1.5697818307117948,10.064030025875235,5.071778595257003e-20,8.963376362608984e-18,34.833727493858845
DOCK3,2.2367176085280955,0.26618242599331154,10.041697935942302,5.940936923950741e-20,1.0408931210549557e-17,34.648469651997004
TUBB4A,3.6478212464013864,0.11410608315085467,10.022838993391995,6.78923893016645e-20,1.1693601018364654e-17,34.516591740095045
MTFR2,1.381150400904475,2.166285979111485,10.00625891989538,7.633937403763542e-20,1.3037995276814304e-17,34.43691633901514
MLPH,-2.9629911424933013,6.560234686094717,-9.99882879313098,8.045640551853873e-20,1.362663321465651e-17,34.261644685047514
KIFC1,1.466782018484981,5.700881897610073,9.997227120456117,8.137242288040767e-20,1.3667877046457895e-17,34.21977858698298
SLC6A11,3.7437356001854143,-2.759410258614104,9.994295290056582,8.307612819939684e-20,1.3839665815774931e-17,34.11788827239797
NR2F6,1.125016854000652,7.370300761218444,9.98974697772464,8.578965197132628e-20,1.4175519403782403e-17,34.13761784639764
FIRRE,2.941991272646003,-0.0060621458374957755,9.982078757902933,9.056554080735074e-20,1.483921998917475e-17,34.24097289426109
TTC9,-1.7467711085567972,4.986165017833905,-9.980987103672499,9.126660591649497e-20,1.483921998917475e-17,34.18026406464626
ERICH3,-4.938834623990777,2.1327006492165674,-9.965678270021066,1.0168588872266377e-19,1.640209525713824e-17,34.129720276592884
PKN1,1.0312481506999953,7.633186882282014,9.960356614272069,1.0557827089661379e-19,1.6895848643328965e-17,33.93200386105916
TRPM4,-1.547797024209201,7.027678800490207,-9.94229619763154,1.199264104554062e-19,1.9042065360122465e-17,33.8177082893807
PRR11,1.3133389024025224,4.4874028871639675,9.92647536191775,1.3407901226918887e-19,2.1124200351620112e-17,33.78134739801606
IGF2BP1,3.9129415687128954,-1.2657064622800251,9.912681169402763,1.4776666727260272e-19,2.3101613428064442e-17,33.683641794807464
WNK3,2.4511555041570308,0.4716325524768909,9.909455510857642,1.5116281859245237e-19,2.3452161260099253e-17,33.74797319964894
AC132008.2,1.0980157961486694,2.782128081727798,9.89986248391939,1.6172839664145175e-19,2.476106199694459e-17,33.68632511994655
GRIK5,3.0360971614864005,1.6745074548397034,9.899592556737526,1.620360778190135e-19,2.476106199694459e-17,33.69858525230223
SAT1,-1.4894002236441892,9.470346836180958,-9.868892133086366,2.0111142534880354e-19,3.050290006559017e-17,33.2982356695982
TMEM38A,1.491343478036499,3.3844596305617096,9.858062450987967,2.1702343510796756e-19,3.24780349747318e-17,33.3717299729007
GDPD5,1.430816586504481,3.951448855200068,9.85786171692309,2.1732989355262374e-19,3.24780349747318e-17,33.32949187671283
PGR,-4.293460588971029,6.171733639300507,-9.856014420541616,2.2017041818516567e-19,3.2662361891936545e-17,33.33341716965626
MAGI1,-1.016606196039553,5.50560581073062,-9.851304660420748,2.275805966713375e-19,3.3517014831509155e-17,33.22127512283231
ANKFN1,-3.748198748567352,0.5294124802946732,-9.83529023177848,2.546819080703607e-19,3.723852589656123e-17,33.1485987725673
ZNF516,-1.8923846530625825,6.068394350034202,-9.829690562727224,2.6489653815778256e-19,3.8455408867991233e-17,33.06230511315956
RPS27L,-1.1714288136457407,5.523279355782119,-9.824972318264093,2.738188044988937e-19,3.946874739457813e-17,33.04671149696793
ZNF516-DT,-1.7482346489045795,-1.0809938404389812,-9.796286451991396,3.348682908195544e-19,4.792861368039876e-17,32.78892427800959
S100A5,2.671460827281481,-2.353085224335051,9.78792763205896,3.550795670915655e-19,5.046599385712571e-17,32.71338391454388
C19orf84,2.9975091080580154,-2.264867699200231,9.768196305243123,4.077284024857107e-19,5.75463336952749e-17,32.58472379790296
GPRIN2,3.8176423186421995,-1.5228259350605604,9.765756369090717,4.147560040741719e-19,5.813448984002394e-17,32.67892964414626
ZNF695,1.7155544795583315,0.6164728548338821,9.760164639784017,4.3131902809706747e-19,6.004197210304657e-17,32.716412467632885
TRIP13,1.2010872684082918,4.451855107317098,9.757924611273422,4.3813711708890955e-19,6.057618209329931e-17,32.614123006835364
N4BP3,1.5797744040204318,3.0656362814349345,9.747277772125953,4.720371114008419e-19,6.482217737912643e-17,32.62239926964729
PNOC,3.8652168045158017,-1.3038882217179195,9.720753858719933,5.682589775744114e-19,7.751205006860629e-17,32.37648908933713
DUXAP9,2.7958958530332074,-2.2945916247692915,9.717007003027417,5.8333868398538315e-19,7.903850275545952e-17,32.23239588389432
PTPN3,-1.2497357843076866,5.512033693665888,-9.66367474160045,8.465071639171249e-19,1.1244713463693885e-16,31.932270216468872
PNMA3,3.448884305760192,0.378793787627825,9.660792382170017,8.636941511538309e-19,1.1398519433799e-16,32.05827388008787
PMM1,-1.4439719757092293,5.246342835331867,-9.651740176142427,9.19958053932818e-19,1.2062727411697156e-16,31.874226162588002
FSD1,2.6149930433399375,0.37651370041965676,9.636760594485082,1.021173936673157e-18,1.3211974979085292e-16,31.87486276214107
FAAP24,1.1203914654901388,2.020181991973292,9.63613041021691,1.0256665046898272e-18,1.3211974979085292e-16,31.891425442315523
CCNF,1.2780628218877004,4.386699369092398,9.63592894404338,1.027106891702163e-18,1.3211974979085292e-16,31.787767392021394
FBXL16,2.585274277404333,2.0267102044843663,9.634830101595924,1.0349985498733879e-18,1.3229755048821847e-16,31.880912401238966
KCNIP3,2.0404071614601147,2.189456874515639,9.62937587098478,1.0750705839361832e-18,1.3656084092449367e-16,31.839977853937384
TRAIP,1.079151738998969,3.580691970563437,9.619100743034132,1.1547963294990914e-18,1.449124408866601e-16,31.718137009201527
CLDN9,3.1715997587042883,1.432435674851945,9.603894416627629,1.2836864425447539e-18,1.590831905992657e-16,31.668945657246994
CLCN3P1,2.3284023125318334,-1.6730506604211601,9.578342909262242,1.5332322989577146e-18,1.8659528888632687e-16,31.38640616494701
NDC80,1.3886331671224799,3.7127117117533652,9.534902990502882,2.0728701559412788e-18,2.507679348175628e-16,31.134917258852845
PXDC1,1.4300135068507767,4.009046327298901,9.530336934605359,2.139555482861886e-18,2.5730370197446726e-16,31.07638420208361
FOXI3,3.370715795217376,-3.0178050033074344,9.524996191460634,2.2202639482358467e-18,2.654390851996785e-16,30.925233703332573
CLDN19,3.8915321877321314,-2.8597493516535453,9.50942511621981,2.473248388464992e-18,2.896573694605383e-16,30.845123898183907
FAM83D,1.6176898743283257,3.853041275375088,9.509056661232997,2.479569333466647e-18,2.896573694605383e-16,30.951774361051015
SCN8A,2.1122465045732772,0.045223968513768996,9.500107449520291,2.6381228226971912e-18,3.0638404713427267e-16,30.943410806981984
ZDHHC1,-1.4860158840825113,4.936311210743235,-9.487943346909423,2.8699005753107816e-18,3.3140829143532005e-16,30.769952360370382
C20orf27,1.0688626755246045,5.716601514842638,9.480522275901642,3.0211261823383736e-18,3.469003871742661e-16,30.639872526905997
C5orf34,1.1916298772168923,1.508392629936849,9.467883119826697,3.2971249988968162e-18,3.7646499144707244e-16,30.74833607771741
ADIRF-AS1,1.8051932317618924,0.5698108343591545,9.46671657186976,3.3238277087242205e-18,3.773937114643076e-16,30.730739319771434
TK1,1.2277902219699257,6.509945458468166,9.463732275810301,3.393121251563624e-18,3.817894356400803e-16,30.509510472093922
CLCN4,1.9069642213216567,2.1956554383913005,9.463434547360709,3.4001125689261236e-18,3.817894356400803e-16,30.70457933041689
CCDC170,-2.872461177345087,3.6861724601774952,-9.461405613960414,3.44813896365123e-18,3.8505481482004173e-16,30.685364412923047
NMRK1,-1.2200547244415225,4.210392520288798,-9.456593835020952,3.564748876125369e-18,3.959013997725246e-16,30.60324108913601
SLC44A2,1.0170740603809474,7.919284400968861,9.450505424237651,3.7179272503059604e-18,4.1066931214792576e-16,30.41032803373438
CRAT,-1.8097116949952063,6.040845985826928,-9.439855402259536,4.001756455260731e-18,4.3869337587190904e-16,30.385362071090633
MIR34AHG,-1.6675015606367052,2.4940277207727486,-9.437971741740894,4.054151605584814e-18,4.4062340765725003e-16,30.54661539117304
ATAD2,1.440727866024985,4.624180521219809,9.417014438178697,4.685123561727536e-18,5.064917620667576e-16,30.26795105571927
APLP1,2.7212353543653705,3.0358320758108945,9.414948682147893,4.7523680910782914e-18,5.08422243318378e-16,30.352794145257953
LMO1,3.5393670896446268,-2.2048773186849013,9.413573680319269,4.7976577740415196e-18,5.105109769613605e-16,30.223216318396744
HMGA1,1.5401867672297183,8.039120564847108,9.386769472980266,5.771344701899191e-18,6.084887149351018e-16,29.97703048881635
SPA17,-1.6779119832545595,3.3020354547926742,-9.38659446071222,5.7783075173427785e-18,6.084887149351018e-16,30.185521519367292
NT5E,-2.877795540125488,5.350761069782103,-9.378241700847038,6.120504645070495e-18,6.41201734053674e-16,30.058273991885294
TMC5,-2.7197282331041004,4.751428549892589,-9.3768024364602809,6.1814690921613464e-18,6.442675786107036e-16,30.058832934928102
AC009237.3,2.8984581163494734,0.18969335250937985,9.375829298371915,6.223030746543329e-18,6.452901882282991e-16,30.124234445513938
EYA4,3.7369169612635678,-2.453919250582427,9.366111619643984,6.653593477465522e-18,6.829678476566125e-16,29.921745047811555
PEX11G,-1.3916973993723372,3.1176353857074472,-9.354472863532747,7.2083713024452e-18,7.346142301663471e-16,29.972051232837938
MAST4,-1.278881999963819,4.477774286187707,-9.354056802393615,7.229031983530281e-18,7.346142301663471e-16,29.886617309679252
AK8,-2.1458583410578242,2.525759486385453,-9.34527264014505,7.679227672860403e-18,7.764807125533076e-16,29.920030247633072
PHF7,-1.1768726164202021,1.9105760425666214,-9.331644600937642,8.433384967510501e-18,8.485154261370466e-16,29.82859082889056
VMAC,-1.4722041730328357,3.593100400861173,-9.32975889779468,8.54337293698235e-18,8.553473476415236e-16,29.788231934816583
MIR9-3HG,2.8232488527163078,-0.2632052338444306,9.314317339782267,9.499318223882349e-18,9.463928606969847e-16,29.687798040519752
ARFGAP3,-1.2468983990734444,6.270936626354604,-9.308248237572244,9.903479605888756e-18,9.818454610247954e-16,29.4670051022935
MAL,3.9379917081968614,3.159051292007405,9.268298092251799,1.302484254786284e-17,1.2605566663941161e-15,29.348314518250234
EME1,1.203513220313834,1.996252314326843,9.263778961725068,1.3434384786348668e-17,1.2879265867818412e-15,29.373589942177876
AC013724.1,-5.419509509683143,-0.8038178146978511,-9.263001007319795,1.350616524822379e-17,1.288729119741316e-15,29.18336269146327
ABHD6,-1.4085657040984882,3.047262965342718,-9.259501291485554,1.3833817162158074e-17,1.3077139535055846e-15,29.331305325150367
ZNF192P1,1.9841547227573229,-1.3927917343439729,9.256112537954166,1.4158599324449227e-17,1.3322193179171578e-15,29.240697029617383
RASSF6,-2.02873132450713,3.472754701567415,-9.232751178454043,1.6613202821175072e-17,1.5488382299888174e-15,29.15259242941506
E2F2,1.316932139108093,3.2436099823412823,9.228528099875104,1.7100020545347555e-17,1.5869443724367293e-15,29.094893803856465
GPR158,3.27310523313965,-1.1914772733661907,9.217433591426218,1.8447481784762235e-17,1.6987198694476025e-15,29.02460375061095
CLCN2,1.1771328067291567,3.077959583284127,9.217242313799172,1.847161440405039e-17,1.6987198694476025e-15,29.02078118997169
TMX4,-1.3356047037911916,6.411094559326308,-9.205844066889936,1.9967720407157603e-17,1.8280358088066266e-15,28.76962531336459
BX322639.1,3.0736074453490625,-1.530972847952487,9.203049562762486,2.035251916995692e-17,1.85490851843141e-15,28.91592454536817
HPD,2.0357176162116275,-1.1587771960125273,9.200750233684957,2.067464771225119e-17,1.875855089749077e-15,28.8837333513299
POLQ,1.322512346082644,2.8816365329243916,9.18612566240222,2.284534226515255e-17,2.0635943830976016e-15,28.823051645422716
RASGEF1A,2.4512381798361624,2.2187220061265536,9.173118202008666,2.4965303189081757e-17,2.2451098319243255e-15,28.750150426943605
CDC25C,1.2058102563666613,2.8635416935262876,9.171985792257587,2.5158853746018796e-17,2.2525486499298945e-15,28.731181136620208
ASF1B,1.201294694036318,5.559954451471181,9.169974751625523,2.5506258389922954e-17,2.2736368224420796e-15,28.544510413971533
C19orf57,1.6940964841502182,1.6633487176526423,9.16091806509263,2.713075079935077e-17,2.4078837521659613e-15,28.686561806007724
MRAP2,-2.467988514460673,2.66437274695531,-9.151373811436857,2.895393458032208e-17,2.5585207235237646e-15,28.623381519727946
ANKRD33B,2.5512227620121912,0.8484325120514905,9.149012570151953,2.942344577581435e-17,2.5887537313751118e-15,28.60869990348077
DUXAP10,2.7571616741594434,-0.8957681902599011,9.14138729525024,3.0991889023385766e-17,2.7149963470314324e-15,28.508493737028317
SCGB2A1,-4.136659407170895,7.596037131507948,-9.139294380149872,3.1436712487882936e-17,2.742144826625463e-15,28.345107764556843
CKAP2L,1.4159541499210233,2.760719537470899,9.135616412537694,3.223382899279781e-17,2.799659574571037e-15,28.49573340085859
MYCBPAP,-2.677169939824917,0.6734343221777184,-9.13068818433164,3.333345014145048e-17,2.8768812187071995e-15,28.460794799996666
ABCD1,1.1925765301452529,5.008505934378529,9.130368641426848,3.3406020843086944e-17,2.8768812187071995e-15,28.295144283974246
CPVL,1.7962256864274133,3.1734522366663476,9.12819082764538,3.390481404168841e-17,2.907516626933651e-15,28.393869244492876
AL354766.2,-3.6047550607018404,-1.2951424825544033,-9.122941194017006,3.513775636247499e-17,3.000587228197234e-15,28.261175252827716
SPAG5,1.1084754192931081,5.107037070464182,9.119071984579618,3.607488499045892e-17,3.0549415106086965e-15,28.222717848718723
PSRC1,1.1089848163136424,3.9971627993413965,9.110179388323887,3.832377846974145e-17,3.231918977672304e-15,28.240799994503575
AC012073.1,1.2703046642413158,0.4238429704041917,9.082570411935745,4.6231132141806755e-17,3.866672961522965e-15,28.157428273615942
C9orf152,-3.2780994086205517,3.424442316087668,-9.051282500781813,5.71636670202745e-17,4.742017830694118e-15,27.95366269062618
GRB7,1.6916085166052337,5.459304043843905,9.039906932583358,6.174482769775693e-17,5.080574405381424e-15,27.66558327711932
PTCH1,-1.259722906500305,4.872708333292064,-9.03634955632917,6.325089428132171e-17,5.1835128039257355e-15,27.71023547186627
EEF2,-1.0163469378650873,11.9847550809999,-9.035455259160077,6.363520789185846e-17,5.194064117245507e-15,27.62809073862479
KIF18B,1.3070030504048331,4.1720849978463725,9.02828903459255,6.679967954381833e-17,5.430546748194256e-15,27.686969691835223
BCAM,1.7213443918866087,8.601400376281429,9.025620119106271,6.801772248507052e-17,5.493212990770829e-15,27.543471521074263
PLK1,1.3911522253794883,5.290137746513255,9.025417511108312,6.811108412095302e-17,5.493212990770829e-15,27.58890903719632
LINC01606,3.4584207706692376,-2.9417663911835685,9.010208973086534,7.54946718683622e-17,6.018155763287652e-15,27.544732115248767
MYT1,3.0600270015493285,-2.0295180404231816,9.010182383857348,7.550825229474273e-17,6.018155763287652e-15,27.61709072366017
GAL3ST3,3.9056613702848146,-1.8636870482376426,8.998873218121837,8.150982228083442e-17,6.47111573451437e-15,27.54550990349552
LAMP3,1.895998298660055,2.617901656591795,8.997342966405991,8.235744890043761e-17,6.5129680601264364e-15,27.56967672105815
FBXO27,2.3116258876559335,1.3927478636953452,8.985703927949405,8.909728246467374e-17,7.018655693069879e-15,27.525161578351184
FANCE,1.006867616460577,2.965615753210912,8.982303106793672,9.116797250281647e-17,7.154045842267343e-15,27.46461725703877
TONSL,1.1243630815952228,5.075352344695525,8.97640073540106,9.48757900051469e-17,7.416367523325406e-15,27.27128606860736
EGFL6,2.4149567607098503,2.671246972675141,8.969307429171907,9.95301911679391e-17,7.750389292326415e-15,27.371508269584105
CENPI,1.157013999950368,2.163068802839216,8.964998892046328,1.0246720102758465e-16,7.926416407186489e-15,27.381027409707492
RNF212,3.513304335028181,-0.0031257512626475356,8.964849262569787,1.0257072992964212e-16,7.926416407186489e-15,27.387638234374204
DNAJC10,-1.3827905013261512,7.96084194908339,-8.963191702098184,1.0372456602999238e-16,7.985219999975626e-15,27.12194871131741
ADRA1B,2.9888127563633344,-0.2823926126326875,8.960384850585632,1.0570787374253407e-16,8.107195569597217e-15,27.347487652105
HELZ2,1.4474023548703583,5.581150606775676,8.958553922414472,1.0702183143181103e-16,8.177111661729802e-15,27.124182401928756
NDUFB4P11,3.202777586476606,-1.865486946580946,8.948857166621446,1.142556282341734e-16,8.697121304237228e-15,27.203153240734984
TICRR,1.222231399355426,3.393493755361638,8.945883496318855,1.1656969600570225e-16,8.840158588133927e-15,27.197128087919445
LINC00494,3.2764202395526034,-2.715147720607,8.934663359406507,1.2572754316697033e-16,9.460626015962477e-15,27.053380569885395
NPW,2.6116359687002415,0.8486737229168044,8.934168025426017,1.2614788675092655e-16,9.460626015962477e-15,27.18784364773749
KIRREL1,1.3029977272044055,5.146042185528663,8.933087441985029,1.2706972199326572e-16,9.494724374232105e-15,26.96535819534364
KCNK6,-1.7863320781746799,5.343917657097593,-8.931833015099388,1.2814824776334168e-16,9.54023804960497e-15,27.003054997311253
FAM24B,2.613529730756017,-1.3306531115535607,8.920483194262438,1.383287830060315e-16,1.0223251584780307e-14,27.053574248762143
ADCY9,1.6734915109646313,3.3044049253844188,8.912331965328816,1.4613151987268862e-16,1.0759915928663288e-14,26.957930860489586
SPACA9,-1.6395326954562068,3.8333992321077353,-8.89085002077686,1.68849830506913e-16,1.2250803627789855e-14,26.83739886890351
GCNT1,-1.817714877501479,5.666236240499851,-8.89038384510118,1.6937983760130631e-16,1.2250803627789855e-14,26.702873557630383
ACBD3-AS1,-2.928277485477277,-1.1964595208848507,-8.882301578835378,1.7883560644463542e-16,1.283389944310016e-14,26.711013794868872
FBP1,-1.9828899643556506,3.435423095722604,-8.881885662383663,1.7933612683725865e-16,1.283389944310016e-14,26.811631632704646
CILP2,2.325883830251695,2.0430123672934144,8.856790686570275,2.1225324404789713e-16,1.4978593513991184e-14,26.662109871899624
DNAH9,-3.7977428322840647,2.7110847608908513,-8.850437347155875,2.2149686075826168e-16,1.5576824214709033e-14,26.634185650299578
COX16,-1.0630110461117626,2.7014745253355015,-8.845736751120457,2.2859186570416726e-16,1.6020348546798262e-14,26.595936239051735
COLCA1,-3.3767044214933697,2.282632150809144,-8.841529503337762,2.351331615784622e-16,1.6382735736789824e-14,26.580689814705117
ART3,-3.0041086017271454,-1.3195145330664924,-8.841376274830504,2.353748688812551e-16,1.6382735736789824e-14,26.451870778149015
PKIA,2.727938608117161,-0.10389519034525142,8.840751100865875,2.3636359422511066e-16,1.6395405082017574e-14,26.566720476278647
CYB5R1,-1.2421935894464298,6.284504884213617,-8.837397382935372,2.417383221090619e-16,1.6711189314777463e-14,26.30812753974605
ZNF334,2.387025810047132,-0.4375259810708322,8.832971297324155,2.4901763788830754e-16,1.7156049059125296e-14,26.51641460278865
ARHGAP18,-1.235961813544003,4.326202188909797,-8.830089911197561,2.5387290511823377e-16,1.7431462579807376e-14,26.381436546284856
HENMT1,1.6617960404212675,2.1099936063753435,8.827274236211265,2.587081369937714e-16,1.7703650425122593e-14,26.449545787161917
FAM189A2,-2.7802830599710666,3.69281636895619,-8.825971134515974,2.609767089770169e-16,1.7798961856539906e-14,26.438196698968895
SCN4A,2.415440664479686,-2.370307601373371,8.8154844070524625,2.799661322422838e-16,1.8966772238973923e-14,26.3040553677194
SPC25,1.2598239488972565,2.4785876863588214,8.810486399572984,2.8949268983491563e-16,1.9547008067125662e-14,26.3530869419577
NKAIN4,3.1165616978493595,0.6430820003772887,8.80448829444562,3.013508219727619e-16,2.0213379887044266e-14,26.337508796084396
SPTSSB,-3.327584650664946,0.8433220162923493,-8.784292920650952,3.4493149663368813e-16,2.3060485978891703e-14,26.192650415705216
KDM7A,-1.0588883940540814,5.158958049998964,-8.776632587591827,3.6305010148411467e-16,2.4037719788891972e-14,25.969905870158847
PLAGL2,1.0049757965765709,5.54219572705812,8.770505921831873,3.7821799634996695e-16,2.49574758370673e-14,25.87305009383643
MPZL2,-1.2966696117206515,6.317843334332116,-8.762886778064626,3.9796026352346174e-16,2.6090788373712377e-14,25.819673205292666
CIP2A,1.335116584987547,2.7389044927138286,8.759907932404758,4.059538233939925e-16,2.6529278156461428e-14,26.00777116510978
KIF4A,1.1446376135782335,4.436181224281201,8.753989050586963,4.2231234060380457e-16,2.7509859007793985e-14,25.843675555435922
ESPNL,2.771249555381793,-0.5928252568937885,8.752059673088032,4.2778472869881556e-16,2.7777306153593375e-14,25.977718505455282
CDC25A,1.1978658182763704,3.46890223267272,8.749259547183229,4.3585218805843007e-16,2.82110186945845e-14,25.895223920771464
SMPD3,-2.3495223145884734,3.3940751020102238,-8.74391309767663,4.516772513983586e-16,2.905027992854507e-14,25.914956942285826
GLDC,3.1416816835262074,2.4224159562475167,8.742852318136686,4.548841639947827e-16,2.9164245265078745e-14,25.885176660692917
LINC00683,-2.0573558696584398,1.8137761489630897,-8.73684415987316,4.73478593709198e-16,3.016607817725937e-14,25.898057757223597
FBLN2,2.0657523492275214,5.104782856984558,8.73008881313071,4.952868868009702e-16,3.145690839794662e-14,25.63677597775753
AP3B2,2.4383033100741307,-0.18473341883305475,8.712732573070703,5.559925335683255e-16,3.509314364050512e-14,25.736645776900964
NFIC,-1.009539188172293,7.692602754614083,-8.710718500177848,5.634982867217536e-16,3.545677764499356e-14,25.451330364622716
RGL1,-1.3244470801187123,4.582966958209943,-8.707129378691864,5.771236015743019e-16,3.620203727900035e-14,25.55353428846373
OTOF,2.435710168410868,-1.1667630845891668,8.697588853423015,6.149511669012187e-16,3.845620774184729e-14,25.60597975816001
AC003102.1,-1.2854403056588746,1.7236862575027572,-8.690401616981527,6.450625080963557e-16,4.009250891299796e-14,25.597272929208316
LINC01224,3.0652170109701156,0.5703425658982988,8.686306043070914,6.62870375496243e-16,4.107026431384371e-14,25.56723626390555
LRRC14B,2.3011891742416823,-2.1716106894602043,8.68541125349253,6.66825405231686e-16,4.107026431384371e-14,25.462047888987865
DIRC3,2.0501828038830707,-2.127915629068526,8.685404286981203,6.668562892918925e-16,4.107026431384371e-14,25.480973527529706
CXXC5,1.195490981464534,6.571859407256371,8.682327283138715,6.806369103566602e-16,4.179234007881801e-14,25.268952969958555
ITPRID1,-3.9680674109909857,0.11847061478279118,-8.673542965331158,7.215512748314245e-16,4.403846279181343e-14,25.442271415801702
ENTPD3,-2.7071364255230304,3.9439206680237304,-8.659606922594318,7.915186956580051e-16,4.7739911636213616e-14,25.34521694340033
CDR2L,1.2815385441063087,6.047150003201697,8.658975943267777,7.948410431462491e-16,4.7739911636213616e-14,25.127234712184006
MYO7B,2.7135592425769604,1.106079768497646,8.658701277630385,7.962915786595363e-16,4.7739911636213616e-14,25.385952035605655
SST,4.572830612786757,-0.21330421735905158,8.654086329790609,8.21059812206163e-16,4.893612792750163e-14,25.361485290428174
AC092868.1,-3.821645752196477,-0.3064656091406951,-8.65279397599456,8.281316966760516e-16,4.9213300009485596e-14,25.27573961392963
PLA2G2C,-2.141517703553205,1.1695360525763263,-8.650073961414929,8.432137927175298e-16,4.9963490155076024e-14,25.33418032906812
KIF23,1.1234213705249436,4.320354937383711,8.647582600002389,8.572668402476341e-16,5.064852110811894e-14,25.15566266317543
ECEL1P2,-3.8971412679842787,0.4791034794431517,-8.64325162579141,8.822514628666229e-16,5.197356154000361e-14,25.257805200713708
POC1B-AS1,-1.304124027550578,1.74687937394345,-8.63904274922742,9.07223066024421e-16,5.3290178016995174e-14,25.264799612557795
ZNF850,1.2233586768991376,2.256650422655188,8.638112672412106,9.128351258199639e-16,5.3465305755518574e-14,25.236132912424324
TMPRSS6,2.5568931811890554,-1.400746569265161,8.634026594654943,9.379009660637337e-16,5.47755725122969e-14,25.1903404042093
KCNT1,2.4238244017858057,-1.4278179686939512,8.632715524982341,9.460873542733972e-16,5.509535641333102e-14,25.183354353617787
NPTXR,2.1756731520469885,4.260602866507192,8.630594152296306,9.59483616678867e-16,5.5715842929660844e-14,25.037097118956844
MAST1,2.142261707929846,1.894220744684217,8.629912332576763,9.638290468504848e-16,5.5808722359513545e-14,25.18702288886493
CADPS2,-1.6041735261864964,4.49990508355678,-8.62597275263957,9.89321873270413e-16,5.712209588735191e-14,25.046507143070784
FOXO6,1.8850459285784402,2.3599708776021453,8.62047086661975,1.0260465570716933e-15,5.90747031895895e-14,25.100750645721035
ADCY5,1.9737944474424478,3.3092379315385285,8.612966749774264,1.0783236313776595e-15,6.190917933367105e-14,24.998509190602757
GINS4,1.3754416788206436,2.886664787221459,8.60994649635885,1.1001017256700093e-15,6.298159851413314e-14,25.019816314364128
TOMM40P1,2.4978969801185835,-2.9677979447433445,8.608791282484678,1.1085464057979796e-15,6.328678975123073e-14,24.930064535172924
CKS1B,1.2122401042312085,4.21931029472501,8.607148818939642,1.1206636557481917e-15,6.379935053060574e-14,24.894726855586057
CEBPA-DT,1.9349020785179045,-0.22441431529101122,8.601777169463245,1.1612172407485825e-15,6.592340558931339e-14,25.01644701569687
PALMD,-1.9465154664531021,4.238579819466088,-8.592670755423207,1.2333165343000095e-15,6.982151878304567e-14,24.874699514210782
SHISA6,-4.128476043223664,0.9540263959211168,-8.590801881759415,1.2486530907832144e-15,7.049340393632791e-14,24.935411996802546
EOGT,-1.0535159942018235,3.944757995870429,-8.579544466239536,1.3451164957331958e-15,7.572894088443621e-14,24.775496555376378
AC144831.1,2.1816535358597178,-0.6347839575320944,8.577087718246764,1.3671306207150104e-15,7.67556981641212e-14,24.85509200911976
DLL3,2.8287737193774456,-1.5844015677499612,8.562208317712011,1.5083006719624796e-15,8.398548727935736e-14,24.718330963938527
RMI2,1.1011335390616983,4.050484809104624,8.553273843447492,1.5999138346452872e-15,8.831790996949645e-14,24.559303425640337
TRHDE,3.3481207676533087,-2.062994424188973,8.552935554244783,1.6034889184581869e-15,8.831790996949645e-14,24.644222596899326
FBXO41,1.6443755509776627,3.227326343582719,8.549218410439924,1.6432975117067406e-15,9.026588818358863e-14,24.605871662093175
IDNK,-1.2184993082522948,2.7348034013097253,-8.539374333604941,1.7535169927308036e-15,9.580236387166896e-14,24.602704563320934
GALNT10,-1.2575998518903955,6.422840595803565,-8.537271626275981,1.7779932533352287e-15,9.687918198601927e-14,24.344997651802068
NEIL1,-1.5311921138710605,4.4869387435394925,-8.53654471145712,1.7865333226528746e-15,9.708423328769258e-14,24.46795757500439
LINC00954,1.8931519870170397,-0.6030313335086082,8.53183811508686,1.842820484415535e-15,9.987595606736355e-14,24.565224844802138
ERCC6L,1.175454619127811,2.2225386544961316,8.510676717492812,2.1184022029468273e-15,1.1390054595950083e-13,24.41664768128544
CLDN6,5.424164342703491,0.3253124701284425,8.49479996329487,2.351631995864747e-15,1.2446502261446645e-13,24.3237684276081
IQGAP3,1.2717022753084999,5.080937885052536,8.493551749659119,2.3710121982487038e-15,1.2516481017456275e-13,24.102013350924643
ADA,1.1530039360998643,3.284442318730945,8.489055628866495,2.4421415644735943e-15,1.2858571284031433e-13,24.200417209720985
AC130371.2,2.1299578989917363,-1.1111014781289055,8.488088369639188,2.4577179869298638e-15,1.2907147381489032e-13,24.273592986736638
TMEM220,-1.3464333163967828,2.020284826560626,-8.483513055621822,2.5327419780867428e-15,1.326686803160695e-13,24.261753631574713
MGAT4A,1.2719952021284726,4.525981729346136,8.481741816935719,2.562391486370645e-15,1.3353344761281278e-13,24.04563435050921
KIF20A,1.0706461470048012,5.168607270264325,8.476744890385124,2.6479038438977988e-15,1.3763682282194082e-13,23.984240917375704
GOLM1,-1.1754174108038429,7.955896126430367,-8.46461205790823,2.8674824868430415e-15,1.4867018893519892e-13,23.845912060369287
ADAM28,-2.236141033311855,5.161665126648286,-8.461579228265661,2.9251317563865535e-15,1.5127322599694736e-13,23.951314070886323
MAP7D3,1.1605676231266084,2.5118433039432277,8.451482877813575,3.125448914196636e-15,1.6040814073770816e-13,24.014310908859905
SKA1,1.1549176455971533,3.2728828036136055,8.447690757523988,3.2041482368378772e-15,1.6403301956043582e-13,23.95501003519078
RSAD2,1.9379666374766353,2.9092951840855763,8.446271912341594,3.234096167744901e-15,1.6515017716896322e-13,23.946510244547824
SAXO2,-2.4213794562140394,1.2273267957979432,-8.442835964831888,3.3077735863823575e-15,1.6848919892139108e-13,24.005836703115286
GFOD1,1.334629605568192,3.164802396799619,8.432818629948436,3.532203143832282e-15,1.7947124173811826e-13,23.82983516649727
ENHO,2.5515170701677463,-1.2971108868374148,8.429537402147487,3.608946985525274e-15,1.8274520535850222e-13,23.889665734872338
LINC02609,1.7625460033878102,0.019557875819296678,8.429297526148767,3.614621755270512e-15,1.8274520535850222e-13,23.91884015470118
TRMT9B,-2.5789542712818356,2.0677723032124087,-8.422438558149597,3.78067928347764e-15,1.9066631701587982e-13,23.867142654455982
EFNB1,1.2558998120878568,6.0122493632627565,8.419007640543501,3.866556672555847e-15,1.9403431558771616e-13,23.566405644189118
NPDC1,-1.4577260896847948,7.227989958078776,-8.416689570029186,3.9256702040774734e-15,1.965155695262822e-13,23.544341897070357
AC026704.1,-1.7510181961608942,-0.735441195454221,-8.41095740282801,4.075719796336807e-15,2.0352562442444536e-13,23.76185801552704
AC061992.2,1.730223702899768,-1.0167614918170904,8.408843638410527,4.132473697345115e-15,2.0585391035500517e-13,23.774161661135707
VLDLR,-1.2683587445150097,5.069679379817886,-8.402852063441381,4.297635874475434e-15,2.1355782765975234e-13,23.54084171684887
DRC3,-2.0556973867445096,3.6480640306849703,-8.397200288466951,4.4594186399248275e-15,2.2051879425263308e-13,23.645226211089145
RASAL1,2.045188321499037,3.823586722331218,8.390696551177276,4.653066629357974e-15,2.2842735791080066e-13,23.530085111173683
NPR1,2.050982155470244,3.6604534539435343,8.384304224778642,4.851510141159349e-15,2.3702425987721785e-13,23.47450675464036
MCM10,1.4030621909871326,3.014097149784805,8.37890751356065,5.025556361682871e-15,2.44352649509193e-13,23.52552638879206
STX18,-1.7082204444555114,7.619481904463481,-8.370888585245428,5.295655068396382e-15,2.562592705002097e-13,23.245258771000323
PAM,-1.3851388060672427,8.462631642758105,-8.367688902725275,5.407399180512099e-15,2.604892426002391e-13,23.22088110086136
SLC38A1,1.5127610469604162,6.414026789126083,8.367651984065946,5.408702045724311e-15,2.604892426002391e-13,23.228718252186795
AC006460.2,1.5762754117160813,-0.7007802300090546,8.36268064097699,5.587011904249825e-15,2.684407327233415e-13,23.486653339583917
EPS8,-1.1666337306022871,5.1447697985698415,-8.36007374683403,5.6828297061257054e-15,2.7240054468702553e-13,23.26240594324031
DUSP15,2.163979670893849,0.7927085253328485,8.359197892222715,5.715386139160484e-15,2.7331648915834747e-13,23.470491123735645
DNMBP,-1.0227230904647095,5.512288601363923,-8.356614534244335,5.8124922889155855e-15,2.773077307040384e-13,23.204906235909228
RECQL4,1.2195661675804557,5.349524596173245,8.353387645741725,5.936086712580874e-15,2.8233796293543135e-13,23.17961567487531
ARHGEF3,-1.0953338728430682,5.867356043911903,-8.3531391455688,5.945711874452107e-15,2.8233796293543135e-13,23.165591642261198
SLC40A1,-1.9893199585145505,7.702365582502613,-8.343410388009495,6.334935528923939e-15,3.001194165264572e-13,23.068576237760908
UBE2S,1.060651310349109,4.654048570190438,8.338153246657388,6.5556576322234385e-15,3.09853920272812e-13,23.13012949316446
CEMIP2,-1.3031701154894408,5.8591858445903995,-8.335955002101182,6.650194434371771e-15,3.13575603273452e-13,23.062592677172795
AL356310.1,-2.3214526702523117,-2.7870024899368993,-8.33532200199322,6.677666516543986e-15,3.13575603273452e-13,23.160777205354357
C15orf65,-1.5465116013200055,1.7729702699961496,-8.335252615187496,6.680684718431643e-15,3.13575603273452e-13,23.31899661964057
ESR1,-2.274768509507618,7.9247864449704375,-8.332838245801398,6.786551199932229e-15,3.178107525055821e-13,23.00351280625477
MEGF9,-1.1856737774172843,4.634703739306815,-8.33081705283843,6.876454057389866e-15,3.205436978495221e-13,23.11695640097247
CCNB2,1.103474458770978,5.102007478006606,8.325488198989225,7.11917643290452e-15,3.3109872270560974e-13,23.01425046998947
ALK,2.423948844925385,-1.358399649067558,8.323980962952719,7.189355583008671e-15,3.334378472999447e-13,23.237787662680727
SLC47A1,-3.9329906548843505,5.1929113881458875,-8.321059936639388,7.3273194119058645e-15,3.3845554483539723e-13,23.128199486942414
AC011455.8,2.164222727213934,-0.5441846548178895,8.319242895626267,7.41446020908613e-15,3.417040573457291e-13,23.214407280450544
ANAPC4,-1.669170507096248,5.811696818564887,-8.313510051850113,7.696177062366662e-15,3.532440444157496e-13,22.924519603811532
CERNA1,-1.4420947493491114,-0.5955423223201474,-8.313059273886026,7.718773054580564e-15,3.5332509811102565e-13,23.157025948526993
IGF2BP2,3.094399676305228,3.2585601207561434,8.308719203305735,7.939715989404829e-15,3.626219949857612e-13,23.019358695860106
XG,-3.327070423098199,2.2651714056736276,-8.304240122249631,8.174303753180452e-15,3.716656587911398e-13,23.112419313695
PIP5KL1,1.6770013181938856,0.5855494828822979,8.30086283739432,8.355713491517119e-15,3.7862423853016816e-13,23.10445615398264
USP43,-1.2344872208322846,4.527990550343034,-8.297364060194685,8.547854454785456e-15,3.8605909764235467e-13,22.919098314154095
ESRRB,2.2223833931047485,-2.095403387532225,8.295147026715577,8.671864653002712e-15,3.8992694072483873e-13,23.01162660325929
PLCXD1,1.09751663827518,5.630613861696132,8.292473950242657,8.823754982924853e-15,3.958807864745358e-13,22.772927685947145
KCNK15-AS1,1.831804544580132,-2.423088111869242,8.290638556102483,8.92956896646319e-15,3.988671641195557e-13,22.976210936273798
LPAR1,-1.5434080569755113,3.969779967651858,-8.280464813554387,9.539301475889384e-15,4.251683403420523e-13,22.86650714637354
DEPDC1,1.3658906976071528,2.8276740678192973,8.270330019127925,1.0187665064916316e-14,4.510982674931573e-13,22.845204037790843
DHCR24,1.4160648578000314,7.567020329702805,8.261316064913926,1.0800879897283635e-14,4.761758851028039e-13,22.53934004171781
CCDC160,-2.3336813504766423,1.641036714039979,-8.259462148142998,1.0931461370831402e-14,4.808896556293883e-13,22.84073022746313
TCTN1,-1.0340894236931355,5.407693099347356,-8.257797452657792,1.1050046426737641e-14,4.850564656091055e-13,22.57371034407617
ROBO3,1.8108007925629357,1.2957112273262772,8.255314122699934,1.1229318635301228e-14,4.908057461158327e-13,22.807669165148717
AL603783.1,2.8085436823361123,-2.2585268639314156,8.2490152948600155,1.1697053306157647e-14,5.08863898124864e-13,22.725369374044554
TFF3,-4.778330816283013,6.866769931455683,-8.248807021776749,1.1712844250458245e-14,5.08863898124864e-13,22.62356145611917
STEAP1,-2.0524501769074357,2.8145846964649763,-8.247893039194693,1.1782390954661756e-14,5.105870229478582e-13,22.74338779328494
AC005725.1,-3.9404822451464843,-1.874688877218156,-8.245747575359022,1.1947254090869367e-14,5.166297705166575e-13,22.63928591706618
EPB41L1,1.0254585991165355,5.71157676402172,8.24259004295271,1.2194050412550513e-14,5.25067543611603e-13,22.444684296774135
ZDHHC19,2.3461954082542786,-1.9985963602372296,8.23853900235472,1.2518090117581709e-14,5.37880895453976e-13,22.66978664997288
ERMN,-3.884048584939166,1.399735236346454,-8.228302950197829,1.337535088135503e-14,5.722960659213887e-13,22.645681990151935
SLC29A2,1.1833990693836967,4.906067216894802,8.224051736694916,1.3748242300302863e-14,5.870152867885617e-13,22.374786166305046
ECEL1P1,-3.769275269337388,-0.15339939723731105,-8.21299546666548,1.4766922028697572e-14,6.239561815202691e-13,22.5118278269917
GAS6-AS1,-2.0114543264617413,1.1925564042979953,-8.21218341333065,1.484462153893558e-14,6.256821181809336e-13,22.54635866236599
GRIN2C,1.903645332728306,-1.142302244893001,8.211925959440189,1.4869339848523468e-14,6.256821181809336e-13,22.522040762445464
FOXM1,1.30916506495958,5.259222592621464,8.208276288380562,1.5224162230606035e-14,6.392889941628864e-13,22.257568393543266
MAMSTR,1.473740568641962,1.3655728289973068,8.199336160282058,1.61291365261821e-14,6.745032320126028e-13,22.454666094840285
CDCA3,1.062089025506944,4.374469696572094,8.185276686249278,1.7661188320438207e-14,7.355450643946438e-13,22.179240335082554
PIF1,1.3031202839211828,3.1170198174979284,8.182297809304416,1.8003840880724703e-14,7.4675522869356915e-13,22.263782479161662
LINC01833,3.78999079220789,-0.47293130518427384,8.172926502690887,1.9125297358776806e-14,7.900458201621541e-13,22.2982373631653
AP005262.1,2.7462545746748996,-3.014485298882954,8.170321646130589,1.9449118213751347e-14,8.009149243890797e-13,22.20288019643207
EPHB2,1.9252656394610437,4.3554983048411655,8.170177227148985,1.9467229514278952e-14,8.009149243890797e-13,22.04787049357419
SNX32,1.485874258533474,-0.48596240463848067,8.166876196769518,1.9885788029404398e-14,8.164823351709393e-13,22.25924883077071
BCAS4,1.3225031314500795,2.906463769490412,8.161907563124645,2.0532645068210347e-14,8.396488498316037e-13,22.140367721048243
RILPL2,-1.0664134550672513,5.307680672968639,-8.151828213949932,2.190952168552873e-14,8.923629634001722e-13,21.916482672141907
SSTR3,2.308554388492092,-2.489276890756921,8.13840091775009,2.388664512832177e-14,9.67076046988071e-13,22.0052583807169
MLLT3,-1.2261771354562723,4.572309336847688,-8.125615370384772,2.5933049386850127e-14,1.0478395541517732e-12,21.818778708699206
PRKCI,1.0080697026259706,5.474210750658254,8.121299007780305,2.666235723234663e-14,1.0751701356948668e-12,21.680737884800138
MIA2,-1.1504585308467963,5.589800599000449,-8.120667251459896,2.6770790481388047e-14,1.0774050410766943e-12,21.698957969027667
MROH6,1.8874386100302782,3.9852679125947117,8.114351663048756,2.7879064728420757e-14,1.1197907342696118e-12,21.756861045050606
SLC43A3,1.3712062316055125,3.579418677773431,8.107769668279131,2.908242206117525e-14,1.165820800732398e-12,21.731152080754804
RAD51AP1,1.2353342855216072,2.9047859375646343,8.100182555606297,3.0533433619976354e-14,1.2167872644949009e-12,21.76177382053917
FGF12,2.2347789895686634,-0.07915187104898051,8.09947129472247,3.067307870327111e-14,1.2199601791884188e-12,21.84154564467085
EMSLR,2.2496622148990917,-1.1053672719076653,8.09914945859172,3.0736473798533067e-14,1.2200939325808322e-12,21.825551475322733
AC104532.2,-1.7008786951345118,-0.09007711771328517,-8.091570248468813,3.226748503034115e-14,1.2783710833463034e-12,21.781059620681145
SLFN5,-1.1358301557183559,6.365317293573286,-8.088304576740574,3.29501991457189e-14,1.3028790806178812e-12,21.45797391918665
FOXA2,-3.5628490071471375,4.540470341276791,-8.086208327729503,3.3395949869154076e-14,1.3179403594964805e-12,21.683145928223986
JHY,-1.767886949043168,2.72828384812196,-8.079531394071529,3.4855904628062106e-14,1.3623296262706426e-12,21.678023145627144
PKMYT1,1.2052997670692895,4.537809371947168,8.078454280177748,3.5097267295861724e-14,1.3691302505203333e-12,21.493495289332486
HPSE,1.48486159191825,1.5900839958933557,8.077697445214808,3.52678496781826e-14,1.3731489978149104e-12,21.688110264503074
C6orf141,-2.521325367533858,1.0122947875679755,-8.076411420322769,3.555958936820571e-14,1.3818606009931415e-12,21.6980254606586
FAM47E,-1.6799931238452328,1.3085394513191613,-8.07511089786863,3.585704664636502e-14,1.3895308299909426e-12,21.686615933777453
TMEM114,-2.7044158975076846,-1.391335423449294,-8.07495135682555,3.5893706246075814e-14,1.3895308299909426e-12,21.618382818791154
MLF1,2.4867366470753773,2.8850022193949223,8.071135663813118,3.6781619355551867e-14,1.4211970185974071e-12,21.537072738607755
VASN,1.4955273605391257,6.1317183207967405,8.067061273916998,3.7753735895866125e-14,1.4559903763711253e-12,21.317044966569345
AC007405.2,-2.8461318058681737,-0.6274424143913244,-8.056819982267676,4.031094036695862e-14,1.5487326125105236e-12,21.541190248633022
GCK,2.2436107537319803,-1.4529006219417708,8.051958621676256,4.158407302529047e-14,1.5919365867418813e-12,21.532851446240635
NMU,1.932430480039435,1.8479298048265678,8.05192835078629,4.1592123969688006e-14,1.5919365867418813e-12,21.506905161299656
MAJIN,2.292584743283694,-2.651099156570157,8.04058763303447,4.471948054897408e-14,1.7052133633721374e-12,21.406030761267452
MAGEH1,1.332958325583502,2.6220598711550713,8.03554517536897,4.618369211954593e-14,1.7511891019359169e-12,21.358507510563907
DEPDC1B,1.4159885422149339,2.8265008634187416,8.028424156492298,4.833259692327292e-14,1.8260742559839507e-12,21.317000494529037
PIMREG,1.171858080251091,3.141101765201401,8.028114786403522,4.842816492695087e-14,1.8260742559839507e-12,21.298885391909423
AL391422.4,1.3349136852436443,1.0473089030803118,8.0268145626046,4.883186760622627e-14,1.837886809683227e-12,21.3804394667415
AL355601.1,-2.824258704465532,-2.4773586494134534,-8.02250583958324,5.0193619642784304e-14,1.8854689532094057e-12,21.24843745967336
SUSD3,1.693155153960582,2.393539492186898,8.022231309137247,5.028164596730456e-14,1.8854689532094057e-12,21.284109988867968
ARHGAP26,-1.4112636537223686,5.7928504803214516,-8.020480216928396,5.08467272980425e-14,1.903147118978666e-12,21.066361216201457
SNCG,2.2410122637255094,2.1488148371071936,8.013494502587694,5.31642498168333e-14,1.9862320097009558e-12,21.24229294973379
TMED6,-2.028660578747325,0.1517875979475985,-8.005112841306401,5.608314774354697e-14,2.091438338972199e-12,21.250649226034973
AC062029.1,1.013920710338048,-0.0755454000404879,7.997291842638426,5.89495503923801e-14,2.194305242078266e-12,21.207936229749656
TRIB3,1.7477408321004408,3.818243295721155,7.995844379465658,5.949572272628824e-14,2.210586962868523e-12,21.040510083282292
AC096645.1,-2.9139424854756477,-1.0327505125472567,-7.983895171889848,6.42000208172087e-14,2.3766871094516387e-12,21.08607789717571
IQCH,-1.3948312990704208,1.4271887208680742,-7.967584986134447,7.122017407706166e-14,2.6127776497151647e-12,21.01705743491732
KLHL30,1.9269960383442515,0.5178093000095528,7.963480861601815,7.310305964263689e-14,2.6770208723909047e-12,20.993396955585972
COLCA2,-1.8117831171366676,1.4476114586522952,-7.9627807234205825,7.342914908287527e-14,2.6821606530552933e-12,20.988968243140185
EPHB1,2.1420565354287042,0.12940304250120255,7.96261326676275,7.350735503600661e-14,2.6821606530552933e-12,20.993809638383148
FRMPD2,-3.0729100908553977,-0.34163802938162147,-7.961278563256035,7.413364381395613e-14,2.6953348423521364e-12,20.957816839894477
FAM110B,1.9523305762562921,2.0891185636875567,7.9577466122581315,7.581653755576145e-14,2.751598766577314e-12,20.891800799233614
KIF27,-1.0558519225477037,2.9716550032104556,-7.957349231745754,7.600822951917248e-14,2.7520558568846993e-12,20.89543259191113
LRP2BP,-1.3565718013091939,2.1518257300787904,-7.957159443467529,7.609995038226732e-14,2.7520558568846993e-12,20.935091036306993
AC010255.1,-2.3481980620347356,-2.4097740329965434,-7.95434336828784,7.747383843386943e-14,2.7967642847779085e-12,20.844968554751485
MKRN3,3.187170561994847,-2.685043358772064,7.950753630742937,7.926080021405684e-14,2.8561994743803036e-12,20.869432024691704
BBOF1,-1.5152641363498596,2.886395332723962,-7.949516174443136,7.988620430729128e-14,2.873641090869713e-12,20.851580907192886
AL117329.1,2.9378474564502297,-1.468150286557352,7.947872327678729,8.072455119528063e-14,2.893555164890447e-12,20.889291238021496
PIGR,-4.350336448014433,8.406753645436261,-7.941743204004147,8.392777630930621e-14,2.995482083635238e-12,20.54469484601299
SERPINA4,-4.208760951444669,0.9123361674665789,-7.9415884275483,8.401027296162594e-14,2.995482083635238e-12,20.86216218076106
TSPAN11,-2.4133807316902676,3.2591341410086145,-7.937559985688894,8.618589366711543e-14,3.062311368689605e-12,20.77635135261323
GABRE,2.0113597755810493,1.895394950430032,7.934381099673373,8.794195982877548e-14,3.1192537374520645e-12,20.756036339892884
LRRC75A,1.1401368006380146,1.3996768527538908,7.93228844208714,8.911724690401697e-14,3.1554336691241133e-12,20.790862528820433
ORC1,1.168474508408043,2.9398111813332513,7.929627502926272,9.063415587377406e-14,3.2035627547453632e-12,20.70456186292149
MTUS1,-1.1152545694726124,5.6531607901072976,-7.927845912521631,9.166402426195956e-14,3.228734192547775e-12,20.495230001195925
ACSL5,-2.3853567400408062,6.089450545480221,-7.926913239953244,9.220777341471503e-14,3.242267797371398e-12,20.48512824777568
ELP3,-1.5177321833895823,6.728148028244113,-7.926398012594223,9.25095183182437e-14,3.2472598450776945e-12,20.44147430826449
ASRGL1,-1.934744409604443,7.1353083733434115,-7.913144148381488,1.0061642856785527e-13,3.525738438298432e-12,20.355264531586954
PTTG1,1.2216904150143,5.122513839525043,7.910376889322724,1.0239572269353676e-13,3.5819116489215853e-12,20.389007369822977
RARG,1.13676336101833,5.396130665286763,7.909108887002578,1.0322138662700024e-13,3.604590140562118e-12,20.351707851121894
CEBPB,1.0141351404196977,6.110724404836393,7.9081853326641545,1.0382690350516969e-13,3.6195162724512334e-12,20.322882233238467
PLCH1,-1.2135195515676762,4.542125608370682,-7.907620888333141,1.0419870270846447e-13,3.626257592203479e-12,20.450825241296425
SH2D2A,1.4048171526444146,2.564260439765662,7.900165862436799,1.0923464912692379e-13,3.79501710915487e-12,20.536704862948397
SDC3,1.0078402163228395,6.921727494397416,7.89058790280222,1.1605934261056768e-13,4.025239043032726e-12,20.20218207101203
TMTC2,-1.0506612884095525,4.519060110340041,-7.8889872276475135,1.1724031070991645e-13,4.045487393664417e-12,20.335529305811512
DLGAP5,1.2520828681596323,3.973447134497299,7.888244086054165,1.1779262800105172e-13,4.057656561853179e-12,20.346901098158494
CACNA2D2,2.025144021414901,1.9922236880917794,7.882437772979388,1.2219751857022388e-13,4.202271349274501e-12,20.442975562058557
ABCA3,1.8608090776421453,3.2678175230392146,7.880656184461372,1.2358147594751043e-13,4.241299883941251e-12,20.345484428882383
TNFRSF10C,-2.1536059710065487,0.1324717370375524,-7.880440852183933,1.2374979488177335e-13,4.241299883941251e-12,20.48687107070752
AC009119.1,-2.422321129927351,-1.5088262136125101,-7.875148419276756,1.2795874909680417e-13,4.378171071790317e-12,20.395946045867248
MFSD2B,1.3004808450186853,-1.4591649047439146,7.873656519877041,1.291705921828448e-13,4.41220691684729e-12,20.43242942869934
LCA5L,-1.2580339735211277,1.7290369119670972,-7.866030659555851,1.3554446597656458e-13,4.622157259241105e-12,20.383847303490406
CCDC191,-1.042671469863068,3.2985171186822386,-7.859119389717628,1.415891972791113e-13,4.820199071190382e-12,20.25497280218109
ATP6V1G2,1.2744750699474379,-1.1383999623106764,7.858026760766801,1.425689305975874e-13,4.845436363654459e-12,20.342209984899227
LMNTD1,-2.9150118702392698,-2.0067047448732174,-7.844765245017481,1.5500827229827802e-13,5.250646876983671e-12,20.199493938436426
LENG9,-1.1963136754854036,3.073497016077083,-7.831827597120426,1.681763498321395e-13,5.68721486520533e-12,20.11891870692071
COL23A1,2.5102739301088657,2.252980990853717,7.82888908774504,1.7131801978519138e-13,5.7838329470336036e-12,20.10957665067032
ZBTB18,-1.3224206146203548,4.642293397363825,-7.828173559778691,1.7209176094312187e-13,5.793277588063791e-12,19.95195587470464
MAP4K1,1.4452140498801511,2.6408468346628085,7.827615001829035,1.7269816197751168e-13,5.8015164364147896e-12,20.077579645838334
NUCB2,-1.141844503101444,6.327295497136827,-7.812537849136193,1.8988924588689394e-13,6.3371248495980835e-12,19.737959489498515
SPEG,2.149560501762604,2.715666196188709,7.810502368936945,1.9233613108573304e-13,6.4082615216171125e-12,19.947047428242318
AL359220.1,-1.1546184650017048,0.3406582549966231,-7.803583388281776,2.0088895702678471e-13,6.671351572896033e-12,20.019855989430287
KHDC1,1.8644222287680263,0.04098427167989358,7.802480334794441,2.0228680520043567e-13,6.70681407649862e-12,20.012294719005098
TKTL1,3.008247944544076,-2.291409839317321,7.800356166736068,2.0500580870733242e-13,6.785892599621863e-12,19.97473048923358
KCNH2,2.3637812334222077,2.5174862986663107,7.799573247575411,2.0601705707280538e-13,6.808277508858043e-12,19.896334600125442
KHK,1.5257621987513206,1.0272628594977504,7.797223491158584,2.0908179802201303e-13,6.8983416607133e-12,19.970318469204166
LINC01571,-2.7767371517617248,-1.8925534625413871,-7.79493801475821,2.121059278943684e-13,6.975470677225151e-12,19.88956779220268
CXCL14,-3.694027842754798,5.964737878875544,-7.792143522337473,2.1586239934379417e-13,7.087540233058599e-12,19.711893759501763
ZFP92,1.5959616650115382,1.7079763176606835,7.791467828235901,2.167805245750714e-13,7.106205453973792e-12,19.904086525280096
GLYATL2,-5.2671677133081,2.3987161045386887,-7.789921293638152,2.1889649321210372e-13,7.144565052704065e-12,19.93567847763214
CAPS,-2.4292995150501024,8.781506413824994,-7.786001252826634,2.2435180009093507e-13,7.307253181166929e-12,19.553654568197857
CFAP69,-1.441270981764996,2.6510455538039217,-7.784869797937933,2.2595123011863542e-13,7.347572481489834e-12,19.84811377427902
ALDH3A2,-1.011581543356102,6.910884486131599,-7.7838690332807525,2.273753071514861e-13,7.37209662771601e-12,19.546030133753
ACOT7,1.153806231813988,5.2401921301275625,7.782448365155858,2.294121526166655e-13,7.409372449340315e-12,19.590820357414135
CDH6,2.206113297457929,3.9610279986946475,7.775920022874918,2.3900630483131133e-13,7.690518085626249e-12,19.62529229804742
MAP2K6,-1.6044592999086769,6.277277795924549,-7.77582675794534,2.3914620301691543e-13,7.690518085626249e-12,19.52393433203093
FANK1,-1.641626619368496,3.4537089790790665,-7.770243244115621,2.4767067736048577e-13,7.952067688269372e-12,19.701945024359766
HFE,-1.1675154656186497,3.4230966856446474,-7.7684409353490045,2.5048590800384523e-13,8.029772230710015e-12,19.704670521165774
NR6A1,1.7592480738250225,1.4064562746591165,7.768164354805801,2.5092072114613243e-13,8.031043679644089e-12,19.772103804385573
CDRT4,-1.4630819712272631,-0.47042139041272446,-7.766578130378038,2.534288781207064e-13,8.098566853656033e-12,19.789492451628202
AP000662.1,1.8340479353074994,-1.2805267139527263,7.764004459446658,2.5755122532979465e-13,8.217380068450152e-12,19.774363075276398
LINC02613,1.7987951534412339,-2.0288208939812695,7.762072820535711,2.6068868422112176e-13,8.30444642337003e-12,19.747480960495796
NR1I2,1.8315882417456109,-1.770948884518047,7.760126360570427,2.6388842883089975e-13,8.38010691806126e-12,19.739735389550496
DNAI4,-1.766876628146128,3.119100981736154,-7.759860120654893,2.643291025397941e-13,8.38100574105893e-12,19.667763988332872
CSPG5,1.7879994556871663,1.9409474623578067,7.759005325469458,2.657488611000389e-13,8.412896967285345e-12,19.708048097704683
OASL,1.916371852724229,2.724033715909269,7.754832200525546,2.727891091040298e-13,8.622341918243082e-12,19.621624771600988
TRIM46,1.5291628258252083,2.1523453419254595,7.753880909525087,2.7441960534254574e-13,8.652687366694074e-12,19.647568903263892
TRHDE-AS1,3.2042969666044074,-2.215565804632329,7.753775633698474,2.746006372523951e-13,8.652687366694074e-12,19.68835237825502
ZYG11A,2.4614331607631827,-0.430751088486046,7.752826308213461,2.762384347210646e-13,8.690820351812566e-12,19.7109233418362
EPPK1,1.754703251298534,4.333291986692403,7.749504623320236,2.820454432891436e-13,8.859801529224969e-12,19.441844342843503
RASGRF1,-3.4787985122412564,2.144943803392243,-7.7466966114190825,2.87048438480984e-13,9.003043925443701e-12,19.64909399313895
UBXN10,-1.7980245404320385,5.131238756886443,-7.743285759020856,2.9324361639575975e-13,9.183179136559972e-12,19.40177555702426
SFMBT1,1.041167394052113,3.3761833364892357,7.738828802344579,3.015384011562476e-13,9.42840994630704e-12,19.469975764844037
TMEM150C,-1.8070972617854433,3.1196650332461187,-7.738520788776136,3.0212013338397533e-13,9.432088465277902e-12,19.548268956656933
FAM72B,1.219380331157397,-0.8262045563729623,7.731955365385746,3.147871818162704e-13,9.767533867532641e-12,19.58092841044681
RIMS3,1.424665333816507,1.170004461902026,7.727938846645385,3.227938037424621e-13,1.000070315131372e-11,19.539057380975077
GABRQ,2.6097357697113646,-1.255914613112242,7.7135403170191745,3.531854851309363e-13,1.0875972423941136e-11,19.47080128600006
ITM2C,1.9384281600069535,7.77863257305718,7.711359538192949,3.580287585373848e-13,1.0991807384461946e-11,19.093401365652454
AC084866.1,-6.120713163589957,2.4985927045824243,-7.70752977769476,3.66693605740993e-13,1.1240845917164316e-11,19.436492968190258
AC027250.2,-2.6202801009919368,-0.4905412395802685,-7.688388625822487,4.1320550932735653e-13,1.2571839478396996e-11,19.312211950937
SGO1,1.1995348708014155,2.129827745230441,7.6856571331506816,4.203016753576476e-13,1.2768626681567759e-11,19.251020801666527
EHF,-1.2262272414664794,7.894893830971454,-7.677065224120611,4.4341712553336963e-13,1.3450760685582396e-11,18.880751017566237
IFIT1,1.9578960552212354,4.028156240318387,7.671019682013406,4.604304441294825e-13,1.3925280277511313e-11,18.9752682751158
CCNA2,1.1204166390938362,4.321334251246414,7.667825939635549,4.696770120314375e-13,1.418382703198653e-11,18.963093232491033
GPCPD1,-1.5060313354770196,6.407186041715767,-7.658907122233295,4.964817654201775e-13,1.4946501480852285e-11,18.791687063058482
SPDL1,1.030992435376453,3.6563692046498053,7.658097051410664,4.989899656464874e-13,1.4980017816542407e-11,18.95714433931888
PARD6B,1.1082689134409667,3.645830580279851,7.654407526792008,5.105730337397544e-13,1.529240085091164e-11,18.91242555652688
MAGEA4,3.7081164951640044,-3.3268216262844392,7.64797344594788,5.314114985746456e-13,1.5859628923687367e-11,19.041096105573597
GPR173,1.6762621389737813,2.5417306449975197,7.646890328259819,5.350011642114583e-13,1.5920005360810656e-11,18.946189268893065
POU6F2,2.8195211081166986,-3.115529066162726,7.645983297319567,5.380256680059444e-13,1.5986598942328673e-11,19.01834884112346
LNX1,-1.1809173068212875,4.030795598786348,-7.645528669699331,5.395479780907079e-13,1.60084278930154e-11,18.89209794381853
IHH,-5.652016926420403,3.893314653481336,-7.643701700734653,5.457085742616844e-13,1.614407723914771e-11,19.013099290686082
C20orf204,1.7663501240557191,0.8535866257943275,7.642924839415765,5.483491869130769e-13,1.6177228819814904e-11,19.02975412947113
PSAT1,1.5221355641545031,5.957287632727007,7.640402325745766,5.570107621510576e-13,1.640679236225811e-11,18.682773642391044
C1QTNF6,-1.2841780543827426,5.434202593891752,-7.633408983335193,5.817370434441583e-13,1.708558333953623e-11,18.677465634319006
CLCNKB,1.927726533350487,-0.5068259934439274,7.6304622476228765,5.92477691704026e-13,1.7350888481545568e-11,18.972764647824114
AC139795.1,1.9161359662191146,-1.4825513892859041,7.620821091576413,6.290066579661874e-13,1.8341364873034136e-11,18.906081139882673
AGR2,-2.7079204347754757,6.002568280792322,-7.613528642344751,6.581065300868472e-13,1.9134988723154624e-11,18.594592270238536
PIK3CD-AS2,1.7702419006709529,-0.33044208491574223,7.606602243396686,6.869756275468157e-13,1.9945846648944974e-11,18.829025267501514
SERPINA6,-4.813589672198869,1.0532213927464404,-7.6024947992516845,7.046826115766186e-13,2.04307694688776e-11,18.805698574844325
KIF3C,1.230257434837601,3.8358123330481644,7.598022439661469,7.244756758664086e-13,2.094487003742374e-11,18.55986944357993
CDC7,1.2398339816276587,2.851430859062912,7.595023309729358,7.380553576999599e-13,2.1307154957235775e-11,18.65416220423133
SLC5A1,-3.7276260815649844,2.841107037118052,-7.593590153187952,7.44632994649419e-13,2.143614870149404e-11,18.720485309254286
SLC8A1,1.519363595953295,2.997062365329802,7.589959912578251,7.615546412480328e-13,2.1861351029272623e-11,18.579072406801657
DLC1,-1.143224846453423,4.208276961633878,-7.584311923664103,7.886397299697291e-13,2.251167678638311e-11,18.49658885562628
RAB39B,1.6747979901900827,0.23272292559698782,7.578748453320887,8.162492306309918e-13,2.3267109906513714e-11,18.654559432953548
SMC1B,2.0169985562809174,-1.3549821376017714,7.573398857568224,8.436969855287079e-13,2.401582287659028e-11,18.629396672377972
IQCJ-SCHIP1,1.7337843850832941,-0.6810378582392196,7.570293662846913,8.600452562832586e-13,2.441279300097898e-11,18.6132189442601
ZNF311,1.9781183698668907,-0.9204475494663253,7.56929603132035,8.65363714469443e-13,2.4511942295790153e-11,18.606909028482157
SSC4D,1.7810712793494383,1.817365262724699,7.5691863649982505,8.659503330238796e-13,2.4511942295790153e-11,18.538302364355168
PTX3,1.8910544440188297,-0.7033152460197657,7.562420641864661,9.029108629720103e-13,2.538141131264611e-11,18.565072965178828
TENT5C,-1.532092766644428,4.679114318244014,-7.555818294396494,9.404797713141205e-13,2.636636819707844e-11,18.308208748663947
UGT3A2,2.638498651998122,-1.8432785613992964,7.555807225624372,9.405440337965887e-13,2.636636819707844e-11,18.517607325988145
CUBN,-1.6011417719394696,2.2860222233515537,-7.553222246497565,9.55671155818099e-13,2.673081714128292e-11,18.464756382695153
LPCAT2,-1.4620622179869378,4.672985665185952,-7.551753510843107,9.643728878525533e-13,2.6886028220459936e-11,18.28296684272346
AC117489.1,-1.9473411049397784,-1.8525504077797397,-7.55024460312118,9.733941167638579e-13,2.710035894398445e-11,18.451454592443774
AP002840.2,-1.1628768010627448,-0.16540533825774595,-7.548038003371951,9.867368582856247e-13,2.739677583032382e-11,18.480331643765176
LINC02535,-2.3472897418327197,-1.6114946194117203,-7.547591299278463,9.89459867042755e-13,2.743490087009134e-11,18.4323078271103
AC011298.1,3.037681340086846,-2.2778384725448992,7.546012950106381,9.991407036236092e-13,2.7665579918864078e-11,18.447777311472567
AC019205.1,1.3935316451381374,1.0664035987622595,7.5404036020102145,1.0343088159923363e-12,2.848413601114938e-11,18.408170730441423
AL390755.2,-3.0032861122690044,-0.5123984425773428,-7.537275217291022,1.0544505457517043e-12,2.8999530300213313e-11,18.412310672420084
ABCA17P,2.1610522086413515,-2.040000041217597,7.53466254534168,1.0715683862751343e-12,2.9430480922507874e-11,18.38212724336686
UBB,-1.6129411037020436,7.3072538870660715,-7.53307340732788,1.0821141096053306e-12,2.9680009667501673e-11,18.010400971695667
AC246817.1,-2.672070033800256,-2.427125277972322,-7.532580668362789,1.0854047574684493e-12,2.973014324904146e-11,18.32115024673088
AL135905.1,-1.3169399297620754,0.3048195661633566,-7.530070249460226,1.1023240831861277e-12,3.0112412186390937e-11,18.37209907744341
CEACAM1,-2.039692123600835,4.764708450841385,-7.523934821068981,1.1447786390638394e-12,3.12301759199107e-11,18.133203608433657
TESC,-3.19730785853592,3.7999243086974173,-7.520919589507871,1.166230531613897e-12,3.17727470838081e-11,18.216863170582656
NUDT13,-1.0238738153723723,1.1190453983732236,-7.512316553824527,1.2296432173836976e-12,3.332169166680836e-11,18.255161826046077
AC021683.3,1.9614743531821701,-2.828993972076823,7.511300230294424,1.2373558176629598e-12,3.348604479118774e-11,18.215263825067936
ADAMTS19-AS1,-2.5118602900563305,-1.5832083062519233,-7.507680682983237,1.2652135791016066e-12,3.4149005022126235e-11,18.20350599894007
ALDH1A3,-1.6777927462138833,2.171773612631143,-7.504849663122935,1.287433296359456e-12,3.4610839041282513e-11,18.18956106734271
AC018413.1,-1.2467037057423287,0.7162607706021764,-7.5003261173483935,1.3237393683602311e-12,3.534569141163803e-11,18.193291455960658
MKI67,1.0284489769522063,6.5613973952109115,7.500146389511068,1.3252025612905027e-12,3.534569141163803e-11,17.812513752529455
H2BC17,1.6454439976136486,-1.399884039619463,7.499274643668106,1.3323222728612632e-12,3.5489014251156376e-11,18.181765568774935
KCNK12,1.6642754821142576,-0.6216684446400994,7.498494897974742,1.3387225954683767e-12,3.56128246469886e-11,18.185751465152293
TIGD4,-1.2822778875458836,0.0437023048753629,-7.493786810609595,1.3780177323302352e-12,3.646722967692669e-11,18.15757540996345
DYNLRB2,-3.0295553111651348,0.3213077196669517,-7.488664451824154,1.4220647336165714e-12,3.758393191940598e-11,18.127076178108812
PRICKLE2-DT,-3.301178247932635,-2.137800386186207,-7.486541950941667,1.440720800910449e-12,3.800405239412189e-11,18.05610769499779
CDC45,1.0972902429193705,3.9728147468790143,7.486431222766241,1.4417006689563068e-12,3.800405239412189e-11,17.899829823268647
ABHD12B,-3.160163676719923,0.0957802912519115,-7.484130296677381,1.4622118359583817e-12,3.8494810044064963e-11,18.10052764179136
MANSC1,-1.0157526173962603,6.0772400658679215,-7.482998034938888,1.472410679494483e-12,3.8713162548571633e-11,17.736319437511355
PLEKHG7,-2.438884481586198,0.6936428342195681,-7.4813590149084055,1.4872986874112657e-12,3.905408077900073e-11,18.081642686432673
STAT1,1.19323464437577,7.334586069670881,7.48057710376569,1.4944534338084496e-12,3.919131817899732e-11,17.686488117707768
CAPG,1.0855289048149075,7.011333517895481,7.473977106021737,1.5562154103413876e-12,4.0758404638889644e-11,17.647925586815248
SIDT1,-2.0708654581289756,2.808568747742365,-7.473400054308183,1.5617336922185086e-12,4.085029029684552e-11,17.970800038141448
GINS1,1.0667848021541677,4.301661041263076,7.465065881395713,1.6436205211578423e-12,4.282685060514357e-11,17.725320591542733
SERPINA11,-4.410351556523309,-1.3932289450669346,-7.463162284237702,1.6629108507061896e-12,4.3274007848594873e-11,17.935423923646603
GAD1,-3.6490359551759974,3.5412189697142846,-7.460764761930556,1.6875247361796309e-12,4.380236620448892e-11,17.883313656706555
DAGLA,1.2815883337334995,2.4818105830031265,7.4556265153178725,1.7414938505381516e-12,4.514556252338953e-11,17.836336669328553
AC068134.2,-2.6861850340884135,-2.053933604786644,-7.454368843548309,1.754961165578994e-12,4.543672704360187e-11,17.869204840699414
PRRT1B,-2.8408911864160498,0.4082871217191845,-7.446639959609718,1.8400096240742647e-12,4.7501252756966203e-11,17.878208767031435
WDR62,1.0242382007968542,4.106426255781596,7.446488739170941,1.8417135983314982e-12,4.7501252756966203e-11,17.648423738485107
ARRDC4,-1.2613184067008794,4.077055990466833,-7.444656506262913,1.862483667000715e-12,4.7976068502056436e-11,17.68096120699293
PLEKHS1,-3.350311785037055,4.567237737654416,-7.443401004021355,1.876849296602629e-12,4.828491785335675e-11,17.701793010068116
SERPIND1,-2.684488423770496,-1.6146914374729782,-7.440852240063688,1.9063498689858446e-12,4.898186439604084e-11,17.814460653841387
FXYD6,1.7893337567856111,3.0326317314655333,7.440430471247648,1.911275562499535e-12,4.9019946379318104e-11,17.686287818157357
KIF13B,-1.0843781836100241,5.872255120573839,-7.440312474898378,1.912655849183195e-12,4.9019946379318104e-11,17.494671529758023
EDN3,-4.717899268483058,2.021504449550903,-7.439592193766718,1.9211028489858665e-12,4.917442607404125e-11,17.802274302580265
C1QTNF12,1.649148083771595,0.40559465543902745,7.438661232702782,1.932075148652521e-12,4.939307587574068e-11,17.81826564125444
DNMT3B,1.0772541498195372,3.960455561713317,7.437906448556357,1.9410164201906957e-12,4.955931874868807e-11,17.594689399391807
DMBX1,3.11766926330714,-0.20690600787979002,7.431310669465311,2.0209092374587376e-12,5.134119917763923e-11,17.78535421689199
LMO3,3.3831912456826303,0.4222381643935113,7.4301363004484715,2.0354706307276566e-12,5.1646573157189626e-11,17.756983425331597
PIK3R1,-1.5718644409129672,7.127614320704599,-7.426784287142417,2.0776054920545654e-12,5.26499426689738e-11,17.371437024571012
IQSEC3,1.7704434563392224,0.5659820400845403,7.425106651712743,2.099015517147772e-12,5.3126265716701514e-11,17.72926357367758
TMEM101,-2.604968459790788,6.3065184824270455,-7.42435238042919,2.108712378624529e-12,5.330531142184693e-11,17.402762495183005
HES5,-2.5122007415411707,-1.4037539662501544,-7.421734172673122,2.1427162832695874e-12,5.401686455628951e-11,17.693968931235556
LMF1,-1.1367627554707886,4.5917374372965245,-7.42157246065324,2.1448341712716807e-12,5.401686455628951e-11,17.476877902078613
EPPIN,-2.5153009449667447,-0.5700140848912446,-7.419215086390019,2.175943548233038e-12,5.473252063649538e-11,17.712705707778305
MROH9,-3.3176676072981355,-2.0301167622730008,-7.411177453339515,2.285398852518997e-12,5.720252004753214e-11,17.625006771111238
TSPEAR-AS2,2.8439336839347393,-1.64852500794335,7.409940131481215,2.302724394984327e-12,5.7565277495278555e-11,17.655841182225025
UNC13D,1.315013556292091,4.594844304519771,7.408737110251004,2.3196939257861286e-12,5.78471893836531e-11,17.342285628490423
RUBCNL,-1.7043711233661594,2.7223072298066646,-7.406340041002833,2.3538752533997387e-12,5.862764785551015e-11,17.562944010194094
AC025034.1,-2.0437424518442517,-0.1919821488207053,-7.405223653731903,2.369963744967301e-12,5.888403808400418e-11,17.63340713383294
ITGA7,1.3868554379954783,3.441202413325858,7.39816615330042,2.4742123484540608e-12,6.117505081506123e-11,17.38845787059134
DNAAF1,-2.9350599368449357,3.0878201482161205,-7.39493189371013,2.523486615955905e-12,6.224191988190269e-11,17.492668547105808
BACE2,-1.1047594321682972,7.097823713850411,-7.389553350529666,2.607582440291511e-12,6.41604183008289e-11,17.143692971701395
CYP4V2,-1.1114981007298423,4.110145428695762,-7.381835001813054,2.7331152034284173e-12,6.708675530734197e-11,17.294241378303685
STEAP2,-1.7609426850943803,3.530997209282064,-7.381353794023273,2.7411362316549887e-12,6.720247620284196e-11,17.36402111932769
AL449403.2,-2.5176878819648056,-2.1466573247195444,-7.377520351469605,2.805869293979271e-12,6.870661148293338e-11,17.420093071114636
ELFN2,2.7297164141878136,-1.643941749088145,7.371093975459243,2.9177886140490038e-12,7.13557578256097e-11,17.429962958550522
TMEM266,1.1934435156574956,-0.15522584917160323,7.370908797896553,2.9210780609578466e-12,7.13557578256097e-11,17.428953732455653
ERICH2,-1.8569591248021813,1.7178289230090622,-7.369335102625365,2.949180892158139e-12,7.195576524876593e-11,17.390846599091844
SLC15A2,-1.891785493224385,3.9349580307728824,-7.368372981036552,2.9664935792593192e-12,7.229138549744173e-11,17.246931004774737
BRCA2,1.035291933883201,2.7299858577124247,7.35683216154702,3.1821446972908263e-12,7.736113496141e-11,17.2361017623263
MAP1LC3C,2.5060476597174643,-2.1200891496549303,7.353934217146381,3.2386817088748215e-12,7.854769337848672e-11,17.321902741171606
CYCSP34,-1.6577833341220185,-0.717441048152398,-7.351960597630994,3.277751980698013e-12,7.940051401156903e-11,17.319654903551275
PHLDA1,-1.9041863609921483,5.880109702387557,-7.348600940817249,3.3453331067866365e-12,8.094113102658524e-11,16.96018315530508
DSCAML1,2.2592291653517385,-0.9128634316226745,7.347045758714393,3.3770801098295214e-12,8.161210006203946e-11,17.291328589431746
NCAPG,1.171945458017936,3.5775457161647326,7.343176423857167,3.457363239753479e-12,8.325527308619634e-11,17.083468007546756
BIRC7,2.1911811758310495,-0.9304545950247647,7.342436311899208,3.4729326714846288e-12,8.353122321331787e-11,17.265576941695166
LRTOMT,-1.1487819686634206,3.6377251255762557,-7.337548034951645,3.5775170124921884e-12,8.59449831700842e-11,17.078152345346876
CLSPN,1.107887379179581,3.267583519819151,7.33690641799623,3.5914730598492315e-12,8.617839252464673e-11,17.075006170493904
DMRT1,2.5001737536932036,-1.2411537277144096,7.334454764354272,3.645296428502479e-12,8.726384524485793e-11,17.21889902364784
DLEC1,-2.5664415276408885,2.1628119762207016,-7.3335850091554535,3.664581578741198e-12,8.752236295163917e-11,17.160368627075435
EDA2R,-1.8088561845596618,0.5468556584028161,-7.3294759206953755,3.7570626347857406e-12,8.962270069176689e-11,17.185194969816038
SNTN,-4.438405387457476,0.7491443521779526,-7.3291511777,3.764468875894119e-12,8.96940978120423e-11,17.186119437931666
NXPH4,2.587886014543284,1.812446366486342,7.3238974284969816,3.886309549729456e-12,9.219892031659462e-11,17.08472678462961
ST8SIA5,1.8539864791813412,-0.41605861746286343,7.323836619843876,3.887742310141782e-12,9.219892031659462e-11,17.152713097846068
INHBE,2.4022460991967214,-2.245362133044954,7.323538498491923,3.894774125651847e-12,9.225802952185097e-11,17.136263447857356
ANKRD22,-1.9724949902662816,2.7374856772889276,-7.322947915475926,3.908741334725237e-12,9.248109299994846e-11,17.080194534570534
AP000688.2,2.388308650207085,-2.5285342077326725,7.3167289267926074,4.058853115971555e-12,9.569852752784905e-11,17.1055883925322
ZBED5-AS1,-1.012102002976338,2.9254090857092105,-7.313928835101525,4.1282842836444545e-12,9.722276915502885e-11,16.99804057896227
HOXA4,2.343126384034318,-2.1253545512768284,7.3033692715950735,4.4008221205047656e-12,1.0328211175189244e-10,17.028318356308908
AC026336.3,-3.95186708504389,2.547358571691147,-7.302757345979631,4.4171486883516706e-12,1.0354570927573165e-10,16.986059529973346
AC125807.2,1.1060488559728325,1.1579329171856976,7.301233404389449,4.458068593991895e-12,1.0425684142289247e-10,16.989472709908007
CRTAC1,2.7371873276946235,-0.540747317826992,7.301055345814594,4.462874042408799e-12,1.0425684142289247e-10,17.010419265588695
GALNT5,-1.9936883597222843,1.015246800561118,-7.298810480171317,4.523898643005971e-12,1.0544004130785935e-10,16.995520280880037
CHTF18,1.0051925213984694,5.6875116671614006,7.297714467129677,4.553991089405017e-12,1.0601983379274634e-10,16.624285585474816
OMG,-3.949771174735952,1.3333852566923852,-7.291624815141441,4.724822290156548e-12,1.0984750043580881e-10,16.960408332251546
ELN-AS1,-2.625073746316372,-0.5518751968259822,-7.29147111265727,4.7292148632814754e-12,1.0984750043580881e-10,16.963660966918738
SH3BP1,1.079059199138598,3.047039386307407,7.291247020360816,4.735626284927821e-12,1.098708545831884e-10,16.81682821110313
LINC01234,2.6459881055804457,-2.360986167110544,7.289680593273013,4.780682832662635e-12,1.1078973533755459e-10,16.93987555044269
NME5,-2.018402620828799,2.747512396256559,-7.287574895413907,4.841917874908869e-12,1.1208102379230962e-10,16.86570335103275
IRF2BPL,1.116193771688602,6.034338171510789,7.286293212724093,4.87956816427091e-12,1.1269584473936587e-10,16.538331377522983
LINC00668,3.0286196548389643,-1.4345880172780219,7.285749485877203,4.8956276189410475e-12,1.1293840604694422e-10,16.93361040009111
AC011944.1,-2.2924520882289094,-2.0868101983178144,-7.284572406644309,4.930572526164975e-12,1.1361559639657252e-10,16.89282603182139
OBSCN,1.451904721501033,5.196301235932327,7.283901304195218,4.950606108182997e-12,1.1394803911971828e-10,16.55948795746556
KLK7,3.230966327766617,0.6707268150818853,7.281912005366962,5.01046313926445e-12,1.1519530864526096e-10,16.86010104347684
AC139795.2,1.2150673008099717,0.8252900979552051,7.275481750914219,5.208872014489389e-12,1.1948658557842251e-10,16.849010889120844
CCDC113,-1.5609619925249083,4.344686856860732,-7.273526540553849,5.270723302661486e-12,1.2059549761847383e-10,16.63048300614142
ANKRD37,-1.0428163546573919,2.2496360639286315,-7.273391726148722,5.275014632101123e-12,1.2059549761847383e-10,16.810673587331845
SERINC2,-1.2618607282918894,9.228285962306716,-7.2658737188104885,5.5198578719056606e-12,1.2590975464490532e-10,16.405106225851092
KIF1A,3.426481971558641,4.5368318172556705,7.263467570999469,5.6005630457497076e-12,1.2760744769262e-10,16.51190065246725
CDKN3,1.039501427554689,3.2446498310638128,7.258223360802756,5.780514866098698e-12,1.3141295764942946e-10,16.61461279258488
SPIRE1,1.6694302045219704,2.4997316402757446,7.255513698394841,5.875717863304689e-12,1.3342803335620612e-10,16.64121239879306
SH2D4A,-1.0155455304364294,4.947104468890237,-7.250101071106222,6.07054220647967e-12,1.3769832567465718e-10,16.418460028926873
LRGUK,-1.608257807307146,1.3802712799946788,-7.246540664118904,6.202156814106565e-12,1.4052690645474005e-10,16.678525631577745
AFF3,-1.7269793808655873,2.873384868369229,-7.241828449559965,6.380685255125704e-12,1.4409005236130535e-10,16.581815646335574
ADAMTS15,1.9256550806138644,4.317835209101038,7.239497213628426,6.4708716958902125e-12,1.4564119196818678e-10,16.362197138439765
SLC1A1,-1.573702807769712,2.969675480070087,-7.239146903302725,6.484532051295672e-12,1.4578720067536863e-10,16.57412183577321
GSAP,-1.2550745180073695,3.6294947013791226,-7.225154481981807,7.054053740519498e-12,1.5754570134320689e-10,16.421411772616093
NIPA1,-1.3267796720465506,3.8659328941001108,-7.22033387371181,7.261468828707326e-12,1.6200010150894366e-10,16.40027571812155
KDM7A-DT,-1.145749624098054,3.300573872157392,-7.219552500599458,7.295650536107637e-12,1.624061352638024e-10,16.414824189200026
AL353747.2,-1.9689052792877961,-2.6028869231978646,-7.216340962922462,7.437815651945637e-12,1.6502856474906454e-10,16.479394067655818
CD40,1.3906197104184685,3.323473528721983,7.205801174610237,7.923848034765921e-12,1.755458515231288e-10,16.27339987694144
STEAP1B,1.669712732080909,-1.9088611464003178,7.205690735755622,7.929103114457403e-12,1.755458515231288e-10,16.465472401447705
TCF15,2.0694215342734057,-0.5016225919588259,7.202826971071608,8.066577818311507e-12,1.7820122562974244e-10,16.45003053296312
FAM81A,-1.6330951871810715,2.1534100719760305,-7.201334493189518,8.139152993397953e-12,1.7960927843411508e-10,16.39508339858773
AL589765.7,-2.6620535768735056,-2.5994375402598613,-7.200970124397853,8.156968823617191e-12,1.798071956303642e-10,16.396552513140136
CDH18,3.127111636523832,-2.829939745509628,7.197724159431979,8.317387105617853e-12,1.8270211419876467e-10,16.403732819767377
RIC3,2.2082623682827904,-1.603497748656723,7.19758657451531,8.32425495709782e-12,1.8270211419876467e-10,16.422637751691326
AC009237.14,2.026184119952692,-0.22747216681124813,7.1921970538740965,8.597729670056055e-12,1.8850081749106714e-10,16.37148856151208
TMIE,1.6971027723573904,-0.8060218372165601,7.190646897843324,8.678015059338036e-12,1.8985142956510897e-10,16.38117485291569
TRO,1.748545190494386,3.0043776244570797,7.187780417425761,8.828427349199541e-12,1.929343628442274e-10,16.152930710546535
LINC00337,1.5965128746398687,-1.9882266536282223,7.185863927556013,8.930421829834668e-12,1.9495369846354432e-10,16.34437370650583
SEPTIN3,1.7893255624235223,1.9895293976396953,7.185373865650386,8.956688626361784e-12,1.9510797389300847e-10,16.271113579321874
ANO1,-1.9233999636268697,6.188875078107391,-7.184406475872202,9.00876349438361e-12,1.9582257674850536e-10,15.982351776583496
TNNI3,2.5440841264000396,0.7514503029729718,7.17600260216941,9.4738900070867525e-12,2.057129706239649e-10,16.26022804462226
FGF20,-4.619729258272759,-1.14193862929936,-7.170599624529861,9.785349400902997e-12,2.1119766048517974e-10,16.250150784667905
POU2F3,1.4570460920149415,0.3088437471998937,7.16910949969717,9.873010738829446e-12,2.1278798542520645e-10,16.233812191688443
ZNF474,-2.4388116749288837,0.28443364017588296,-7.1647881691811,1.0131628742869598e-11,2.1813053238356114e-10,16.231999877592322
MTARC2,-1.1015380862070803,3.478983405299557,-7.1637231165776845,1.0196387834708574e-11,2.192924723308117e-10,16.074093273776676
GNA14,-1.3091357637548358,1.5844608322470266,-7.159442076046581,1.0460833064426325e-11,2.2474204143911273e-10,16.172053947881732
AC112206.2,-2.122614642686681,-1.942023423623237,-7.158416492791788,1.0525181872621571e-11,2.2588574063269355e-10,16.16342456188567
AZU1,-3.2471722879735245,-1.4625999995708598,-7.148900086974758,1.1141194618544397e-11,2.388540500287936e-10,16.12327836360155
AC009237.15,2.0157092323633603,-1.896708101105902,7.1475624314034185,1.1230584969567154e-11,2.400109452381523e-10,16.135144843773578
C4BPA,-4.320723426806024,2.2639564147066094,-7.14640631383759,1.1308413197487495e-11,2.4142036746400825e-10,16.08359265084102
TSNAXIP1,-1.819239485946282,2.7787177577780704,-7.144640771150995,1.1428294176998335e-11,2.437236630150201e-10,16.02216629777105
AL353747.3,-2.5891124319145,-1.3614125618545465,-7.1428551468950126,1.1550812845096395e-11,2.460069834946073e-10,16.098786772154206
CRYL1,-1.0631761631521215,5.304059218101242,-7.142728255765716,1.1559568452930032e-11,2.460069834946073e-10,15.765581664322607
STAP2,-1.0905449299063337,6.237748461248139,-7.13728550261231,1.1941346141861397e-11,2.5360075129278064e-10,15.674885118252558
POC1B,-1.1228748110082947,4.7130751614081206,-7.136733446043218,1.1980757137399189e-11,2.5417213785020994e-10,15.789859259774557
CCDC148,-1.3264685333383577,0.7245916033190617,-7.131983391196147,1.2325201713197463e-11,2.606632670333249e-10,16.0279567229628
AC006230.1,-1.5350769614052155,0.6043611848398521,-7.126464279812385,1.2737687018974464e-11,2.6799249583192234e-10,16.00300833871237
CREB3L1,-2.4281557677580485,5.959271177465241,-7.119941493327704,1.3242754842956098e-11,2.7718408797964955e-10,15.646872772145278
CCT6B,-1.0519789928407508,1.5397676405994403,-7.119526554556778,1.3275543658773904e-11,2.7758451576226424e-10,15.933010961115171
PNPLA5,2.185716652968591,-2.9941284959545107,7.113384800440537,1.3770332374545283e-11,2.8675024096337947e-10,15.915934425731434
FZD10-AS1,-2.1029758862797854,4.185933315249053,-7.112086166541663,1.3877257214902938e-11,2.8868103954522754e-10,15.732546957561032
ELOVL2,1.747624227580555,-1.0382008280009496,7.110531413555191,1.4006346741125011e-11,2.9106849812538317e-10,15.92177181778525
CEBPA,1.3928408745099214,1.3734338406775553,7.1102931685158195,1.4026232279977387e-11,2.9118400904827416e-10,15.868621162629012
ANTXR2,-1.2539016437134247,4.391063830047579,-7.107082036694975,1.4296985696924496e-11,2.95898103161195e-10,15.648830449767175
Z99496.1,-2.827005212831173,-2.691950768801031,-7.106707635510276,1.4328887527388454e-11,2.962566735571139e-10,15.861304701216127
CNGA4,-3.2222551453937727,0.36289633672465504,-7.104531037525431,1.4515744606172082e-11,2.9951065317344304e-10,15.886003502712835
TBC1D30,-1.052902604306575,2.3649524397499717,-7.104137733058819,1.4549764364871802e-11,2.9990812469741834e-10,15.81000882190912
RBM11,1.962404507257642,-1.236723093130036,7.102839383041846,1.4662626922217398e-11,3.019282974337856e-10,15.878362826094053
PRIMA1,1.9976784086426795,1.6447960069705734,7.10126847530185,1.4800336360418e-11,3.044555022157241e-10,15.783911719404744
LAMC2,-1.2107435383480523,7.407913057371084,-7.101024225885684,1.482186203284037e-11,3.04590014110665e-10,15.43479628349607
NUF2,1.2662245498253952,3.1992887847646982,7.100093155475951,1.4904200524127514e-11,3.0597269843673495e-10,15.679505466421247
TSPAN5,-1.5089322585893807,3.9310396425566907,-7.099160055921132,1.4987170717097497e-11,3.073655475825323e-10,15.653478192626398
FBXO2,2.201464649440436,3.1804063834735907,7.094332753191892,1.542373289490611e-11,3.1536413214896553e-10,15.614573701578706
PRRX2,2.2361384664260404,2.3275373103473176,7.093354102678115,1.551375419716043e-11,3.1688597015385783e-10,15.700442091177287
MSX1,-2.9790485272708267,7.947923605638681,-7.0859768379072845,1.620922297762731e-11,3.2976601381110853e-10,15.359955954166427
DGAT2,1.3601972469325396,2.7371783440052555,7.085311862528397,1.627340062801583e-11,3.3074059436379373e-10,15.620880591306136
TULP1,1.6293599871672466,-2.100099383490908,7.084836201860882,1.6319460829803425e-11,3.313453765283964e-10,15.769191393725876
AC026368.1,-1.8838537902586099,-2.6084914967932646,-7.0839745418753175,1.6403226358076924e-11,3.326268885129384e-10,15.730494814194689
MBOAT2,1.6381948598738743,3.8334761148052356,7.083850596268454,1.6415310429958534e-11,3.326268885129384e-10,15.4885545769677
ASPM,1.2048157019443577,3.922822698512932,7.07726118890801,1.7070534063239797e-11,3.4555929711283425e-10,15.475418684309176
FAM107A,2.1743051874480868,4.078749621358011,7.067986934906049,1.803659571466518e-11,3.636664397865626e-10,15.389722204850084
SLITRK2,2.960785357305733,-2.754060827037344,7.061554482685621,1.8738080238479506e-11,3.766891619850223e-10,15.631638003013547
BOLA3-AS1,1.3234724616098168,1.2723482297952204,7.059234035681894,1.8997676635670638e-11,3.80777889490503e-10,15.572670694307046
FGL1,-3.174905514980368,-1.3411362046997188,-7.057549657767756,1.918833049971598e-11,3.8384215460258617e-10,15.601353133979119
FUT1,1.1431673080134424,2.726369875912411,7.056766233867227,1.9277647018121445e-11,3.848712161063853e-10,15.471496412660805
AC022144.1,1.426717130704751,-0.8390030306217157,7.054352529416311,1.9555411716386218e-11,3.896511644351309e-10,15.59796857151397
ADAM33,2.114037069869951,2.295334084223526,7.049989941024791,2.0067491244929786e-11,3.990721057357661e-10,15.439233436552016
ATP2C2,-2.057502402220734,4.158747193267901,-7.048994377853737,2.018618918340619e-11,4.0104018471510006e-10,15.394052265424941
AC025580.1,-2.9962409984186653,2.9241829405666313,-7.03885151724601,2.1435615245316758e-11,4.2461739205245403e-10,15.432807409921095
CENPF,1.0725281049084456,6.235053468104928,7.033582288327976,2.2114457733312434e-11,4.3678740424863154e-10,15.056123574820647
CENPE,1.1102932334463391,3.4264249128813042,7.03223922358781,2.22908471538603e-11,4.3941724302139354e-10,15.266416370617153
TUBB6,1.2189815225172467,5.215936750432729,7.0315998454114075,2.237530524880428e-11,4.4065475181850595e-10,15.088118084780197
C11orf97,-3.309956238212681,-1.5429037454546992,-7.027607446364724,2.2909853978734212e-11,4.503093542203038e-10,15.434137437789545
ADRA2B,1.7409685107171218,-0.7229939473594413,7.02722804966271,2.296130189132592e-11,4.508845407143072e-10,15.443607779946575
CALML3-AS1,-2.0275636657263023,-1.205688482650849,-7.022409533886643,2.3624701818981638e-11,4.6212554356976206e-10,15.41819105745854
CSGALNACT1,-1.267137390040625,2.87207767658233,-7.021804571260527,2.370931430678567e-11,4.633347153568384e-10,15.292309659958779
LEF1-AS1,-2.4834333500725503,0.5769975323096069,-7.0213529108799895,2.377267991944575e-11,4.6412674993546154e-10,15.40318275922051
ZCWPW2,-1.1092985183038395,-0.9324252998019429,-7.018595481704052,2.416316740332611e-11,4.708458430538828e-10,15.39809827381702
IPCEF1,-1.510321350115898,1.6564368274738335,-7.01842799526452,2.4187088149499553e-11,4.708605168107557e-10,15.347987048996075
BCL2L15,-2.519129650280692,2.753634411064739,-7.016821404276003,2.4417733129076146e-11,4.744416903588371e-10,15.29912160677616
GAS2L2,-3.774004453903852,0.9431567446722443,-7.0124941416162585,2.5049794849011758e-11,4.862579087978176e-10,15.35299380863201
TDGF1,-2.557330804672529,0.28991495356050967,-7.0074074265984985,2.5813417646301184e-11,5.001257390309107e-10,15.328456919410533
RSRC1,1.4248740406654758,3.3608364608453543,7.007069336990976,2.586497701403092e-11,5.006474217458709e-10,15.1300408784023
CABCOCO1,-2.513808520830425,1.2763629694869307,-7.0066386588491865,2.593080327747145e-11,5.014440017234345e-10,15.29506011254552
ICA1,-1.0003537886919203,5.48003467206817,-7.001285422275514,2.6762913787506518e-11,5.165521935586727e-10,14.91640588696072
SMIM6,-2.7978390675289377,2.6533207299738275,-6.99855236989184,2.71978282538076e-11,5.244484453798724e-10,15.19524160990665
LRRN2,2.1291760163240685,4.484912857232626,6.996914002746165,2.7461873854759722e-11,5.290380324399399e-10,14.91302690967979
GRAP,-1.4129911327058182,-1.394423828742639,-6.992842506548549,2.8129036253248634e-11,5.41377398495289e-10,15.249032821792717
AL670729.3,1.8456327761823739,0.7670991751901151,6.990691653362261,2.848789767735859e-11,5.463486150576655e-10,15.19546112466666
TEKT3,-2.286636367749419,-0.03111747518098513,-6.990650189574208,2.849485986819157e-11,5.463486150576655e-10,15.235855382425353
NEURL1,1.6818848132356248,0.18072144607812843,6.98690476980766,2.9130716304672643e-11,5.574883975293473e-10,15.195304965846994
AL357093.2,-3.9450134196784057,0.43995979778261457,-6.980824059569453,3.019292076284988e-11,5.761886587644703e-10,15.181581706321882
AC087273.2,-2.1073551080814426,-2.444161752370738,-6.9736680289777935,3.1491906985421234e-11,5.998514691393637e-10,15.108284400705813
LRRC46,-2.673466827141691,3.7867970274107123,-6.972833404749835,3.1646949697960724e-11,6.022402674731776e-10,14.9755366323301
PBLD,-1.0869872250168653,3.415322291305526,-6.961784574478641,3.377166376062205e-11,6.414722376363388e-10,14.897499619267464
LINC00261,-4.706875939355638,2.5883261567687237,-6.95776951234613,3.45780701943844e-11,6.555473581617653e-10,15.01911223756996
ALOX12P2,2.352787662401082,-0.2749442038005966,6.956523520216025,3.483215589544743e-11,6.591515236676662e-10,15.022715446702042
MCF2L,-1.002780586306625,5.923264119485024,-6.954450521686067,3.525896718472534e-11,6.666076735463794e-10,14.628773415376475
TTBK1,1.3570373811853162,-0.5535101173701978,6.953630255753398,3.542927096939885e-11,6.692049286078644e-10,15.024372587375716
NYAP1,1.8567716275059432,-0.3776102878399577,6.952991018835263,3.5562550893831437e-11,6.710986855768154e-10,15.013098229617222
AC100803.3,1.5629815140907564,-0.5623192545599516,6.952150403984687,3.573856966273314e-11,6.731702408020281e-10,15.013676885424108
LNC-LBCS,-1.7921756839976335,1.4562645795593705,-6.94847062337109,3.651924200215652e-11,6.866022890396199e-10,14.961564736461884
ADORA1,1.6444779713175168,2.009435464452995,6.945764365314375,3.71040734568101e-11,6.950259805863673e-10,14.888408647233716
FAM155A,-2.5130184889642946,1.7584880150262614,-6.942921461118259,3.7728368360395035e-11,7.04771469261644e-10,14.91786881267301
SLC39A5,2.433192490921357,-0.9715404072997119,6.932664203978129,4.006803096032452e-11,7.457350377634026e-10,14.908248516383903
LRRC6,-1.434365375323313,3.4598323772105712,-6.93106250745291,4.0446048432295593e-11,7.515401397905708e-10,14.719690007585417
IRS2,1.6823619329945987,3.21614325002646,6.931029427359284,4.0453892586640643e-11,7.515401397905708e-10,14.673815886158197
SMIM10L2A,1.319100353996909,1.9706252363892571,6.930767157384345,4.051613669293703e-11,7.520090978513719e-10,14.79458546178792
KCNS1,1.8131476018137274,-0.14693809428472282,6.929574423772358,4.080039796069022e-11,7.56594241015573e-10,14.872479698711594
RGS7BP,-2.235091243973334,-0.013755317989875232,-6.926684045439525,4.149742610430481e-11,7.674191884839772e-10,14.871256481629514
FZD10,-2.278729497515451,4.723703481786702,-6.925935031148589,4.167995912696069e-11,7.693946315134868e-10,14.615585941775365
PLCD3,1.1848262418002609,5.0390368446639835,6.9243545933530175,4.206770608652155e-11,7.758476029967913e-10,14.478680924014617
C16orf71,-1.632665741147185,2.045327159044697,-6.923034845631535,4.2394214649517505e-11,7.811604882473199e-10,14.791357007212685
DNAH12,-3.0559321985554977,0.9613978274314234,-6.9224968553483945,4.2528029459268105e-11,7.829163684150046e-10,14.834296462898873
AL353135.2,1.2073910320884158,-2.033924825013305,6.921509672989341,4.277465484566532e-11,7.860326266575967e-10,14.847508898532006
ADAMTS19,-3.434323736402241,1.5471956408190755,-6.913822063881059,4.474402962186655e-11,8.186233604007326e-10,14.779222094773946
B4GALNT3,-1.2324741653935254,6.7636568183469565,-6.910546506005558,4.5610023953790427e-11,8.336134234144214e-10,14.34940908218277
SGSM1,1.978181999344556,0.91244204359166,6.9082912102619645,4.6215852220743357e-11,8.439272062303576e-10,14.723181298552342
AC069366.1,-2.1400333102035924,-2.15577852900464,-6.905694824186895,4.6923121288882376e-11,8.553053964800406e-10,14.74424981695234
WASF1,1.4557202645632712,4.401362207363516,6.9035394453591,4.7518344440436396e-11,8.6467750893664e-10,14.39685800940969
CEACAM21,-2.547138041825775,1.8933799794410848,-6.9035249360334525,4.752237637680707e-11,8.6467750893664e-10,14.682608720239662
AC092894.1,-2.591105435319184,-1.3108268115576953,-6.902087360358238,4.7923532790014565e-11,8.711966730091735e-10,14.736830437024796
FAM216B,-4.692290539948314,0.8648196676211962,-6.9014692979432155,4.809702663062339e-11,8.735692307781858e-10,14.729319256763963
AADAT,-1.2676799165903248,3.1652381946673303,-6.897512063420497,4.922259288473086e-11,8.924174645756199e-10,14.576787847535561
LRRC18,-3.497874607629072,-1.3526889246796971,-6.895561309714827,4.9786954038020255e-11,9.010419001502436e-10,14.69515006108818
RSPH1,-2.159575802525995,4.587676293944981,-6.894941056528024,4.9967727067040794e-11,9.035089723403354e-10,14.423406295906803
RNF183,-1.9994217642982433,4.170966704486341,-6.892875650673486,5.057436156800356e-11,9.128537517833964e-10,14.468775521756058
SERPINA1,-2.3398972682786896,7.8561290287685965,-6.890702099059093,5.1220590110678714e-11,9.22878788483541e-10,14.221089718394001
AF186192.2,1.8656013125803583,-2.708428638133428,6.888940566090775,5.175027760901815e-11,9.315966715019352e-10,14.663339902445863
TSPEAR-AS1,2.667303749836094,-2.318270645403503,6.8885763561278175,5.186046528959949e-11,9.327540677396639e-10,14.661238527687043
AMN,2.194271267267562,2.276466014819337,6.887900156675814,5.2065654770114346e-11,9.356165937646367e-10,14.530424321636886
CPM,-2.2328247760530546,6.019504096816051,-6.887337309569841,5.223705736673579e-11,9.378674504607229e-10,14.262943715135288
C22orf15,-2.947464673248111,0.0763128931086582,-6.886979200165752,5.2346400670430334e-11,9.390011008171458e-10,14.652475455080385
GGTA1,-2.0504635863354923,2.855502287472378,-6.881246208534414,5.412787334167964e-11,9.692466059879268e-10,14.522963356487802
CCNO,-1.7178701654640833,4.755984694575082,-6.877859003738024,5.520832480798107e-11,9.877235857371543e-10,14.31147278316217
CD22,2.0116405708502727,1.2139597592801026,6.877582896618888,5.5297327620618376e-11,9.884458105201828e-10,14.519519647564591
AC005695.1,-2.26931388921618,-1.0236089674145523,-6.871962791898991,5.71399709581584e-11,1.0195897890725298e-9,14.570586132877901
SLCO3A1,1.364306857292922,3.8896650273977813,6.871687613305422,5.7231728560612647e-11,1.0203312730402556e-9,14.249124104949063
IGFBP4,-1.4607034887562982,8.525020872316158,-6.871361177502389,5.734076585458852e-11,1.0213792508577187e-9,14.106994584329021
AL035413.2,1.3711589816494194,-2.0423628770624593,6.869306532042749,5.803177555400794e-11,1.030977103461239e-9,14.553757287473044
AL645924.1,-2.4510223446577064,-2.349850683161244,-6.868840551333911,5.818962895588174e-11,1.0328786191260617e-9,14.532171848358397
PPARGC1A,2.3863223776405205,-0.05511521925352545,6.868527732737305,5.829583492663368e-11,1.033860863044418e-9,14.523204863132566
KRT7-AS,1.2598406109907172,0.5367096322540418,6.862330654116731,6.04395946156608e-11,1.0700124747114025e-9,14.478310437220038
LINC01411,-3.346159125681732,-0.7663176907135434,-6.860925619100501,6.093632727161724e-11,1.0769303612768251e-9,14.508057159395522
SEMA6C,1.3251191580334472,3.6391395943970894,6.8601152535990675,6.122464687939692e-11,1.0810857716567011e-9,14.231933358945964
SYTL1,-1.1226631213585359,6.136890408215566,-6.855591132932695,6.285912781262223e-11,1.1080216076875405e-9,14.054991039979617
HSF2BP,1.185385724408594,-0.8892050676636316,6.8504024259232414,6.478663323430995e-11,1.138049726753773e-9,14.446637991337255
KCNJ12,2.3426402892955487,0.9583417878779119,6.8491676223515086,6.525384099211689e-11,1.1442787440239722e-9,14.362487451489855
OAS1,1.6466438184331245,4.515239440296792,6.842270820471922,6.792499248451781e-11,1.1880443608049397e-9,14.044203834577573
C9orf116,-1.573453225189672,4.270070498531848,-6.838390206249124,6.947497917955982e-11,1.2109858291984339e-9,14.126994090435685
P2RY1,-1.380921925420847,2.1239538319685045,-6.837214197160179,6.995153400886976e-11,1.2182476239899478e-9,14.300319543745573
MEOX1,2.274346762873053,0.3499902416606882,6.83079102517301,7.261173057862402e-11,1.262413013070962e-9,14.304358518380287
VWA3A,-2.9938392414010577,2.5511491328312745,-6.827271087826932,7.411150920516518e-11,1.286287201610399e-9,14.225559323623546
AC007277.1,-2.5998850572851078,-2.027144988361563,-6.8230430390508365,7.595334428420974e-11,1.3171294959319785e-9,14.288788569474974
CFAP99,-2.209757395373409,1.1219236924687737,-6.821658503534768,7.656621461070198e-11,1.325495524487144e-9,14.256948868991563
CYP4X1,-1.885691427875941,4.057644869603984,-6.814548462922114,7.979099073984595e-11,1.3731347127829204e-9,14.030287041800516
CLDN16,2.7288881145516912,-0.6175997652417369,6.813594583261491,8.023366975990729e-11,1.3795846905248357e-9,14.222166455081211
AC013470.2,-2.3181974462073764,-1.6453236332510879,-6.8123442320264935,8.081759816513942e-11,1.3884504354254383e-9,14.235549017895552
AXIN2,-1.7626700333036314,4.691721508743958,-6.80983435962176,8.200238867091159e-11,1.4076153271516952e-9,13.911325530092755
AL606970.5,-2.1649305379419834,-0.8289268830564508,-6.808178570687721,8.279334744743477e-11,1.4199932434781978e-9,14.215701071018433
AL133331.1,-2.4397870514319293,-2.629787711843301,-6.805874846805623,8.390632245007719e-11,1.4366572009059553e-9,14.18078296366842
IGFBP6,1.3881392801668606,3.375953562944578,6.803953732052278,8.484569873287764e-11,1.451518502564819e-9,13.947139094923006
LINC00514,2.1734778457620623,-0.5805434818145809,6.800155152948002,8.673367036710846e-11,1.4825694840547624e-9,14.162914157543325
REPS2,-1.0139611370922834,4.502181617850843,-6.792550372452939,9.063847283180763e-11,1.5454163773772301e-9,13.818641580876161
OR51E1,-1.5312325004797596,0.6143738397815298,-6.791762166028007,9.105295095106047e-11,1.5498828937431768e-9,14.108443763462912
B4GALT1,-1.2008886473362264,9.082725962645638,-6.791190664383554,9.135464068523307e-11,1.553716918231529e-9,13.652338180948968
PTGS1,2.125448583332153,5.130016490445685,6.783631927717113,9.54385631221376e-11,1.6177592634648245e-9,13.663247872017696
AC116317.1,-2.528619595718134,-0.6472116473423462,-6.782267576997701,9.619461324077898e-11,1.6292160995879934e-9,14.071771099287677
AC104472.4,1.3014032048490627,-1.8206124746057744,6.7806566891638145,9.709486988446646e-11,1.6417272342195477e-9,14.063374045654326
LINC01541,-4.833446180664352,1.8098976587895501,-6.779128941401239,9.795631951253925e-11,1.654916240875185e-9,14.011217568779315
SMIM31,-3.2676914515443825,-0.4184291824642027,-6.7784136388008545,9.83622368443602e-11,1.660393772113602e-9,14.04786639628221
AL713852.1,-2.706278208717479,-0.10772115267045299,-6.77110092228591,1.0260814537374891e-10,1.728266292427497e-9,14.007342129608254
INSL3,1.4206130632961866,-1.299901946219725,6.770920162662202,1.0271534977446822e-10,1.728266292427497e-9,14.0081140471649
CHDH,-1.1618676087906188,4.3962666008406766,-6.770906986219361,1.0272316872920765e-10,1.728266292427497e-9,13.727741935679266
ARFGEF3,-1.1273661553837533,5.171021042669002,-6.770285551069719,1.030925966851122e-10,1.7330470926618862e-9,13.632698473086222
C4BPB,-2.9470608546973045,-0.311929226443395,-6.769405417844314,1.036180518199478e-10,1.7404407315608424e-9,14.000830725780226
BMPR1B-DT,-3.254426700814757,2.6521376193710156,-6.765590533850806,1.0592623150225126e-10,1.7777413121814655e-9,13.900021636578892
NLRP7,2.4036487185674673,-1.3289524891937687,6.764856471214959,1.0637614080762533e-10,1.783819047668463e-9,13.971967924082556
CPS1,2.0669929034841,-0.25092602500421896,6.763739242241593,1.0706450435015391e-10,1.7924044369131202e-9,13.952144049252317
NCMAP,-1.7700788540146184,4.377185851198407,-6.756682762437778,1.115146132842251e-10,1.8562022935205497e-9,13.658604850030773
PCSK1N,2.1121184814601865,3.2253784019309397,6.751860209911275,1.146600799214015e-10,1.9023277259776035e-9,13.618455571107601
LINC00871,-1.9715231067118626,-1.9921458146295603,-6.750739079306495,1.1540373922812773e-10,1.911544903074546e-9,13.886977972088204
MEIOC,1.4885279605369588,-1.5781427306740574,6.746797264254298,1.1805625376109413e-10,1.9507116271873797e-9,13.876065769772495
CFAP161,-2.9892426957376843,0.5107367665770408,-6.743673398625351,1.2020087235818587e-10,1.9829241313374754e-9,13.843233370578682
LINC02198,-1.9188946705977914,-1.5835177372679263,-6.741395900312371,1.2178854676423157e-10,2.004235161486836e-9,13.843311036682588
SRGAP3-AS2,-4.070628992931077,-0.530906194555155,-6.740671410917969,1.222979092681751e-10,2.0109892459275004e-9,13.84224270206703
CFAP251,-1.577637811892774,4.091455390479098,-6.737926807383485,1.2424661787560895e-10,2.039732036917509e-9,13.561867840417111
TENM1,2.5595322897664707,-1.2053053602794672,6.729326740358621,1.30552708449898e-10,2.1380767498273384e-9,13.774458242454381
NEK10,-2.001832654487033,0.7060703404034582,-6.72371921743391,1.3483295144464225e-10,2.206396864058703e-9,13.723883060860107
PCK1,2.950753998451949,-0.19794539570193803,6.720497472884682,1.3735424084583133e-10,2.2440414718253024e-9,13.68206383609404
LBHD2,2.0203354231293518,-2.844031965569728,6.719560880961803,1.3809586386174078e-10,2.2525363861364524e-9,13.718351687584622
AC106820.4,1.621900183779999,0.13927182022575868,6.716397275502957,1.406301430146058e-10,2.2901979380038847e-9,13.676219345355598
BX322234.1,1.2360730204097812,-0.5275362880299144,6.7151594179128296,1.4163415961407124e-10,2.304701889508714e-9,13.684092191351299
AVPR2,2.0245392348783646,-0.7524951261070224,6.714632131991646,1.4206397512857582e-10,2.3098465844105398e-9,13.684000958833538
APOBEC4,-3.9010250283575236,-0.6711661612506964,-6.71241780942611,1.43883022051245e-10,2.335685734959667e-9,13.686116017607114
HHATL-AS1,-2.1268429092076153,-3.001818912808579,-6.709545993792753,1.4627634829330984e-10,2.3726420612236465e-9,13.64387783176187
UMODL1-AS1,-3.1372018571581894,-1.572057645460021,-6.708666945888557,1.470167284085241e-10,2.382749591845968e-9,13.661072000602344
AC002070.1,-1.2718374225877518,-0.5105055462865754,-6.706025240440016,1.4926396162971687e-10,2.411479138443852e-9,13.645566912546922
PLA2G4A,-2.163327166258993,4.0353487044719305,-6.7019434636764155,1.5280281346497016e-10,2.4666913271342764e-9,13.421489909496524
UBE2SP1,1.141257833791619,-0.8219953997833084,6.699887028161105,1.5461684575996817e-10,2.492016473612683e-9,13.611568079320053
XBP1,-1.0290102111605037,8.507352680922894,-6.697836228507631,1.5644699381807592e-10,2.519515612011549e-9,13.122968970889382
STMND1,-2.7189095924161766,0.3761427657187163,-6.697455174003187,1.5678938876015038e-10,2.5230305124000763e-9,13.59416911345025
APCDD1,-1.887405909779325,7.254916745162743,-6.696510515737408,1.5764138862038237e-10,2.5347338467726676e-9,13.1222408171501
CFH,-1.898610149503051,4.66490479669092,-6.693213000740415,1.6065129905402124e-10,2.5733614755436975e-9,13.254815518733556
MAST4-AS1,-1.365147385424565,-0.9237894183606188,-6.693185300545105,1.60676821121086e-10,2.5733614755436975e-9,13.580827901989796
C8B,-2.4381786254855466,-2.73545844151602,-6.686439669228035,1.6701222702524392e-10,2.6685192626266175e-9,13.528954484771893
MB,-2.5017600073321673,1.1887806938046,-6.683316333855262,1.7002820758589372e-10,2.7145744626674814e-9,13.486385791472033
SOX11,2.743360596627817,-1.6454773985811633,6.675967246528297,1.7733755259255912e-10,2.824614748347313e-9,13.483400499803526
NXF3,-2.5665436257342913,-0.2957075542272921,-6.67503458331541,1.782869884472227e-10,2.83751351072933e-9,13.47657249794824
TEX9,-1.160791654488571,2.2430455301855585,-6.674823858343333,1.785021942358771e-10,2.8387156460484872e-9,13.373902657753835
CFAP53,-1.856036295368385,2.2971113183208214,-6.67279592656765,1.8058634808166382e-10,2.8673726081341684e-9,13.363322376297571
LINC00092,-1.8052294295469202,-0.24649255937671152,-6.669469343666598,1.84057087356832e-10,2.9179221867708687e-9,13.445806999688264
ERBB2,1.1407108039077398,8.090642162732234,6.666706323386211,1.869896357912633e-10,2.9621023833372058e-9,12.94938804251522
LINC02418,-3.4775133433781247,0.648619370505343,-6.664046705611914,1.8985581075339641e-10,2.9981581179114444e-9,13.416615693565419
XKRX,-1.3330901921228386,0.1053783758101251,-6.66106836277722,1.9311675117139624e-10,3.0472863748505105e-9,13.388005208780582
DNAH11,-1.993757111440183,2.4673684969016167,-6.660426095808193,1.9382714400583966e-10,3.056123254286024e-9,13.29426910818366
ADD2,1.9762357260355985,2.1517589478718877,6.657522661216011,1.9707074076782245e-10,3.1017652679552976e-9,13.210880824019288
AC107294.2,1.0818987907616497,0.4550215437408749,6.65743172414786,1.97173189098092e-10,3.1017652679552976e-9,13.340953899393227
SLC6A14,-3.298199282968209,1.0758064589966487,-6.657425924412343,1.9717972476865994e-10,3.1017652679552976e-9,13.3664050339897
AL132990.1,-2.3650580832573898,-3.0735767570615953,-6.656593570582662,1.9811990903212103e-10,3.1141446490091476e-9,13.357510640808492
PLCB1,-1.1704061493749185,5.188443232022674,-6.655321858211911,1.9956488763844304e-10,3.1344333665871068e-9,12.973170750392631
RIIAD1,-2.873504203465493,-0.08812691279015833,-6.649526293949842,2.0628236747302004e-10,3.232446288759953e-9,13.333040813290715
PLEKHG4,1.6565608271672994,3.674020228280669,6.649137673670521,2.06740675941817e-10,3.237132124685276e-9,13.063411417008368
PDE6B,1.8255895785415495,1.5206241637577194,6.6435927254487925,2.1339003407962555e-10,3.3309823752951686e-9,13.192008961421962
LEF1,-1.913062357047468,5.483458999473345,-6.643408103009044,2.1361500763094341e-10,3.3319350844906324e-9,12.917820062412172
ROBO2,-2.3709452537569615,3.6458746518319867,-6.642923486450082,2.1420665198812547e-10,3.338601223164618e-9,13.123043367834121
TSKU,-1.0736322697238814,7.114559769070862,-6.642121363274012,2.1518946620136515e-10,3.351349203890073e-9,12.818008754078429
FGFR3,2.0939690172742647,3.8196148264841403,6.640111197757879,2.176719703475506e-10,3.3874158693289575e-9,12.99128291829508
CARD11,1.579542370945593,2.3809964081363866,6.6392491903776865,2.187451332354383e-10,3.401511926455278e-9,13.121610921557323
MCC,-1.4846018791919455,4.058453546367933,-6.6388460360703725,2.1924882686644677e-10,3.4067378877933213e-9,13.021359572128151
DTHD1,-3.156078866505265,0.4033260010901674,-6.636445503652724,2.2227170098708817e-10,3.44843515332945e-9,13.256908138012491
LINC01842,1.8950978564561403,-2.427863144357445,6.63608528855391,2.227288235811563e-10,3.4528913886067282e-9,13.266227292336318
HS3ST1,-1.6133313233916238,4.369746093863877,-6.634757292493895,2.2442208406125707e-10,3.476489661936729e-9,12.980826580699707
AC010273.3,-1.7445741850384575,-1.5781487681453972,-6.630961102701988,2.2933251112250155e-10,3.5471491294168353e-9,13.238677213700008
CLCA4,-2.728581299268822,-1.5347559841700673,-6.628719001232979,2.3228215266552646e-10,3.590039901729399e-9,13.22439656572486
C17orf97,-1.0928194864370542,3.4871433371468172,-6.626799895179088,2.348364682811888e-10,3.6240063639687788e-9,12.998752270927554
PAX9,-3.0628746273050034,1.1773660918131756,-6.625744179006679,2.362533699362123e-10,3.6431058350406514e-9,13.189678817023777
TLR4,-1.6162804342259207,3.150404516181169,-6.624920851395234,2.3736420666714816e-10,3.6574603004572547e-9,13.046825377414873
KCNRG,-1.985423097034157,0.10685060240944055,-6.624693105107361,2.376723882713779e-10,3.659434560020821e-9,13.195773308086897
DCDC1,-1.6319686653503396,0.7438940133164704,-6.623906784710894,2.3873944717325106e-10,3.673081396176498e-9,13.165254916575059
AP002008.4,-2.3456294141845486,-3.3464436525223253,-6.621103901946153,2.425814870089475e-10,3.726550371859296e-9,13.164879101726035
RIBC1,-1.6646431736848664,3.2015423242500467,-6.619215578845527,2.4520409621814777e-10,3.763993996629634e-9,13.010630299780827
SHISA8,-2.490523537658402,-0.699627564756841,-6.6177553991067315,2.4725116514385117e-10,3.792552966327269e-9,13.16809666111848
ADH6,-2.513923205459677,0.2604196287356746,-6.61720622064662,2.4802541369328626e-10,3.8015599607106715e-9,13.153463792051834
DTNA,1.8293553437043562,1.1463372768213749,6.614391759923258,2.5203088170004475e-10,3.857135270837131e-9,13.058342098310955
CCDC60,-3.499526367188435,-0.2981714244000944,-6.613251352515721,2.5367192035113293e-10,3.876412112192801e-9,13.141174961205277
PIP5K1B,-1.3225704475770241,2.32029969405545,-6.611900404679563,2.556295189867108e-10,3.903391693377844e-9,13.028775427174557
UPK3B,2.279437200159129,1.3964775289496463,6.611741865286112,2.55860222655199e-10,3.903981355288487e-9,13.02271881013445
DNAH10,-1.926903287982405,1.4755532996325476,-6.606558603411326,2.6351657118586387e-10,4.008765563459204e-9,13.043499578362107
IL5RA,-3.3412967221283427,0.03688442053310592,-6.603607643545162,2.6797565228951703e-10,4.067466136767845e-9,13.0843097846715
CREB3L4,-1.16663343567304,6.0987878098674395,-6.5991664682055164,2.74826673586557e-10,4.165232896326014e-9,12.614059727612101
TCF7,-1.3000651476498302,5.202991602494588,-6.597089972139836,2.7808868375988323e-10,4.201111230591086e-9,12.648585364773359
PGR-AS1,-1.65076777379905,-1.6161835714742057,-6.593303638610154,2.8413495196075457e-10,4.28394567036378e-9,13.032183696057727
FBN3,2.7401251868001726,1.7308730428921755,6.591668101133715,2.867864711827084e-10,4.3143214214044155e-9,12.880274010830032
SRARP,-3.8338483488436674,-0.5266638977445807,-6.590037426977047,2.89454310984592e-10,4.351234775481396e-9,13.015828534945161
LPAR6,-1.2232638782687353,3.725647781162035,-6.589626952931391,2.9012969408364435e-10,4.358164007801912e-9,12.767289098171837
CFAP43,-2.1468168486798063,3.0692776450008963,-6.58942746787748,2.904584804708776e-10,4.359880470524458e-9,12.84787275775283
BARX2,2.4114347348794922,-0.22159299983197853,6.588547418022425,2.919133334120011e-10,4.378484566985616e-9,12.981497522122002
FAM198B-AS1,-1.9043141526277352,0.06280627889133861,-6.586267292372447,2.9571611555240207e-10,4.432252457586297e-9,12.985015310090766
CCN6,2.558209107270778,-2.0829077632668085,6.581000313627814,3.0468745062310954e-10,4.556635575028755e-9,12.96877865394488
CRYAB,1.8778407556554368,4.2058812371170085,6.578703487827577,3.086829234503878e-10,4.606220070635596e-9,12.607760691370599
LRP8,1.0634561881169882,3.420096712713634,6.575011375091452,3.152137409213683e-10,4.690450005519879e-9,12.659192411822168
MAG,2.4151855376876687,-1.563881214874997,6.568641920751904,3.268010111669768e-10,4.855459817839603e-9,12.889297041855976
SRD5A3,-1.248881767280933,5.564985925031551,-6.5686322146152,3.26818983999438e-10,4.855459817839603e-9,12.475540987944209
CCDC40,-1.3338693226177032,4.764478087516016,-6.566454609431733,3.3087590111351263e-10,4.908556068781775e-9,12.530117356271731
RRM2,1.0096684789710135,5.485226325580476,6.5646841030543435,3.342108236208343e-10,4.9471964889073824e-9,12.437413538050887
DIAPH3,1.1055510466340026,3.1300257680384562,6.563556022384808,3.363528771653626e-10,4.975280840981682e-9,12.658191337326969
CALCB,2.675188491671583,-1.9923573459556663,6.5622249763061555,3.388976848264517e-10,5.009277488300221e-9,12.867046105438178
TPPP3,-2.6620092196627994,5.841700706493959,-6.553471896713425,3.5611021743841745e-10,5.2560523305870704e-09,12.422452637186268
TMEM220-AS1,-1.2400062595832702,-0.9320151096353355,-6.5515052889078635,3.6009407025057635e-10,5.295623649618462e-9,12.80751699701307
AC010894.1,1.0177827288319214,-0.9663768078228504,6.546168228704002,3.711275994692408e-10,5.434292025657673e-9,12.76763768384931
SFN,-1.5879402357019732,7.3917293766622,-6.54477989189364,3.740517866570245e-10,5.466063644654125e-9,12.2781624045845
AL390195.2,-1.4087002681474323,-0.20572668968701024,-6.54475508675212,3.74104237832803e-10,5.466063644654125e-9,12.760919332721713
ARHGAP4,1.0257329590244844,4.900738111754193,6.540000991028021,3.842914699413811e-10,5.602826280551384e-9,12.319040443638276
CFAP20DC,1.8947211316025618,-0.47602970699716984,6.539742251610354,3.8485365778918656e-10,5.607000531116436e-9,12.711676706912229
ENKUR,-2.8436480362138905,1.9318260869593842,-6.539141025905035,3.8616312031843303e-10,5.622048178618792e-9,12.657827071945826
DNAH3,-2.1828510525350784,2.142132541022359,-6.538146493180033,3.883388162529003e-10,5.6456352657538956e-9,12.63615144399616
LINC01765,-2.981444113799042,-2.0202192224922273,-6.535996816432484,3.9308280078166295e-10,5.706439173633227e-9,12.719731981842237
DAB2,-1.0146478301590536,4.481240162649584,-6.532207357875931,4.0158454339183925e-10,5.820799423263436e-9,12.34077390225574
TMEM231,-1.2757283755162647,4.660751507693731,-6.530415704597534,4.056668032631536e-10,5.8723448073506655e-9,12.339027466729496
SLC2A4,1.4309063088660663,-0.06333013558019047,6.527792245898083,4.1171797027584085e-10,5.955698240488391e-9,12.646226716213892
FAM166B,-2.9778590672914373,2.277451442929034,-6.525518942969282,4.170331261894172e-10,6.025936467262121e-9,12.566072360273681
OVOL1,1.4666572207275683,2.5018143135687505,6.519907019777886,4.3044451604036844e-10,6.20450662695351e-9,12.461858703118319
COL9A2,1.3786423301229256,6.023987341168768,6.519123154641413,4.3235120709403564e-10,6.22757330473365e-9,12.14459945113993
SRD5A2,-2.857585882061649,0.46263578057438776,-6.515536918851072,4.411807850348152e-10,6.345759571866656e-9,12.588412462958749
EXO1,1.0276725730991783,3.0119045644341105,6.512869129557667,4.47863738476769e-10,6.437328586139924e-9,12.395563081607607
CCDC96,-1.6293329730308772,2.704508982877781,-6.50991510605195,4.553797675501381e-10,6.540733848543467e-9,12.444059919952966
OR51E2,-1.7151451904838342,-1.1783129730293127,-6.508232600576426,4.5971586265453803e-10,6.598351124711039e-9,12.575759477167125
AC069404.1,-2.7569950869945155,-2.479250687517913,-6.507626785781371,4.612870568659953e-10,6.616230164957297e-9,12.562429142176772
RCAN3AS,-1.6103179765123097,-1.4706114864147335,-6.507462449492671,4.6171417539601415e-10,6.6176861077211505e-9,12.571659440638365
PELI2,1.3822358823219623,2.8207452162860767,6.506449607760993,4.6435519153452355e-10,6.64457318038127e-9,12.343545840917457
KLK6,2.6283374770436505,1.551218703222331,6.506403402365155,4.6447602677866027e-10,6.64457318038127e-9,12.410443714288945
LRRC37A5P,-1.6728668182436965,-1.4991443641092157,-6.506367141761174,4.6457087627050703e-10,6.64457318038127e-9,12.565718553710715
AP002026.1,-1.1581405296461944,1.6688335809459083,-6.50448655527677,4.69516229623365e-10,6.705866374466108e-9,12.47964901562819
PALLD,-1.0373346564063954,7.14293049181309,-6.50392672643635,4.709983658490169e-10,6.71759353509854e-9,12.050459191058877
HNF4G,-2.1373313544382038,1.422042800300874,-6.5032437543169825,4.728127455996174e-10,6.734019790866591e-9,12.494929141150124
SMAD9,-1.6140913521409512,3.5099398877413974,-6.498471052443083,4.85684901345248e-10,6.907669653562506e-9,12.32123627125141
NEIL3,1.1111561724366004,1.282716988368741,6.4941416671018715,4.976587578746042e-10,7.063140080337608e-9,12.422785609056309
EFCAB6,-1.4809526704985312,1.76989836462379,-6.492759326660973,5.015426341898053e-10,7.108335074807254e-9,12.398626329445726
KLK4,-3.0490548448133534,-0.16111462815214048,-6.489515067643508,5.10775127799298e-10,7.234141949402739e-9,12.459714259615927
METRNL,1.2383801590638681,5.197082966756092,6.488851723366134,5.126833201720624e-10,7.251061794834374e-9,12.013059229983224
CC2D2A,-1.0838455197425771,4.231715961839937,-6.483214900995017,5.291834040893295e-10,7.47922357768535e-9,12.112063920942585
GULP1,-1.5739911051981599,3.3785723028447,-6.481324424724493,5.348331257569658e-10,7.548575311030954e-9,12.252905179681129
CACNA1B,2.2669191966430935,-1.1320638231916822,6.480660755295092,5.368305279036271e-10,7.571508431029367e-9,12.416552157131743
LINC01480,-3.756674221485228,2.0009474995576375,-6.477632556616265,5.46037661883295e-10,7.685366648279837e-9,12.323236240065174
RNF165,1.5329956042630444,0.3821958132240968,6.472845221281856,5.60910676255231e-10,7.879604620378297e-9,12.328941718144119
PARM1,-1.663296229591762,4.284847729678896,-6.472816474678374,5.610011752453945e-10,7.879604620378297e-9,12.060996732434228
TMEM121,1.551012183453102,1.4182102215035497,6.4696383065551,5.71095494946385e-10,8.004789544338158e-9,12.275958913817067
AC007405.3,-1.1797433802044008,2.5747655260617224,-6.467886327584578,5.76736073539051e-10,8.07812510875922e-9,12.209887219744465
SBK2,2.0967800582602867,-3.002509051740416,6.467766919572591,5.771224984214913e-10,8.07812510875922e-9,12.35557995330176
DNAAF6,-3.022993563778078,-1.5743208723058482,-6.46651961446531,5.811742221337618e-10,8.126120515467885e-9,12.351031034624718
DLX5,-2.160913465662106,6.61262895761216,-6.466356813446624,5.817051186425164e-10,8.126120515467885e-9,11.883844102363861
COL11A2,1.5536325661144947,1.2589793129638567,6.466342780408378,5.817509028737342e-10,8.126120515467885e-9,12.244466836562179
ECM1,-1.5513492650641396,5.392910853551792,-6.463799102180558,5.901086355174205e-10,8.237203233692343e-9,11.90733339529682
PLCB4,-1.1335278590121565,4.946977643942833,-6.463128968137042,5.923300384402259e-10,8.258527904294895e-9,11.939694444379182
PHOSPHO1,1.650186665981697,-0.8856303798614638,6.463093147385748,5.924490102569355e-10,8.258527904294895e-9,12.316782752492921
GPC4,-1.3304801930029901,5.814259795506547,-6.462760187043464,5.935559980838583e-10,8.268287940408728e-9,11.883487279207785
CALHM3,2.1902963179034374,-2.613273343440169,6.461649072866849,5.972648194850578e-10,8.314253555626242e-9,12.325913328200485
GREM2,-4.047674654706331,1.3956955277385923,-6.4613970184570535,5.981093208441388e-10,8.320310634384858e-9,12.288354285311039
ZNF724,1.0031800373072892,0.25084517593804073,6.459887786121606,6.031905467633135e-10,8.373801005749716e-9,12.276166460835524
AC093797.1,-1.5597201103955531,-2.226227677633657,-6.459460049345763,6.046383274577792e-10,8.382448408766648e-9,12.308643485414857
TJP3,-1.0567887148035222,6.717194689994409,-6.454730412418113,6.208761732849553e-10,8.591358927757434e-9,11.790099894116082
AP003306.1,-2.313875010562123,-2.156566734320437,-6.454701853805348,6.20975509982074e-10,8.591358927757434e-9,12.281586138157088
IGF2BP3,2.1264213628215214,1.048943159688803,6.454548519665958,6.215091258498835e-10,8.592892159029274e-9,12.189498947373963
VWA3B,-2.441253886222973,1.886914388726531,-6.451886603455599,6.308449002058233e-10,8.716037900600375e-9,12.18923856431893
NME9,-1.761678348140454,1.1621193068339977,-6.451044340143423,6.338274301568122e-10,8.745355526481366e-9,12.201385685518687
ID3,-1.1458390809836283,6.346000562673994,-6.450896660093905,6.343518031919734e-10,8.74665267847603e-9,11.779028104108626
LINC02086,2.7357042835328693,-0.7996514248742862,6.449886897967213,6.379486339442886e-10,8.7843279378616e-9,12.241376970395203
ASS1,1.845575449867206,6.4961703743412285,6.447285069709121,6.473090240745227e-10,8.9027274822439e-9,11.741517399027531
CDYL2,-1.0794694873621906,3.5756838178423695,-6.447253533243203,6.474233034223816e-10,8.9027274822439e-9,12.009044646513345
GRASLND,1.6906678819853256,-1.1978647464540084e-4,6.4461250160872146,6.515257979428463e-10,8.95308337889818e-9,12.201278327609838
AL137077.2,1.1008466470924825,-0.3045033063375475,6.445394215598581,6.541960794220221e-10,8.98370345822512e-9,12.211740699548946
FMN1,-1.2532101108653446,3.410512210182186,-6.442437578021208,6.651094862747502e-10,9.121245073581663e-9,11.98994012287573
SHH,-2.6295782780382524,2.066043110279854,-6.440132036914104,6.737434516598099e-10,9.233420034749815e-9,12.131283422713826
TOX2,1.3757570394336132,2.013825138066673,6.43653267564152,6.874430715436501e-10,9.395828934894742e-9,12.054562291317518
SLC30A2,2.4554189210210766,1.0703773882351575,6.4358622306742594,6.900249145966548e-10,9.418446181505986e-9,12.093359131198577
CEP55,1.0323110956671364,4.577504235503125,6.433325613624831,6.998797047328318e-10,9.54014427833003e-9,11.773287896672151
LGALS7B,2.097657056917632,-0.8104037201198653,6.432112677006329,7.046406837177e-10,9.598604058899822e-9,12.147352420558889
HHAT,-1.0297292713078687,3.0741618661888714,-6.431879605646914,7.055591628027732e-10,9.604678114402922e-9,11.973268862502419
AC005077.4,-2.6584037657462796,1.5268699344098469,-6.431399715214187,7.074540004872456e-10,9.624026175303066e-9,12.11850519570663
AC004832.1,-2.8817677948119806,-1.8361782410054355,-6.428582385722791,7.186793469734964e-10,9.763662465166672e-9,12.14774555413404
ENO4,-1.8371998094720716,0.15920339347465304,-6.427994859943899,7.210422209355588e-10,9.782684978834645e-9,12.116898299157473
DNAAF4,-1.2854931371059373,0.6505989715642249,-6.425677404468768,7.304370152742224e-10,9.89693459895553e-9,12.087281810819054
MUCL1,-4.03611170024693,-1.101018631432534,-6.4243982333041245,7.356740450709352e-10,9.954620034634944e-9,12.126978074613536
TMEM232,-2.1111435723396808,0.6989375641332088,-6.423155985058093,7.407951830434354e-10,1.0003934418720785e-8,12.075052266361862
CTSH,-1.1859085392401463,7.630262907523889,-6.42038477326677,7.523458815098195e-10,1.0146435100070054e-8,11.587268655336727
DMRT3,2.909874202183118,-1.6951685941182697,6.420015061006792,7.53900186491725e-10,1.0160654768075477e-8,12.099341323016338
BSN,1.2437911288752022,1.2881106809872875,6.416136851760833,7.703956987409306e-10,1.0362357499146706e-8,11.982151097809094
MPPED2,-1.6887588287246156,4.2368996259810094,-6.415684138056712,7.723442063801856e-10,1.0381695536025721e-8,11.778978772023352
ANKRD2,1.9717793103747057,-1.8901920842699182,6.414530512762517,7.77331378224081e-10,1.0441826127578467e-8,12.070042038904528
PDE6G,1.7232706939591909,-0.34654245895173774,6.411199243398185,7.919107130997815e-10,1.0616618293561978e-8,12.020878914712101
B3GNT3,2.321902489940875,3.7996336191338917,6.4098525175097505,7.978805665609763e-10,1.0685488959702869e-8,11.736053916434098
DHDH,1.5285809767296934,-0.17109898273617843,6.409685240814292,7.986251589150097e-10,1.0685488959702869e-8,12.019346675537601
ADAMTSL4,1.0122721890066892,2.008154206454242,6.409509305410166,7.99409029404177e-10,1.0688940206322694e-8,11.903480842241912
ALOX15B,1.642544322232372,-0.3423437262425089,6.4056536786334695,8.167784462135662e-10,1.0899675076063376e-8,11.993593216743598
TSPEAR,2.09435204207824,-2.4326335426385124,6.399298546557052,8.462198546090496e-10,1.1270361943036909e-8,11.993533244000584
ANKRD66,-3.503860851466769,-0.6392221674523434,-6.396129446811537,8.612880878491302e-10,1.1450225271132256e-8,11.973760862463623
KIAA0825,-1.0975275606149524,0.4676484032200188,-6.396103028090628,8.614148021827012e-10,1.1450225271132256e-8,11.935782623782256
AC006116.2,-2.001312293903767,-2.101660334203378,-6.390008245820871,8.911420968313404e-10,1.1822174919060156e-8,11.94392972547081
CCDC188,-2.1433781993196614,0.2658450583779772,-6.388201396796854,9.001468909976238e-10,1.1926066109932012e-8,11.905084183727144
SLC1A2,-1.7649632840593774,1.2862348638811536,-6.384467320867538,9.190403187459659e-10,1.2165530418965897e-8,11.849758191366185
UBE2SP2,1.3530570348471123,-2.0064081872773523,6.382990437687026,9.26619887686837e-10,1.2245770509289528e-8,11.90666523258885
KLF3-AS1,-1.2987872791778277,1.877134287280062,-6.3758640071125186,9.640645906187361e-10,1.272314853229558e-8,11.758753816599683
STX19,-1.7512999728262022,1.6770027406810624,-6.36950882672407,9.98706812123919e-10,1.3154709818280317e-8,11.75620879751031
AHNAK2,1.7686233973847982,4.369357954654185,6.3690560952481,1.001220751763139e-9,1.3179281450022046e-8,11.453870852172912
APOA1,2.538674917535233,-0.3517830265907305,6.3658857243055635,1.0190001185341756e-9,1.3402617526101927e-8,11.774276571363702
CDK5R1,-1.0024015711322856,2.1701412588613254,-6.360631572778434,1.049149794193407e-9,1.3783400398957208e-8,11.663471841608818
COL8A2,1.4638804150596725,2.6934704054238776,6.359636559970793,1.0549572151503266e-9,1.3841801446555995e-8,11.5594040133505
RASL10B,1.3957361387271567,1.6398087166619975,6.35909823745907,1.0581122875469478e-9,1.3874241375551074e-8,11.654319853366573
FAM13C,-1.635840098232876,0.5860932743417577,-6.358809881908811,1.0598061265401304e-9,1.3887491757447846e-8,11.744411974554474
LINC02345,-2.376269141644298,-1.056668805494417,-6.358402327046204,1.0622046969101652e-9,1.3909953775774613e-8,11.774712843100584
KLHL35,1.3425166083057574,1.9735744069863261,6.3542537799011205,1.0869251062357573e-9,1.4206215986582336e-8,11.61620595645433
COMP,2.8786008420086606,2.065953160163642,6.3536143280373905,1.0907853572569085e-9,1.4238687318710412e-8,11.55879726375449
STOML3,-3.590812277540284,-0.05119153044836066,-6.353610141506869,1.0908106748293699e-9,1.4238687318710412e-8,11.7376474603813
SPRY3,-1.0332802534562928,3.30610764291094,-6.352539101512407,1.0973066474643618e-9,1.4314287742660904e-8,11.52259320630454
WIF1,-4.882007881271122,1.827152173556313,-6.349627738013627,1.1151568140261504e-9,1.4528491723248385e-8,11.67927074298251
CFAP157,-1.8140734764193525,3.1672037424679176,-6.346918345838291,1.132024435809728e-9,1.4729362761457689e-8,11.52232843190981
HS3ST3B1,-1.7590534974652021,1.8624093790501715,-6.345665339271876,1.1399095808268254e-9,1.482247109451337e-8,11.61351122199742
FUOM,1.0522460711110107,3.1413716434600336,6.339691768533391,1.1782481672908436e-9,1.5301415815986648e-8,11.41696780122324
KIZ,-1.4587673892875053,5.356984069879441,-6.338251106069366,1.1876820945267217e-9,1.5404244345348497e-8,11.224915002684348
CACNG8,1.7534216604140511,-1.9286639694727399,6.33759157259174,1.1920256261726744e-9,1.5450719914753467e-8,11.66195610173115
S100A14,1.9570199470169745,4.148996706397672,6.337312675291269,1.1938670631037914e-9,1.546472542416919e-8,11.304186442627199
BMP7,2.3307892743444114,3.828569483021053,6.33706980304141,1.1954729156338779e-9,1.5474241335570387e-8,11.292615016207748
ATP6V1B1,2.0049582276494458,-1.414418910156314,6.336971356351935,1.1961244409654142e-9,1.5474241335570387e-8,11.653488234665074
EYA2,-2.256189641814877,7.391723777427134,-6.3368099045274935,1.197193691799016e-9,1.5478221750714504e-8,11.149650706774743
CFAP94,-1.69839106951879,2.1218218666645488,-6.3354543877881255,1.2062079712735014e-9,1.5574949687523917e-8,11.536045788559479
AL161618.1,-2.3303563293910896,-3.083402389485548,-6.332182627898378,1.228240631443664e-9,1.5829272411833245e-8,11.629596994701076
LINC02308,1.928870358485914,-2.6513132773007895,6.328647589097228,1.2524900926022559e-9,1.611114471015712e-8,11.619783877537493
DHRS2,2.439593468661577,-0.9243014764425421,6.325425572095294,1.275001075509557e-9,1.6390336406487185e-8,11.591602821465171
GPRC5B,1.1741057184608144,4.997710114485575,6.321783974290585,1.300921516478602e-9,1.669187430613075e-8,11.114567551534865
DGCR5,1.7917338757687404,-1.0162474048670593,6.319787062424284,1.3153540243713118e-9,1.6846808472142395e-8,11.55977111785155
RAC3,1.1546913184195922,4.006696315424119,6.319769256254342,1.3154834208467813e-9,1.6846808472142395e-8,11.223267689879016
BAMBI,-1.9045006378445257,4.796132468699371,-6.3112769741570744,1.3786411254402328e-9,1.762232844870899e-8,11.14756689287981
PLPPR3,-3.3646293285961635,0.5710594767000917,-6.31001397810995,1.3882847186704807e-9,1.7734442880112413e-8,11.492720757054744
ATP8B4,-1.0183206474009965,0.4047965919064718,-6.309395021177648,1.3930348874216468e-9,1.7783945384395448e-8,11.47774277294876
C11orf16,-2.703825571440101,0.5014175223315372,-6.309164218032564,1.3948102580213383e-9,1.7795432318911286e-8,11.482582867936175
FAM131C,1.6211847212674604,-0.6438458669492576,6.308568087986748,1.3994060509951684e-9,1.783167936076853e-8,11.483422113387636
MPP3,1.2740492456613475,0.8066248999871559,6.306946949853503,1.4119792742767574e-9,1.7969359280150793e-8,11.422451662781132
RN7SL250P,-1.8620899745583896,-2.4643815844224255,-6.306121141216176,1.4184266141654367e-9,1.8040114209197955e-8,11.497894272701455
AKR1B1,1.22884475753255,5.87862507473987,6.3011317063687295,1.457999461363481e-9,1.8497116762017098e-8,10.960056205453132
RTN4R,1.1794083402128623,3.8000674466811777,6.299749295353402,1.4691540826554332e-9,1.861539125678867e-8,11.149498683444715
MT1H,1.966774422417389,-0.26209970714590536,6.292838913904326,1.526180897385288e-9,1.931388577737148e-8,11.391975361406018
PCDH18,-1.331810238632996,3.7871924358495863,-6.292266967505362,1.5309969165406284e-9,1.9350734659062023e-8,11.151641539840384
ELOVL7,1.4014141978985375,2.0971270151004857,6.287722153661326,1.5697995985595247e-9,1.9779669585321623e-8,11.228297859351438
CORO6,1.7624445835540086,0.07320083295301483,6.287315428089806,1.5733187935512047e-9,1.9799462018659248e-8,11.348958840879947
ELF5,-2.9267591276880056,0.9041243850850261,-6.2864350068910735,1.5809631664312562e-9,1.9871054665769234e-8,11.3609527820146
SMIM33,-1.9277107161379696,-2.3387646591543088,-6.282394616811858,1.6165141343406595e-9,2.0293374201721868e-8,11.375322710371385
SCX,1.6896595084045951,2.6997498052327673,6.282389419760366,1.6165603637368484e-9,2.0293374201721868e-8,11.13632998075235
TTC25,-1.876343867590636,2.7517899934867076,-6.279633795374444,1.6412560013251394e-9,2.0577968520007483e-8,11.196900003737326
HFM1,1.7832358980771872,-2.5614586776460593,6.278890481881792,1.6479806237718967e-9,2.0649542661861916e-8,11.358592577572814
ORAOV1P1,-1.9817511450384262,-1.0943397149486034,-6.277717628440308,1.6586462083980226e-9,2.0770379260308943e-8,11.35117699863487
AP003306.2,-2.196608946243331,-1.5076194104050307,-6.276304081760273,1.6715905727274327e-9,2.0919585468049474e-8,11.344645918202447
RPL39L,1.4058273458257173,3.2998087137005783,6.2759182127688184,1.67514129588156e-9,2.0951121044613433e-8,11.048921712701924
BEND6,1.5174600609066153,-0.6537017835204801,6.270353522625791,1.727176948892853e-9,2.1522467387675256e-8,11.282663537677939
TMPRSS2,-1.3604590072690987,5.12955195235406,-6.269735152527429,1.7330563043166607e-9,2.1582497750570963e-8,10.878463645920355
ANKK1,-1.8000896893656972,-0.014341612438161736,-6.266605545118935,1.7631144037855247e-9,2.1943378531865896e-8,11.265961646518292
CDC20B,-3.8339685435909323,1.664127027545826,-6.265406499157675,1.774765507525057e-9,2.2047881525023994e-8,11.216153010624387
TANC2,1.0934299663859997,3.919891116314811,6.2636013912637445,1.7924482254977247e-9,2.2253950968244202e-8,10.88692507572763
SDR42E2,-1.6644616309641327,-1.6721498897814033,-6.263166841692992,1.7967307783640012e-9,2.2266314841140218e-8,11.275626852468564
AC025171.2,-1.2322531247056587,1.6193935573062368,-6.2608376997724475,1.8198564066923972e-9,2.252543337979067e-8,11.172506507470507
PIH1D2,-1.1297760247370634,1.6482513993026182,-6.258803507248327,1.8402921222945194e-9,2.273683713891417e-8,11.152752830506362
KCNE4,-1.4798759356008646,1.5898302480441069,-6.257039376439352,1.8581968358040674e-9,2.2933999828644337e-8,11.160415623766266
GLYCTK-AS1,-2.06780986364221,-1.0798276939831024,-6.2569193988487255,1.8594207102030634e-9,2.2933999828644337e-8,11.239067521419603
SYN1,1.2837562099728426,0.07380975613924011,6.252868358079411,1.9012119271498508e-9,2.341832194387489e-8,11.170209990258098
GRIN1,-2.1773720179632585,0.958226113654051,-6.2520102927798415,1.910181357585346e-9,2.3500318348404706e-8,11.17989343257436
ATF7-NPFF,-1.24357485385359,-0.6134195600165825,-6.250533456314873,1.92571611332971e-9,2.3677104832010303e-8,11.195968305217043
SLITRK6,-3.0490948774442,0.8855270747756645,-6.24880428300959,1.9440626639433646e-9,2.387379430935646e-8,11.165018690968731
LINC02870,2.0904392469155613,-1.4640991717119698,6.246704648562341,1.9665703105264476e-9,2.4135612917354784e-8,11.180255344701417
AL596244.1,-1.1269956151430114,2.034444214087969,-6.246281083073138,1.971141717275121e-9,2.4177117840615306e-8,11.067157327309532
LAMP5,-3.126563108086093,3.6291748002277067,-6.244690509821677,1.9884014775783955e-9,2.434474194596585e-8,10.957017783482053
CYP2T1P,1.1916866056021287,1.0590192129884155,6.242009148254759,2.01783372884444e-9,2.466052477753121e-8,11.073734184264007
LINC00667,1.2420244261087472,2.472514942056182,6.239030167272555,2.0510338364869183e-9,2.5051208949976038e-8,10.918459907410973
AASS,-1.3931865749151047,2.8609307775301556,-6.238674841616524,2.0550294395083636e-9,2.5084935933073864e-8,10.970796050337507
TMEM212,-2.7186126676086784,-2.674107483607106,-6.236701076168979,2.077363566602018e-9,2.5342339212256552e-8,11.135373847139935
TEKT4,-2.999268608432037,0.7355958610306965,-6.23624480773173,2.082560235541731e-9,2.5390494437402606e-8,11.091409652488416
CYP39A1,-1.252496276651693,2.3763280894301757,-6.2349646497810864,2.0972087333168002e-9,2.555375917022221e-8,10.973228265011159
B3GAT1-DT,-3.44869347104124,1.3969555354851326,-6.2336868098593765,2.111931434923395e-9,2.571773186541826e-8,11.063297742347341
CALML3,-3.187799193285599,-2.930918031045246,-6.233481877323101,2.1143019855722287e-9,2.5731181769323338e-8,11.11829377109068
ARHGAP40,2.019308522340438,1.0478707099175182,6.232306393590875,2.1279498369999768e-09,2.5881778867257644e-8,10.991479877094324
AP000251.1,1.8784585175293138,-0.8751228553957326,6.230516214507497,2.1489006388117876e-9,2.6120966855987305e-8,11.068189508831505
GASK1B,-1.558938879307083,4.776028263758129,-6.230237630114789,2.1521790960593873e-9,2.614518108087925e-8,10.72293653476638
NWD1,-2.041620766911127,2.7161326921213598,-6.229326455161035,2.1629363364197677e-9,2.6260166129865806e-8,10.95475898949926
FAM149A,-1.8366923596020093,4.16797714038795,-6.2265474193695685,2.1960719444653755e-9,2.6630648090282988e-8,10.798648997112743
WDR86-AS1,-2.148533823981815,1.7667924758636682,-6.226162713989843,2.2006979853429864e-9,2.6670832351884827e-8,10.974004517765533
FMO6P,-2.9575811911299414,-1.2785227320079329,-6.225878158306064,2.2041258820252684e-9,2.6696456749869817e-8,11.081255982579178
ACHE,1.493798732413003,0.19235609745951401,6.225462520371901,2.209142268123381e-9,2.6741279009731744e-8,11.023681363418813
AC104825.1,-1.0634549290171882,3.381678332779602,-6.225299713155757,2.2111102579241284e-9,2.67491695726488e-8,10.825545066872909
AC099329.2,2.018202605607189,-0.28410297631085457,6.221288525320293,2.2601433776838655e-9,2.732608804761861e-8,11.012070587543402
P2RY14,-1.6160198142144129,0.12130936990905251,-6.215461655050232,2.333275692121554e-9,2.8176764804918875e-8,10.996339123759583
IL12RB2,1.411592846391351,-0.16323841586139182,6.211977851716981,2.37810326264843e-9,2.8701051490538415e-8,10.964914375247334
PRELID2,1.3038653390570694,0.7929911670248743,6.210470718529677,2.3977567883197763e-9,2.8879618583476775e-8,10.923952318619296
MELTF,1.265267142773919,3.7763658955150774,6.210407643661364,2.398582767610155e-9,2.8879618583476775e-8,10.648928013078763
AC093458.2,-1.8574171022316022,-1.5205801351267667,-6.208488611886133,2.423846673090069e-9,2.916652444279607e-8,10.990541880903027
SNAP25,1.7572663867186518,-0.4038191436646099,6.208210039637845,2.42753566872679e-9,2.9193630136806675e-8,10.947077607241608
SIGLEC1,1.396537784775802,2.7283576110603582,6.204910232677728,2.4716542955293013e-9,2.968906731816638e-8,10.743561870089525
STON1,1.1764960037923116,2.198737179424195,6.203341775488249,2.4928993013745563e-9,2.990890519547608e-8,10.772613756874906
CD44,-1.1687654081384204,7.355744240157932,-6.1974179786488675,2.574764777886358e-9,3.0836487534332555e-8,10.389710382007973
CRABP1,2.99356300576899,0.33561522194994864,6.196849303482655,2.582760970789494e-9,3.0914036496069305e-8,10.85163048032987
PZP,-2.9263003972022634,0.1619321048418965,-6.196643519030715,2.5856605178318225e-9,3.09305264063649e-8,10.900737748637855
GPBAR1,1.127126280156816,-0.1268720616364963,6.194495566903242,2.6161167182091673e-9,3.1276444812284186e-8,10.871548301099514
ANLN,1.0075124320001274,4.410984086847961,6.192929935329808,2.6385373571834745e-9,3.1507422589539915e-8,10.498468204614365
NBPF15,-1.4954964052314899,2.8112142963140685,-6.1910865425235455,2.6651771602026053e-9,3.180684709568864e-8,10.738823033359303
GSTA3,-3.123847458648057,-1.9010854699951307,-6.19080189566832,2.669314163014814e-9,3.183752408985509e-8,10.899785401691792
COL28A1,-1.7888601197548644,1.9217866199476494,-6.190388843624176,2.6753285771985324e-9,3.189054428327447e-8,10.786171045577765
CATSPERD,-2.88649205185675,-1.086045060148136,-6.189548402081863,2.6876072059383295e-9,3.2018129456911264e-8,10.890267957153615
WTIP,1.0162788162096534,4.154043296913673,6.18729468119387,2.7208067545551464e-9,3.2356744575528845e-8,10.475785671740258
COL9A1,2.6969710300927288,0.6029397082885583,6.185916561121954,2.741305513613395e-9,3.2543395595022566e-8,10.749964893731013
GSTM4,1.0371104210408726,4.361198153584514,6.184936971183148,2.7559683153356496e-9,3.269836546461281e-8,10.443992442766419
LRRC36,-1.694959683906851,0.6252582659955651,-6.183188585579898,2.7823299420653116e-9,3.2972637750749495e-8,10.807426888984008
CMPK2,1.2517951952920563,2.512626191301836,6.1818156364045045,2.803203926771125e-9,3.320065070378575e-8,10.634037965341752
TMC1,-1.819997174142682,-0.19349630742715831,-6.174634426353602,2.914911180762035e-9,3.438343287162368e-8,10.795557149992138
AC010255.2,-2.3988981284951967,-2.7429295130562292,-6.172209663576961,2.9536057684975497e-9,3.4799468776199536e-8,10.800301670672866
CFAP57,-2.030984180832064,2.3940489902231272,-6.172085570042456,2.9555995463996934e-9,3.480278399827774e-8,10.647086215813532
AC027250.1,-2.0431967497229824,-2.2403961242018946,-6.166060970871202,3.053997854326998e-9,3.5940620956191025e-8,10.77128858947739
TMEM144,-1.0009233860578277,3.559490927227133,-6.160703933473706,3.1441843223014047e-9,3.69378047204935e-8,10.4866960798871
TP73,-1.7798312027154104,3.4162226601540615,-6.158597892170541,3.180349994136169e-9,3.7319534226803404e-8,10.526721191391694
LINC02701,-1.74236016568217,-0.03161495392600869,-6.156280614794176,3.22061413347515e-9,3.774842078935925e-8,10.691367065416443
LRRC71,-2.9228663480330406,1.1943813642152923,-6.155921292223833,3.2269021535112137e-9,3.780032240228352e-8,10.64060732181084
GUCY1A1,-1.2734611771029507,3.6241350883158265,-6.155188646916793,3.2397604829780397e-9,3.7929085285740595e-8,10.444983060259979
SLC6A2,-3.4464717858106484,-0.6351765557756981,-6.151751506545954,3.3007575266132583e-9,3.8610275309626625e-8,10.694723796014786
NTN1,-1.4179926315113454,5.513071029727204,-6.151251620415498,3.309721943742789e-9,3.8681304649010036e-8,10.211049409816551
UPK2,1.9662162392098628,0.13663574831086084,6.150494680132461,3.3233415174936775e-9,3.8795860425928486e-8,10.608287768375408
SCGB1B2P,1.2770249368977087,-0.38209122923889455,6.1492617560959655,3.345643085075928e-9,3.90337830431017e-8,10.635526032527208
TSHR,2.0548024601242108,-2.3112915005928594,6.148916781230262,3.3519093224823634e-9,3.908445500294409e-8,10.681064883008906
AC124067.4,-1.957362919231903,-0.6549203072412565,-6.143854330491791,3.445198713716206e-9,4.0057333328128245e-8,10.639736669279587
TTC21A,-1.208059272865957,3.70632514263646,-6.138796587389352,3.5409401558040063e-9,4.1076522674977525e-8,10.332973609488889
CDC20P1,1.4045561836413722,-0.816401470107262,6.13699858421706,3.57559990426524e-9,4.145493009371748e-8,10.594510926437335
CNTFR,2.358003346847311,0.24010267370473773,6.134855411848108,3.6173477861935497e-9,4.191503786008991e-8,10.508966865473138
AC009005.1,-1.6332390787207085,1.4955942605206791,-6.131576697340943,3.682141122194416e-9,4.256873502131929e-8,10.51713598308098
SLC12A5,1.595389593880117,0.6152136442003602,6.128395945858484,3.7460844502310395e-9,4.323419668739106e-8,10.482842042729917
MAP3K19,-2.8833667730834827,0.6842707536787005,-6.122893266931573,3.859284219429251e-9,4.449012619153721e-8,10.497859991838999
AL354953.1,-1.577208403818699,1.7128779650571433,-6.122590878835556,3.8656010707300245e-9,4.4537684898819175e-8,10.439358237801425
AC004233.2,1.5654677384366036,0.5661800326803084,6.121969820508394,3.878606684439907e-9,4.466221090909726e-8,10.464824468104457
CDHR4,-3.9199521456806448,1.8145018220788043,-6.121281595002561,3.893068918858761e-9,4.4788992493495115e-8,10.445380763209092
LY6E-DT,1.5335679883266973,-0.6470472871705637,6.121233823024856,3.894074748013653e-9,4.4788992493495115e-8,10.504339918108082
POU3F3,3.4831477716344854,-2.326321540536357,6.121131592682844,3.896228042142264e-9,4.4788992493495115e-8,10.535447587829662
ELFN1-AS1,2.565227188028356,-0.7872332551237083,6.1192554916438855,3.935952404204673e-9,4.519451788873208e-8,10.51182706398206
NDRG2,-1.1079173802212807,6.293467943113873,-6.118006336357467,3.9626216177393215e-9,4.547505463519705e-8,9.987026949003138
ZSWIM5,-1.431635987451117,2.7960462192716045,-6.117531797362673,3.972799255408616e-9,4.556612419126677e-8,10.344282283342531
MACROD2,1.4389837297806323,2.706014981081887,6.116568743246643,3.993533058021073e-9,4.577809693808251e-8,10.235450314705067
C4orf47,-1.5585418870375753,1.263404491719943,-6.113874038624408,4.0521127880772205e-9,4.642341618088018e-8,10.414861384201698
ARMC3,-2.3686935472250314,3.7123630810309667,-6.113106803281099,4.068944967059626e-9,4.658999296367315e-8,10.23079345385381
BHMT2,1.5287508671112584,0.9094012367434917,6.1123769077312975,4.085021516687594e-9,4.6747734969120866e-8,10.380419090249205
IFITM10,1.3634065049891069,-1.5430083640497427,6.110776546007261,4.12048887037293e-9,4.710057131690632e-8,10.477669760402708
ARMC4,-2.3561752659142963,0.8273599539210419,-6.110601342638297,4.124390012105062e-9,4.711866363463927e-8,10.41944395476095
COL4A4,1.478024034615737,0.34856838271524976,6.1093383481279755,4.152619543116145e-9,4.741451662600704e-8,10.395696584002179
AC007342.9,-1.791308233251255,-0.1595224957402853,-6.10917618665537,4.156257739450012e-9,4.7429411733061226e-8,10.447528568104369
BDNF,-1.9895089027672272,0.25201604250980214,-6.1066798734700125,4.212659664119934e-9,4.804606903118605e-8,10.422531843010248
NDRG1,1.174416979621479,7.446985642562107,6.105025186483212,4.25045824983089e-9,4.842282145154877e-8,9.896264065577654
AC007240.3,1.0342373670727674,-0.4086257728212965,6.102892137972234,4.2996746383158225e-9,4.889957193044609e-8,10.397270622687206
AC007342.5,-1.6686373151435978,-0.1733449610226181,-6.102794944400592,4.301930457175635e-9,4.889957193044609e-8,10.414355547898582
EPHX4,1.4240444599013733,-0.1145825650663808,6.1015376553748135,4.331216259024941e-9,4.9122566544878855e-8,10.375494540942746
E2F8,1.0538317886998798,2.606451962444688,6.100426533164275,4.35725989237105e-9,4.9390379281957183e-8,10.224276547963811
FABP3,1.5669706760788755,2.8907007448605713,6.098666165402355,4.398835518303761e-9,4.9778359172608926e-8,10.145874329799302
LINC02166,-1.7033630687541552,0.6221021310960968,-6.097057226964873,4.437174428515638e-9,5.018044636905466e-8,10.360419938063648
CLIP2,1.0001302832059178,4.893415695515634,6.093809096039161,4.515573037692664e-9,5.098583689892539e-8,9.918490493992973
TPTE2P5,-1.164189141362344,0.14342236642715145,-6.09332835487112,4.527291121603576e-9,5.108976388421493e-8,10.350257280039125
AC007611.1,-1.457258941713392,-0.874226068059841,-6.0897595183227855,4.615217726830745e-9,5.1937810121875995e-8,10.370409119768535
LINC00475,-1.3875418014638463,-1.6416112932219808,-6.087132561026395,4.681005336414831e-9,5.259079737827255e-8,10.363952697078272
ART5,1.774112471724563,-0.8198629818723819,6.085304029053495,4.727338956083106e-9,5.302026414667474e-8,10.322208848525772
AC114811.2,-1.9877869129175372,-2.4373967813784496,-6.085212643240826,4.7296663500256496e-9,5.302026414667474e-8,10.356282657985531
CDON,1.1483664715384354,1.9808719886487374,6.08193944702451,4.8137713168363846e-9,5.387394727058518e-8,10.170713944838944
PODXL,-1.1542133044123997,7.81518496709758,-6.073090288912837,5.048551370409473e-9,5.625370507247924e-8,9.727790268846075
TNFRSF13C,1.1747340749918609,1.6420354402693802,6.070743042203604,5.112685590192428e-9,5.6937107909627895e-8,10.13133773111563
AC007384.1,1.7329488067375982,-0.5851754103047283,6.067903318565936,5.191342862075864e-9,5.778140872334604e-8,10.218644437132276
CFAP58,-1.7857635489843506,-0.11808097363222558,-6.067568137724997,5.200704830700424e-9,5.7853927191655944e-8,10.224649992872113
MNX1,-2.6162219102879085,1.481617316298326,-6.067205210643518,5.2108604231426446e-9,5.793518995620958e-8,10.202673995870823
PLEKHA4,1.1310395656519425,5.114356208172777,6.06511085496212,5.2698461080915245e-9,5.8526968470411005e-8,9.74304121952473
MUC13,-3.3617519436129646,2.8538144071040774,-6.06448821713695,5.287507879760489e-9,5.8659012089657306e-8,10.099741436278073
RNF182,2.198347666998231,-0.09808022829510768,6.063812927258623,5.30672870013711e-9,5.884012771499543e-8,10.159563630289508
CFAP65,-2.5741669048813964,2.2149052302031413,-6.063652762920125,5.3112974958330116e-9,5.88459663224949e-8,10.109377567570322
C1orf194,-3.2392706683010664,2.450787388173082,-6.063591500567172,5.3130460638544646e-9,5.88459663224949e-8,10.109860126342106
DNM1P35,1.3488728580035714,-1.1739853311462285,6.0602532340683,5.40918481506685e-9,5.987814388966158e-8,10.202614328390192
CDHR3,-2.5136915256526735,2.5260043677754456,-6.060143303909292,5.412379491140755e-9,5.988089318342117e-8,10.06951858727108
AC007389.2,2.254175638830034,-2.676317767830923,6.054332189355199,5.583911832477364e-9,6.164444545533403e-8,10.197361629949729
AP001347.1,1.4392833585668177,-1.1924216037451996,6.051788263591317,5.6606678803638384e-09,6.23901377443138e-8,10.159089432331065
MSLNL,2.35163265292936,-1.4549638446893425,6.047576714467013,5.790016413433991e-9,6.374663791258529e-8,10.144982696521291
PHYHD1,-1.836979298545041,5.174281859451163,-6.0460484152481095,5.837666698233348e-9,6.423645802647241e-8,9.718172518339632
PTCHD4,-2.1732442695994574,-0.9777740212016091,-6.045237600347924,5.863102450587215e-9,6.444656257746596e-8,10.143950980969025
KIF5A,1.5802360309105017,0.2670706992676253,6.042857545211581,5.93839452948518e-9,6.52388813066253e-8,10.061151824737186
KLK5,2.988497896508779,-1.629618839668481,6.039537536717765,6.04500485797757e-9,6.630257891718087e-8,10.101277906212216
MPPED2-AS1,-1.9451065036058703,-0.5332622008373437,-6.036901122105911,6.130996601810622e-9,6.717324794350354e-8,10.089079883609038
KLK8,2.4583255915675615,-0.5364354512207413,6.032342128254789,6.282531193179252e-9,6.857473897431531e-8,10.01074134267139
CDIPTOSP,1.6785133831637666,-1.5174577730001326,6.030143623055217,6.356910763107425e-9,6.916373359175338e-8,10.061622926565665
LRCH2,1.590085362413301,0.024139183122895543,6.0298734360208455,6.366110964863523e-9,6.922677327441746e-8,9.997672827408309
THRB,1.6735276080843116,1.9299725022493837,6.027192947800102,6.458093857666939e-9,7.011447626240538e-8,9.841391754050056
TRAF5,-1.0387378188695289,4.813435240218867,-6.026886205266005,6.468702542852555e-9,7.019215722420466e-8,9.620372575944717
FAM72A,1.0179688271638785,-1.0085738911046498,6.0257287656273455,6.5088864103006104e-9,7.051524914869381e-8,10.029778233598746
ITPRIPL1,1.1476412031692877,0.6583115605321486,6.022953903368101,6.606221486656995e-9,7.153161720554969e-8,9.95390734489467
CCDC17,-2.17392217725181,2.367852286700131,-6.021312591664579,6.664463584714055e-9,7.204710526368536e-8,9.86176359174413
GRM4,1.6399070360305654,-0.008755398527528135,6.018762775485957,6.755942289015524e-9,7.295843309349177e-8,9.952874722816535
MIR31HG,2.243654404481068,-1.1504114399356522,6.018529429364982,6.764375074957234e-9,7.30107058010785e-8,9.979588070753167
AL160272.1,-1.6082022473374473,-2.420896573867158,-6.018041359038767,6.7820465431984014e-9,7.312377397557788e-8,10.01490762577589
LINC02594,1.7576203207384318,-2.2055967178366087,6.017277894092635,6.809779831665093e-9,7.338386283073243e-8,10.006144886299513
SMTNL1,1.3294608714494838,-1.7590787097980485,6.014378352178242,6.916122209192079e-9,7.441147050271034e-8,9.98383740367525
RORA,-1.1426327656839046,2.682628596790842,-6.013843885096162,6.935900737159461e-9,7.458478655133803e-8,9.794406481320323
MAN1A1,-1.4423767350097219,4.459444815283343,-6.012020217062225,7.0038051327495124e-9,7.527516420835595e-8,9.568662220386555
IFIT3,1.2059607799084953,4.438287762772915,6.007631360759862,7.169902807551913e-9,7.697892480754626e-8,9.497390137098037
ALCAM,-1.4474064777714357,5.724582734075035,-6.0074943484023455,7.175149657937611e-9,7.699458376342344e-8,9.454162927052492
ABCG4,1.42453939122345,-1.0363293181187565,6.0031807256571295,7.342273861470661e-9,7.862383667898926e-8,9.90601952659091
WNT7A,2.6062384261667324,3.771208748293496,6.00317611947804,7.342454340519662e-9,7.862383667898926e-8,9.507519356821085
CARNS1,1.1169925460810854,1.3624232133330487,6.00169725527218,7.400624142875533e-9,7.912166495518271e-8,9.796510353604654
TMEM229B,-1.1195751537477365,3.138188898664752,-5.995777612312616,7.638017351031906e-9,8.144546938214714e-8,9.664400836113577
LINC02128,-1.8152801394710434,0.9778130500001196,-5.993334643085003,7.7381447373411e-9,8.246131136862453e-8,9.817247063275717
EBF4,1.2175756882925737,3.8870496203774563,5.987145769284239,7.997585461395208e-9,8.49675519693655e-8,9.45841106399995
CRNDE,-1.7244793375929985,3.0680635957570703,-5.986056995285126,8.044099581600869e-9,8.541707413607945e-8,9.649285392160465
SESN3,-1.0516556598246307,5.668740632642606,-5.984214439711879,8.123420180891126e-9,8.616930676222925e-8,9.319651889526298
PPP1R32,-1.7997002631629506,2.4279537470602675,-5.979364617575085,8.335877695024853e-9,8.8238738684211e-8,9.646153872135297
ADGB,-2.9817098755715907,-1.0400994063045408,-5.9763209612482235,8.47197864029058e-9,8.963274017973231e-8,9.793131069861033
ARSJ,-1.3555761648907665,2.8595684641445964,-5.973488176462167,8.600602307229578e-9,9.08989294290868e-8,9.563433519090433
TREML2,1.829362615016769,-2.06680726294029,5.9695607470548335,8.782094353318223e-9,9.276885947860684e-8,9.758341699569613
HHIP,-2.1803738405367357,1.0873095897452127,-5.966926222597089,8.905933713681527e-9,9.397933374707339e-8,9.690921062955528
AL078582.2,-1.959710349019445,-0.5740082597737812,-5.965609402567884,8.968471391781255e-9,9.454108535610074e-8,9.729487612383164
BMP4,-2.3000731717829734,3.33612407638361,-5.963769123163886,9.056589201639804e-9,9.53216566204699e-8,9.491462436065788
ARSH,-1.4120615697530623,-0.6073755386535633,-5.963278896320526,9.080205172417855e-9,9.552075047837498e-8,9.712571000990536
GPR83,-2.1559191099638464,-0.25282965428757403,-5.961004618237007,9.19055565994566e-9,9.663158470395013e-8,9.680914288362523
C20orf85,-4.147579876173243,2.5602236956193405,-5.960356981566758,9.22221898567803e-9,9.686427837980375e-8,9.565248699141172
FGF18,1.6009828361015779,4.233106059593958,5.956416507683141,9.417183748056853e-9,9.875894865609261e-8,9.277698010280227
MYB,-1.1515483152522945,3.4200055053763956,-5.951104927511118,9.686380161639319e-9,1.0137280659379892e-7,9.409401622484328
IGSF23,1.8604406501390796,-1.4096736395313787,5.948661995362202,9.812703930510037e-9,1.0264199417585486e-7,9.634826802869444
CROCC2,-2.949988411131359,0.9411223810466086,-5.943825241620426,1.0067583922451278e-8,1.050377698356775e-7,9.561395611782167
MEGF6,1.2905241040419275,3.8380005882403347,5.943361119175366,1.009237936694144e-8,1.0524244138210253e-7,9.245458530149907
TMEM221,1.555229167893749,-0.2449174190969384,5.942953855871995,1.0114186347654176e-8,1.0541575555370435e-7,9.56960196992653
LRRC10B,-2.288297147705343,2.42112718298773,-5.94239314015264,1.014428539124446e-8,1.056752723176076e-7,9.458518659312412
ANG,-1.6429990456430343,2.177621255116431,-5.9386862791797554,1.034548437117171e-8,1.0760574429871742e-7,9.479604532132601
AC068587.2,-1.790110738403529,-2.1911710158381994,-5.937752214682312,1.0396795567435024e-8,1.0808412946933474e-7,9.609513487657075
HASPIN,1.000434822518701,1.6850897285990938,5.935705935422361,1.0510075868353524e-8,1.0915011852244099e-7,9.458695601984838
KRT7,1.7181896151467546,7.574627462439429,5.935024533307288,1.0548064975111284e-8,1.0947310656697703e-7,9.01161929696278
OBSCN-AS1,1.4030665572871492,0.3533468823252103,5.934954997947139,1.0551949211016927e-8,1.0947310656697703e-7,9.500473226273298
LAMP5-AS1,-2.0268369193321982,-3.093074006265647,-5.933903655195475,1.0610847842040374e-8,1.1002799568450436e-7,9.590122945634524
AC138627.1,-1.725122052803819,-1.8605417455067268,-5.933390969543856,1.0639686184483882e-8,1.102707710420451e-7,9.584995573052044
TMCC3,1.0597926525748247,3.9959836437332323,5.930968674883326,1.0776979218107628e-8,1.116367612787051e-7,9.151798234137512
CYP2S1,1.523845751569294,2.9685076800471615,5.930554103539935,1.0800649693310163e-8,1.1182496401774619e-7,9.263478718222185
LINC01140,1.4032884404550072,-2.0793318533050926,5.928793998839792,1.090171258340875e-8,1.1281385261975532e-7,9.556352362977488
VGLL1,2.2337858490525577,0.36181728460723567,5.926322279959022,1.104519838476003e-8,1.1418240690328732e-7,9.424224641051069
TCTE1,-2.6210591984683815,0.09977248207680824,-5.924602579619247,1.1146116636985474e-8,1.1505011403255091e-7,9.501040767322483
DNAJC6,1.3758508377362175,-0.09756315266891767,5.924250456267973,1.1166891464889226e-8,1.1520604169157798e-7,9.464384261192217
AP002800.1,-1.36998058838326,-0.4432000543841338,-5.923757192340273,1.1196057100537072e-8,1.1543802217429143e-7,9.505734628812395
ENPP3,-2.9827088928898915,2.2775255045662273,-5.922074544966218,1.1296110046972759e-8,1.1636195671296217e-7,9.396486076828484
DNAH6,-1.7538990821572564,2.5021313390496047,-5.9192925070427975,1.1463455822090768e-8,1.1784687715132663e-7,9.317485671039332
PDGFD,-1.2561841827877913,3.517039999423821,-5.918565549255454,1.1507581984499122e-8,1.1824069578006075e-7,9.204084482270638
EXOC3L4,1.8736575427329276,-0.3843044189758426,5.917536825097412,1.1570309269568784e-8,1.1876513413874544e-7,9.451098311009499
DCDC2B,-1.7756536602690978,-1.2763173522830475,-5.917354666899989,1.1581451306439812e-8,1.1881949336298978e-7,9.493703850044845
GPR20,1.5032472833292467,-2.05912075820865,5.916243843850781,1.1649624264239625e-8,1.1945860925651167e-7,9.491233283295426
RBM20,-1.3491119752990657,-0.018273595154880903,-5.916117828393724,1.1657382772203363e-8,1.1947788576009135e-7,9.447536486511382
SLC26A2,-1.3155169230635844,6.5536194705658755,-5.915901879929113,1.1670690018191068e-8,1.1955398383554197e-7,8.932352247727733
AC008060.4,-3.97873014030126,-1.0729142101273912,-5.915146473627635,1.1717356886696583e-8,1.1997156743839869e-7,9.496410395748129
BARX1,2.815014677588248,-1.0729814631228964,5.913557571622626,1.1816111149765995e-8,1.208001222373461e-7,9.465221301354497
WNT10A,1.885079452775927,2.1732267636794993,5.909343811217757,1.208196521974513e-8,1.2327001060547188e-7,9.203520020754699
PROX1,-2.213829121810382,1.2362175167034681,-5.906672675019256,1.2253512055148403e-8,1.247876603644364e-7,9.35176315311509
RAPGEF3,1.1174142201543935,4.609314768692547,5.9056444425755705,1.2320180583366635e-8,1.25322998086258e-7,8.957306228743708
ARMH1,-1.3281207498115875,2.126548633366334,-5.903793591057694,1.2441081077356875e-8,1.264895106634323e-7,9.28085992539526
GRAMD1B,1.1189288426712913,2.194060850628684,5.9024650190401875,1.2528579952199741e-8,1.2718824123302074e-7,9.227661040702838
CHST13,1.5766450578539257,-0.8736788914227721,5.9009401640721055,1.26297476877474e-8,1.281089298367374e-7,9.377466900671118
AC026402.2,-1.7668649521023747,-1.877112677891882,-5.899081051920356,1.2754173056933331e-8,1.2928469486738803e-7,9.409681316330865
SPINK4,-2.187176879158513,-2.097207831097906,-5.898572681353173,1.2788405102197983e-8,1.295670714342332e-7,9.41421413478023
TRPV3,1.5372052167630872,-0.5311120503806503,5.897203339286528,1.2881059735039566e-8,1.304407862755078e-7,9.349718695784519
AL353572.4,-1.5199327876364712,1.770110015908225,-5.8946382086867,1.3056395482386398e-8,1.3208470969836793e-7,9.267889985202045
EPHB6,1.3498353012705535,2.8496134193513285,5.893892741501821,1.3107786969030871e-8,1.32538637989345e-7,9.110038337151277
AGBL2,-1.6679712934101247,1.4972981125501392,-5.892832501137256,1.3181219327010146e-8,1.3321486902145907e-7,9.261274046266234
IQUB,-2.0905142701164934,0.14834023502236277,-5.89215902893015,1.3228072818839506e-8,1.3362194431913227e-7,9.332994018897814
LINC01124,-2.200546728449456,0.35882569796849384,-5.88696333712264,1.359505265665523e-8,1.3719257705752776e-7,9.300665941620705
SCNN1B,-2.6421338817740385,3.888668111253002,-5.8854558469714116,1.3703379390958784e-8,1.38080060853667e-7,9.048153027584908
NHLRC4,-1.6339787940339994,1.6926905023892724,-5.88506923556634,1.37312965873017e-8,1.3829280071373627e-7,9.21273694807206
GREB1,-1.5224022156391817,5.5373602062479925,-5.884510440863125,1.3771745424953236e-8,1.386314779676818e-7,8.838713005875507
DMBT1,-3.3555717675023495,2.609810427513919,-5.879679534800218,1.4126326242802153e-8,1.4191965128952594e-7,9.135290662396969
AC007255.1,-1.1318391181516538,0.4874350134606696,-5.879045834727217,1.417349597530445e-8,1.4232318784688126e-7,9.25027552016429
RNASE7,-1.9898996435731,-3.047780796164013,-5.87890637966329,1.4183897025150319e-8,1.4235729537736053e-7,9.315822411156482
SERPINA3,-2.6686244046960232,-1.310301897351334,-5.878169279449693,1.4238996632082569e-8,1.4280773016728278e-7,9.304857694849531
PCAT19,-1.7753348653826917,3.5165248483565947,-5.878118107175978,1.4242829612727918e-8,1.4280773016728278e-7,8.99591275435067
NTSR1,1.7885531528289011,-2.3575127647049103,5.87696991467748,1.432909893412338e-8,1.4360187708931144e-7,9.299391736491216
PRR9,-3.290449044703629,-3.1682578302039666,-5.87215479102147,1.469647947694689e-8,1.47066099896341e-7,9.283006484516106
CLEC19A,-1.5317355586655048,-2.2645603225402344,-5.871906079161486,1.4715703540693718e-8,1.4718600332729289e-7,9.280395080894698
SCN2B,1.7979753598300325,-2.482952882376855,5.864927240903889,1.526526546002253e-8,1.5223319686432675e-7,9.238886194055029
FAM90A1,1.5706813362350958,0.519418467120495,5.861286240005215,1.5559895653030392e-8,1.548674433164494e-7,9.10045362855846
CNGB1,1.5066932212861965,-1.2625847572208342,5.860976373269024,1.5585225226477015e-8,1.5504362090206502e-7,9.190553825768225
CA12,-1.64673075459726,5.953777411346137,-5.858039413093788,1.5827312606564327e-8,1.5737490284530988e-7,8.675484464542084
AC006042.1,-1.133401667546863,0.04748139025462662,-5.857768334592301,1.5849841427601057e-8,1.5752184702912658e-7,9.150997415565012
C1orf189,-2.5753404653674936,-0.459656373193436,-5.8566748788283975,1.5941035118098755e-8,1.5835073203335245e-7,9.17446100949201
KRT23,-1.7430361495095577,5.298252082297633,-5.855272588267219,1.6058736369434717e-8,1.59441992170196e-7,8.703301797309248
DACT1,-1.5370754960815884,2.0832203251745574,-5.854300458509286,1.614083018850345e-8,1.601657559335667e-7,9.035218690186197
SLC46A2,-2.3960894941290856,-1.2891552685180636,-5.854088069737221,1.6158820389956755e-8,1.601657559335667e-7,9.186650072488598
ATP2B2,2.3784390710340637,1.578005750236819,5.853943988965269,1.6171035779161525e-8,1.601657559335667e-7,8.99231986738605
AC022306.2,-1.1367544703584054,-1.0106759727182055,-5.853527577396961,1.620639055269599e-8,1.6035963076581953e-7,9.169549161615489
GLRB,-1.2004032232395079,2.9032448886851867,-5.852541287382833,1.6290431632021625e-8,1.608779069432495e-7,8.958192172078812
MB21D2,1.0783924506582356,2.2060838270197056,5.851978800961862,1.633855128627308e-8,1.6119646424379323e-7,8.937786036786061
AC246817.2,-2.4777311524184285,-1.7261456115232023,-5.8509909664313655,1.6423395120773317e-8,1.6195491627103197e-7,9.17377633443587
LRRC74B,-2.504610802455096,-0.5996127462080161,-5.849889831078112,1.6518477799447774e-8,1.627346305361011e-7,9.142173239478979
CA6,-3.0426565008506916,-2.254595400142346,-5.848129307094142,1.6671617340027975e-8,1.6416373586178708e-7,9.163144680737647
SPON1,2.2957445853610396,5.340579144204173,5.847844656627647,1.669650768731367e-8,1.643292117370281e-7,8.605142227721839
CD8B2,-2.800551268148681,-1.7459940643857725,-5.845343875240835,1.6916747430058226e-8,1.6641625109801713e-7,9.140664069204671
DOK5,1.5339885978930066,0.19673420080906426,5.843669153260666,1.7065822214410054e-8,1.6772039201434716e-7,9.043915165679214
CPED1,-1.3280420593186852,2.1525162139225724,-5.843296349192965,1.709918153898528e-8,1.6796702058885297e-7,8.975601811226316
INAVA,1.422796287244454,3.575678490894166,5.8416902695434105,1.7243627229054718e-8,1.6917782874158223e-7,8.751511675893674
ANKRD44-AS1,-2.7896626347409765,-0.6158386257359776,-5.841648331491601,1.7247414935670067e-8,1.6917782874158223e-7,9.10535484933112
OR7E47P,-1.6291835595841864,-1.4422439539213556,-5.838808502609151,1.750579951172625e-8,1.714640333861804e-7,9.107993719242105
ADAMTS16,1.9024407653531192,0.2196471045511756,5.8367512162411765,1.769534278381033e-8,1.731526378823244e-7,8.998507140668252
AC130456.2,-1.9946741513429198,-1.5485872908951934,-5.836660376180164,1.770375819324297e-8,1.731526378823244e-7,9.093899815178574
PRSS56,-3.2887351727799126,-0.8635820176336682,-5.831615470433734,1.8177308513392324e-8,1.7748897541183025e-7,9.070397175279885
AC008060.1,-3.6977423286953366,-1.0953625791352994,-5.829083702920488,1.8419600459603598e-8,1.7963529738051033e-7,9.068167827709269
HGD,-2.1757267437767416,5.267108830124755,-5.828546303634837,1.8471434533312375e-8,1.8005440549402434e-7,8.62431409372899
FAT1,-1.2149471814655612,6.53208920060788,-5.827991820164621,1.8525065842040793e-8,1.8049062232676753e-7,8.483834651181883
VWA5B2,-2.6291185989292827,2.3490245682595603,-5.8277693127744685,1.8546630182989076e-8,1.8061414079495446e-7,8.895361815505701
ETV1,-1.3870622708586327,2.860372880825643,-5.826907867133949,1.8630348893322415e-8,1.8134253395971494e-7,8.824638572079946
RP1,-1.7496115278330455,1.1730029058391085,-5.824194628086132,1.8896452690452072e-8,1.8366402073014152e-7,8.92607868301783
ADCYAP1R1,-3.0833823100872024,3.24507225342015,-5.820208720502118,1.929412277223211e-8,1.8723003189545633e-7,8.793017155706636
BACH2,1.2813805959289866,1.055972468221991,5.8201534826076236,1.9299690849290543e-8,1.8723003189545633e-7,8.89341561992328
GTF2IP7,-1.8899281716889915,-2.0733448065014506,-5.819062998394526,1.9409935596239676e-8,1.8820969993224008e-7,9.019973419207854
TNFRSF19,-1.6657155382335729,5.031309378758673,-5.816347408572229,1.9687154799998537e-8,1.9080674017890808e-7,8.523014991621665
VIM-AS1,-1.0718434288393985,1.6687372065830872,-5.815425284137032,1.9782166243359496e-8,1.9163619958533766e-7,8.863627592764567
FMN2,-2.1662956159795206,-0.27245834752431897,-5.815208402166501,1.9804577756765147e-8,1.9176190487303232e-7,8.958556241880554
H19,2.2468856275890983,4.671055699420951,5.81190483382337,2.0149034871274916e-8,1.9472609829947282e-7,8.492850995773248
TDRD12,1.8199958043810376,-1.5903633222111688,5.8101906801602805,2.0330066269914803e-8,1.9628896288349095e-7,8.948921489438035
SPTBN4,1.3941338474883218,0.6158476239776798,5.810034161178919,2.034667516362729e-8,1.9635604274717997e-7,8.869511709316999
SLC16A5,1.213753511006788,3.950991374333036,5.795905963018711,2.190177056314683e-8,2.102652739373624e-7,8.463047885699167
AC105233.4,-1.467991534610387,-2.3706352187480726,-5.795747872375346,2.1919812268167994e-8,2.1033912395573481e-7,8.90374803618107
KLF8,1.1656056737383362,1.981798687663036,5.7945976006643125,2.2051522045370606e-8,2.1150313074568768e-07,8.682129303946535
SPATS1,-1.8701349019370423,-2.8304574776597864,-5.794141275218106,2.210398668212694e-8,2.1190633270167355e-7,8.897496146498398
EFCAB10,-1.7460089840481374,-0.21080626644241562,-5.793113070845601,2.2222648695694097e-8,2.127428695672571e-7,8.840912337571918
AC015849.5,1.3037945298182263,-1.4036440900129816,5.792851069139732,2.2252984886183904e-8,2.129329872065921e-7,8.86064527229695
COL9A3,2.0234260021149524,1.5272698898778365,5.788225399726563,2.279528398161171e-8,2.1771210133565621e-7,8.66891353027354
SATB2,-1.2851139161338434,2.14200729371956,-5.785416997916166,2.3130808162546607e-8,2.2050213184596494e-7,8.698974067883977
TNFAIP8L3,-1.5376036879544368,0.7311952081863917,-5.782824118016112,2.3444863686635928e-8,2.2318192485582603e-7,8.747863830795918
FAM218A,1.4322902853109565,-1.3109445091376635,5.781674512361952,2.3585435695691938e-8,2.2440655853596652e-7,8.782943044979234
GCNT3,-2.0140095698944913,3.391745237588764,-5.780011356927527,2.3790261934676648e-8,2.2604579328084322e-7,8.578006044655321
LINC01356,1.4051979407269801,-2.2485629543163417,5.778434834711077,2.3986022400000474e-8,2.276935634085052e-7,8.806981553315161
SHANK2,-1.0778599683947396,4.753980392111194,-5.77514716305075,2.439933559038136e-8,2.312929554752382e-7,8.330783090508094
DNAH7,-1.3595481638018911,2.284169708389817,-5.77425486087072,2.4512707319052445e-8,2.3215110137577907e-7,8.601949413441261
IFI44L,1.5419570638851376,3.7983038594294136,5.773691870381903,2.458450280931604e-8,2.3272260600677188e-7,8.355793504468084
IRAG1-AS1,-1.7476229298450856,-2.538090200655531,-5.7733731333991996,2.4625240829809086e-8,2.3299971816808187e-7,8.794423700453574
AC127526.5,-1.1963266827023402,1.3345662381132877,-5.772254501270368,2.4768736500250118e-8,2.341458185829474e-7,8.669844316616107
SPSB4,2.0119859132710944,-1.317515080002484,5.772249257812186,2.476941103883768e-8,2.341458185829474e-7,8.750878967751758
CFAP300,-1.7709350064794616,1.987324799238226,-5.7719918906544265,2.4802541800688042e-8,2.3424110574218575e-7,8.609699962337158
C10orf95,-1.785926066626456,-1.8767375381624731,-5.769684049423,2.510156991964265e-8,2.36625374325982e-7,8.771660624994194
DSCR8,2.5502735700966292,-3.0623072218868113,5.769178513355535,2.516754108664678e-8,2.3707644719537893e-7,8.770594114768645
FOXB1,-3.5052045167435706,-0.5633720420599544,-5.768126661280076,2.5305348283307582e-8,2.3821486730428127e-7,8.746431845094312
FOLH1,-1.3150177362805286,3.927026287747097,-5.7676656379039235,2.536598077504519e-8,2.3867508947778634e-7,8.430345973788532
AC156455.1,1.426370907777602,-0.8445434587142123,5.7637001123959335,2.5893408360866062e-8,2.431874452524223e-7,8.69409015153471
FREM2,-1.863841925213229,4.163131560482354,-5.7634153497259115,2.59316921854839e-8,2.4343450899666274e-7,8.384975333112887
LINC02730,-2.0827786757550175,-3.2449761190347153,-5.760275177024071,2.6357543770933347e-8,2.470898153138604e-7,8.731457337006425
UST,1.3804440936398175,1.1243337255593737,5.759456838524209,2.646963911903354e-8,2.4802625424400075e-7,8.573816307525028
ZNF727,1.7251382663177877,-0.7496174881797139,5.756281316612773,2.690904488115778e-8,2.5162347877930127e-7,8.643760108398862
PRR5L,-1.1164474390013774,4.255599196870966,-5.754367870288496,2.7177244615678035e-8,2.5395416991680014e-7,8.29221455241593
MX1,1.4265391429541419,6.34883698862184,5.753413808178422,2.7311945024599212e-8,2.5497839718877096e-7,8.093758790425186
C1QL1,2.308606645634751,-0.13476803307266283,5.753315315626386,2.7325887885030352e-8,2.549914349749113e-7,8.625289553585842
FAM78B,-1.1597841132129532,0.11088051881726256,-5.752407704381667,2.74546992662173e-8,2.5590584113822574e-7,8.63046053054591
KNCN,-2.1272288995010324,-2.7765341806751382,-5.7522703511483595,2.7474244507164365e-8,2.5590584113822574e-7,8.692208127133789
LRRC23,-1.3389878410468232,4.626988012560583,-5.752141068034692,2.7492653790962012e-8,2.5595560986602044e-7,8.232625328072585
PALM,1.6346232978666193,4.357609124029852,5.752055988738624,2.750477523850564e-8,2.5595560986602044e-7,8.212320474501322
FNDC5,1.3191399539132218,-0.11468239852602997,5.750403991002843,2.774117640886603e-8,2.578014034448071e-7,8.609660092777514
ZNF812P,-2.045881997797563,0.14346459592580796,-5.750130524330295,2.7780500477029595e-8,2.580488536083864e-7,8.623998070601802
SMC4,1.006601391258485,4.49943915838568,5.74849519418607,2.8016796892511304e-8,2.600061096088583e-7,8.181684335686676
MUC7,-2.517336724075607,-3.1961929298192846,-5.747953698473443,2.8095471790755965e-8,2.604983433737793e-7,8.671244531237921
UPK1A,1.8485409184433546,-2.1564591138676943,5.746461649145267,2.8313372234179056e-8,2.622793880070443e-7,8.644305869995478
FABP4,-2.7009190052321204,0.49363301766225137,-5.743308829200948,2.877925502462506e-8,2.6623103282680004e-7,8.588790613780496
OVGP1,-3.299060447885655,3.462567009448574,-5.742228820651077,2.8940559400404825e-8,2.6747973135690203e-7,8.395187857862119
ERG,-1.0041328825866684,3.3448778012608646,-5.736947266015176,2.9742185711144598e-8,2.7414067228721214e-7,8.326185560893817
AL162424.1,1.743073837938603,-2.4524276610859976,5.7342542753166255,3.0159228331248154e-8,2.778586385332219e-7,8.594398568513785
KCNE1,-2.1981387881537673,-1.3496211848937905,-5.734116206508953,3.018076315297682e-8,2.77931051346217e-7,8.587131622205728
ZFPM2-AS1,1.9504887753518494,-0.004582238980338783,5.732173615013088,3.0485348705098425e-8,2.8060879849747304e-7,8.479979820734659
BMPR1B,-1.7968506629439283,4.916675419466102,-5.729344617897573,3.0934291232297185e-8,2.846122838411987e-7,8.137479137986215
AC108134.4,-1.4251017660049106,-0.5299886834367711,-5.728427249418688,3.108125247730743e-8,2.857057328578907e-7,8.534215914342367
SLCO2A1,-1.5193800476786308,5.100546835008484,-5.727841074659389,3.1175513615848176e-8,2.8644264861143686e-7,8.06398247756229
LRRC2,-1.6667655390347178,0.2795426337069703,-5.725878594425075,3.1493130453227793e-08,2.890995408000911e-7,8.486264055365856
SPAG8,-1.703071113394204,2.0735665543270536,-5.722381330917985,3.206699294484703e-8,2.939691315340871e-7,8.366434560079664
OR2B6,1.5888320944425962,-2.452423073099332,5.719530840080819,3.254226723249229e-8,2.9780413873224554e-7,8.525112902871403
PACRG,-1.8512068343401014,2.028142799505353,-5.719326638634,3.2576577326678296e-8,2.9796865778011233e-7,8.34443062793656
ABCA7,-1.0106758000899196,5.196443493100264,-5.717650427180766,3.2859553651824706e-8,3.0028667644770023e-7,8.012254452458887
ASAP2,1.01803023322092,3.957537562477348,5.715965595917968,3.314640288957278e-8,3.0277190666412464e-7,8.081348952744642
AC007405.1,-1.598600052344069,0.4715257461667291,-5.714208832671284,3.34481018866397e-8,3.0525335552046035e-7,8.411275506469636
LINC02610,1.4201084446205603,-1.7520282222069137,5.714067725785276,3.3472450954450166e-8,3.053384619381711e-7,8.479006795128383
A4GALT,-1.03356586435397,6.103522030836767,-5.712437813560211,3.375496203181944e-8,3.07639393872062e-7,7.90735034276797
LRRC26,-2.9595196937288066,0.25275327302758366,-5.710688131084446,3.406082323823107e-8,3.101488223538567e-7,8.461041154978652
GSTM2,1.1208885990526993,1.7942148030853031,5.709835201848518,3.421090263089809e-8,3.113759001658633e-7,8.265579412519156
PRSS1,2.564281053768874,-1.155292334031681,5.709383147535932,3.4290706556498864e-8,3.1196254254891807e-7,8.422704496501694
SLC22A16,2.125893721953618,-0.9116179627868947,5.706435183836529,3.481560319765756e-8,3.165961160578042e-7,8.403676173042403
STX1B,1.3701340866115834,-0.4607977686229742,5.702398932140737,3.5547012276186486e-08,3.228138862829375e-7,8.382748819599799
ROPN1B,-1.7761958832297606,-1.9516434723404763,-5.700631989774165,3.587189998260081e-8,3.2532819957446626e-7,8.432132497469356
SPTB,1.1970422113156032,0.9917935119031227,5.693704485691073,3.71738483444528e-8,3.368351733181715e-7,8.265623445729348
NAT8L,1.6863884670950258,4.294843237006248,5.685371775024946,3.8801079564905456e-8,3.506416812259397e-7,7.8622942958568816
C6orf163,-1.096495140936062,-0.13028011877175394,-5.6849460853466,3.888604965304037e-8,3.5125336584373e-7,8.300191603384494
AC025774.1,-1.6427747152532193,-1.2715710518959398,-5.683638817486805,3.914812447286219e-8,3.529931152557459e-7,8.332291259798815
DIO2,-1.81491042454198,4.571743410052532,-5.6826341478428795,3.935070649620107e-8,3.5446171675651767e-7,7.93704356626523
NEK5,-1.2540776315282043,2.4119004929479493,-5.682571765542682,3.93633189686804e-8,3.5446171675651767e-7,8.141209961387961
WDR93,-1.3498208647471897,1.4280267425328403,-5.681389094128353,3.9603179567697854e-8,3.5599072159835966e-7,8.208863525289571
AGR3,-2.616546728565887,2.7251377318599923,-5.677216728090777,4.0460834203823074e-8,3.632181953880301e-7,8.108132739941151
CEND1,1.4458388552007335,-1.3631782501906033,5.676871817484439,4.053253825449818e-8,3.635407358713243e-7,8.290811774456774
FBXL13,-1.02617684825943,0.16135269930556984,-5.676687222728656,4.057096489890739e-8,3.6356450203059693e-7,8.244485364599154
SLC43A1,-1.9869262354198214,4.673285402105733,-5.67569037111965,4.077909224806054e-8,3.6510760830378077e-7,7.9375822910440235
WDR38,-3.1165958016734625,1.8864308024216019,-5.67130609676056,4.170689663211798e-8,3.7226656440543075e-7,8.141358071042502
ANKUB1,-2.5317107144245155,-1.6190805711318201,-5.670070794281538,4.197201100694629e-8,3.744684599232557e-7,8.280023636873507
LINC01819,1.615102032377954,-2.809863300488699,5.667501967895868,4.252859555777402e-8,3.789351933871982e-7,8.27042627918777
TMEM121B,-1.1469585904249922,0.7120792435720745,-5.6663943862226445,4.2770790002689626e-8,3.8092617704411216e-07,8.17335029004914
SCGB2A2,-3.717525554570239,0.7165798326200095,-5.662438656558036,4.364682411599676e-8,3.881585452648099e-7,8.213525298288069
MYOCOS,-2.578296673192379,0.5773322977905014,-5.662383142292369,4.365924200331408e-8,3.881585452648099e-7,8.148685707509756
SPATA17,-1.302661740988909,2.464256727411808,-5.659534337366374,4.4301134515524425e-8,3.9334917339166383e-7,8.022510901911527
GALNT4,-1.7716878674384435,-0.9409827437070218,-5.657523352856881,4.475978400920776e-8,3.9690133080416167e-7,8.21035607241054
RPS6KA5,-1.0754197424895455,3.4780574317492983,-5.656880537323237,4.490736704354329e-8,3.980363400754356e-7,7.918088083299429
CRB2,1.7824545264699312,0.057450865438201666,5.654103284153843,4.5550467624936634e-8,4.033846204833168e-7,8.098938680927152
CFAP73,-2.324329597127847,1.1816530558869842,-5.6521728959703665,4.600275229669758e-8,4.0668113861595546e-7,8.088739576033136
AL596442.3,2.2972119184850666,-1.1525122059966684,5.651220613515042,4.622748034862423e-8,4.08490135045843e-7,8.149076213520246
TTLL7,-1.4419512281532973,2.4901105155122396,-5.650872017633494,4.631001259858344e-8,4.0886389924135963e-7,7.978723242831249
AC145098.2,1.2838706247217386,-1.0727663746499163,5.650595491769774,4.637558405307406e-8,4.092650326941716e-7,8.149620453208843
DNAI3,-2.0730902031734355,0.9345687861156208,-5.650497762035176,4.639877996429326e-8,4.092920156225244e-7,8.078011284903722
TSPAN8,-2.7963933473620255,2.5282487180615356,-5.6485291732659775,4.6868437284565057e-8,4.128973209239273e-7,7.999351496470641
Z97653.1,-1.4352214088166735,-1.7951296750921206,-5.6454576992358705,4.7610493804073834e-8,4.188899030623362e-7,8.162780493749114
CLIC6,-2.9862720850786006,3.213299400271764,-5.637134609988862,4.967940400668706e-8,4.3539638078133156e-7,7.871461163258426
AC004982.1,-1.3624706722844522,-0.06299296446258613,-5.636817823747512,4.97598573598358e-8,4.3591350904366504e-7,8.066371258626972
FSTL3,1.070327207710029,3.6077015632713496,5.636073337263199,4.994943325038371e-8,4.370148898620224e-7,7.742111997429067
CHD5,1.329350162966883,-1.858917148267148,5.635911959050516,4.99906193815185e-8,4.371813030593726e-7,8.102894781554237
MIR1915HG,1.379945090101623,-0.3243794704735006,5.635156461302272,5.0183874676322616e-8,4.38682610288852e-7,8.032891943193931
DYNC1I1,-1.9513728004988027,2.601023272947476,-5.634081573786822,5.046008598829242e-8,4.4052868884280715e-7,7.91023670021083
AC027117.1,-1.479828387671346,0.3585485069977581,-5.629655126968721,5.161325020269498e-8,4.5001617208046875e-7,8.01945336354876
APOE,1.4017957455707188,7.524250201423494,5.624076796170047,5.310315727069141e-8,4.6241155457135056e-7,7.438745056435247
AC096637.2,-1.738341065171646,-0.09619604825646463,-5.622345157830253,5.357413074884094e-8,4.6553453609331545e-7,7.9987950776761565
MAGEL2,1.7383513112401103,-0.6890303214172446,5.621829446500956,5.3715180283358454e-8,4.6654159148674234e-7,7.988101034715274
COL17A1,-2.0704588160936983,2.4281958484758817,-5.620369163450859,5.411654243452319e-8,4.69626220512062e-7,7.869521532313533
SHOC1,-1.6385712504146595,-2.277315939739998,-5.617656786192602,5.486982205343444e-8,4.759599929210421e-7,8.031417282882892
COL4A3,1.5530006160428602,-1.5191956157312816,5.617125673524427,5.5018514958260346e-8,4.770462022234143e-7,7.992296221868207
ANKDD1B,-1.7914125767622295,0.17765052044128748,-5.614727459555923,5.569483881526193e-8,4.827044367084792e-7,7.947455108688547
MFAP3L,-1.5525013005777066,4.196423103524568,-5.613486259620182,5.6048048690715845e-8,4.855586281287761e-7,7.640616783077192
EEF1A2,2.737713419964939,0.009227775080631568,5.609009018388016,5.7340388212235865e-8,4.9654284193672e-7,7.891121742503419
SLC27A2,-1.2951285063154283,2.3335773762195817,-5.607851895242922,5.767908539751123e-8,4.992630884237727e-7,7.800882634990332
AC007336.1,-1.4319688975189224,-2.395251841847681,-5.607411745475114,5.780843153571516e-8,5.001696732787888e-7,7.988763726068525
ZNF257,1.8606976249452747,-0.7710941355835808,5.605554879960256,5.8357226550724706e-8,5.04488418722641e-7,7.897443123380691
AC006116.7,-1.3954110340199766,-1.3965357326117422,-5.603514126025037,5.896623023921401e-8,5.091035103575979e-7,7.944744775635837
TCN1,-2.9021655974177722,-0.3583812116015153,-5.598676132657762,6.043485640840037e-8,5.208982280086213e-7,7.919475907716945
GPHA2,1.6894310470236478,-2.392795319214899,5.5970545979879045,6.09350256416665e-8,5.247641784496737e-7,7.929237172441765
EPSTI1,1.1165444413131524,3.29910239658717,5.595862277577794,6.130537480720142e-8,5.27506535809298e-7,7.5582578438274215
ATP5MC1P4,1.018701050783991,-0.288174038517658,5.5947623700588185,6.164896508241218e-8,5.302384961214326e-7,7.852657341040466
ZNF295-AS1,-2.0938582532979337,1.1733112667469174,-5.594470137311109,6.17405683182893e-8,5.308017387905718e-7,7.801550032845762
SVEP1,-1.3596194588580097,3.2204323267595805,-5.59297075999358,6.221265428384044e-8,5.346342434100521e-7,7.640000225456754
PLPPR4,-1.4586116861806615,1.389482936805324,-5.590684579249014,6.29392510437241e-8,5.406497625581777e-7,7.768398081130762
CCDC65,-1.5575736697936184,2.603847510509483,-5.587192663392576,6.406505330278505e-8,5.498556348504236e-7,7.642068058643868
GPR68,-1.1365536169173975,1.9645090976663517,-5.586915086246775,6.415538254336815e-8,5.503984781812639e-7,7.728283450932251
ALOX15P1,1.3121308162132546,-2.11441909974235,5.584673278321813,6.488947792618455e-8,5.564614976252215e-7,7.861642784977523
SPECC1,-1.0560160989027114,6.419528910764217,-5.584338345596655,6.499985478159421e-8,5.571729433070945e-7,7.258924482720195
AATK,1.0973400486251959,2.4378543880074557,5.583312565220414,6.533904005095713e-8,5.598442875192465e-7,7.607549145946708
RSPH4A,-2.192471284310882,2.1318793549501533,-5.570997159542603,6.954844507531753e-8,5.940401134915995e-7,7.629648998058956
AL109615.3,1.0235204023352638,0.6554524713713243,5.5709534684651105,6.956383930869941e-8,5.940401134915995e-7,7.703080166858113
NPM2,-1.1754418518946474,1.4382453449758985,-5.568700834568839,7.036205506476497e-8,6.006041189148606e-7,7.670599765599398
OPCML,-1.963284421430491,-2.2631259760044475,-5.566073268354139,7.130441226531498e-8,6.083924747608151e-7,7.790242539759531
CDKL2,1.5413097434958432,-0.4332419466046148,5.565589240612223,7.147934210330228e-8,6.095682182824885e-7,7.682883426167699
ASTL,1.4399643270723579,-2.1758214423967606,5.565376103995741,7.155650324791431e-8,6.097754180337989e-7,7.768819273314235
NAAA,-1.0092665962075058,4.189393096814987,-5.564886497815099,7.17340613708874e-8,6.108938061729124e-7,7.37102084925866
APOBEC3A,1.6340413096218125,-1.264705883532634,5.564848497206064,7.174786042780663e-8,6.108938061729124e-7,7.737789514907886
IL33,-1.6372253368609488,3.3323035653294664,-5.564674929791227,7.181092039380184e-8,6.111746842896268e-7,7.4770179107361905
AC008875.2,-1.3615457757076401,-2.0681695757871243,-5.564216228332964,7.197783453581574e-8,6.123388485165003e-7,7.7737749235677835
DNAI2,-3.0827744834335946,-0.03678220492494958,-5.55751217060329,7.446092110490596e-8,6.316125878698282e-7,7.684624132686659
ERFE,1.6525660548400145,2.9604326493921196,5.5551437441409055,7.535795574759091e-8,6.381562885891824e-7,7.404363394902102
LIPC,1.3182310834056692,-1.105947953449033,5.554747674049627,7.550899060660959e-8,6.391689817112592e-7,7.680118068540457
TEKT1,-3.4024933818556065,1.6232070034189094,-5.554188977885802,7.5722542006935e-8,6.407098017272886e-7,7.577605688948614
PPP1R36,-1.2431957703351157,0.8971168498395207,-5.5522998777147885,7.644898534610506e-8,6.463182937496836e-7,7.599631307188513
AC103702.2,2.3818864303582807,0.06774879849812915,5.5512511328791705,7.685520210892973e-8,6.492233559580454e-7,7.608333888747103
BST2,1.6498480928285844,7.39290802102141,5.55124780486731,7.685649451067985e-8,6.492233559580454e-7,7.0803208751408135
AC027237.3,-1.0640720917662296,0.543025678346639,-5.550848065200244,7.701188377993245e-8,6.499789134381531e-7,7.616456190927352
LINC01436,2.3284620992130267,-1.5469243676703976,5.550770986091093,7.704188164104068e-8,6.499789134381531e-7,7.674976082794659
RPL39P40,-1.3457881404135024,-1.7945494491686624,-5.5502751935911725,7.723510794303433e-8,6.513387277320456e-7,7.702862122655025
AL359918.1,1.106895092746007,-1.049363147068284,5.548756669789512,7.782986900854927e-8,6.558102229393679e-7,7.652223407590483
HDX,1.5134162380445657,-0.4169593121325125,5.546324093950942,7.879195214497323e-8,6.633668746455823e-7,7.604519068183338
KRTAP2-3,2.046766531205612,-2.6468467655118726,5.542847835913339,8.018695554849017e-8,6.745528495726467e-7,7.66968350021047
ZNF114,1.5579260240648476,0.005583571900758972,5.539472284635602,8.156456643906325e-8,6.850075406229428e-7,7.568034810691815
DOCK8-AS1,1.636377881354029,-1.3993895104878913,5.539226855029261,8.166562437123964e-8,6.85504988962031e-7,7.619951541454003
CAMKV,1.8372451649915014,-2.5767516847263763,5.537997303105108,8.217374359844327e-8,6.889848039994888e-7,7.646843175338721
AC004231.1,-1.3703594465368771,-2.4138510352731433,-5.536333599597362,8.286618587469288e-8,6.942177913096695e-7,7.645745027277661
MT3,-2.3470783199785776,1.0067032388578714,-5.534882398044221,8.34748242815171e-8,6.990285655943773e-7,7.525653647287861
TMTC1,1.269376094398452,3.6348881845930703,5.534249487138016,8.374163130610377e-8,7.009740175721799e-7,7.1916276185208226
ST6GALNAC1,-1.7462041309189766,5.368842639365342,-5.533789367464845,8.393611874489142e-8,7.020237355436927e-7,7.105319051840007
CST2,-2.896163687275984,-0.4869352274856161,-5.532708948314681,8.439453170165606e-8,7.052773282501883e-7,7.594370052359237
MT4,-2.8910726476670345,-3.459994152606577,-5.532106445197536,8.465122747200516e-8,7.071317497497053e-7,7.631736589506246
SPEF2,-1.0238507581580336,3.688982087547228,-5.531573854156982,8.487877069473003e-8,7.084501583571635e-7,7.239677327553002
PDZRN3,-1.312590470361454,4.994058217757449,-5.528241135954392,8.631622872169802e-8,7.198568044890401e-7,7.0953323620618605
TTLL10,-1.958020546838922,1.5390043990532707,-5.526270950634245,8.71771308392584e-8,7.258451483724243e-7,7.445308910940971
CRYZL2P,-1.2046277984087985,4.437660333067179,-5.526102384000396,8.725117590367144e-8,7.261641683317848e-7,7.148441442464614
CEP126,-1.3330868253427766,1.986899616069718,-5.523719389514537,8.830451665398947e-8,7.34329376626711e-7,7.394740932961108
AL354861.3,-1.7341266197034158,-2.53362234818107,-5.523444217928686,8.842694418875678e-8,7.350467131665818e-7,7.589450469170178
PIFO,-1.9039380256568563,4.3195077049370845,-5.523086996109018,8.858612371226175e-8,7.36068838237125e-7,7.1643052102969635
PAX2,3.7182650340978736,0.11277078124898038,5.521154581451008,8.945206799407967e-8,7.428727402579221e-7,7.436938680516129
CBS,1.9717655498764413,-1.5580016604206937,5.521096819512727,8.947807853529784e-8,7.428727402579221e-7,7.53694192323142
AC104667.1,1.1276263562593107,-1.9526464388501488,5.516754860426755,9.145452967982218e-8,7.586619841684514e-7,7.532736512467212
ESYT3,1.1111726121165697,1.0232254717720466,5.515333069559934,9.211092269243006e-8,7.637953459000198e-7,7.3798731701849345
CDH11,-1.1678668474688756,4.975705845226204,-5.512710868036157,9.333356475260447e-8,7.723580496872692e-7,7.0205041074470245
PLPP4,1.7767578583494146,0.02690607960699886,5.506935368131595,9.608250726265261e-8,7.944592667234139e-7,7.406846458846054
GRIN2B,1.928236457940158,-2.0941851845224093,5.505531370272274,9.676258902911779e-8,7.991072163461154e-7,7.47429944355639
NRSN1,-1.7419669319780597,-2.434954315833049,-5.505358067980088,9.68468592901594e-8,7.991537020760048e-7,7.498924266250919
VWA2,-1.7202374299745675,4.649692119330065,-5.502033645584675,9.847730810045814e-8,8.114906937130358e-7,6.995580974315982
TSBP1-AS1,1.5082961300399234,-1.7902468435199124,5.500678075245764,9.914978934231579e-8,8.164993187168664e-7,7.441006050695012
CPT1C,1.3248494122171035,2.5405388355012084,5.499432061030677,9.977186564532707e-8,8.206246043608368e-7,7.1843660351998775
ECEL1,-2.074250269453692,4.240947412317936,-5.498554221846031,1.0021241064412945e-7,8.23248599002137e-7,7.086732239845054
LINC00939,-1.6168357610438517,-1.9000880543734129,-5.498418344966106,1.0028076980879238e-7,8.234773194318774e-7,7.460186307859968
AC068587.4,-1.4529586268465648,-0.5952775389311697,-5.494229850763988,1.0241041106817387e-7,8.3960838828139e-7,7.397059800624409
FAM181B,-2.039166968488792,1.5196652225576235,-5.493526226067995,1.0277246510076366e-7,8.422369277048067e-7,7.294195935806057
ROPN1L,-2.7606499699670426,2.1294060959106633,-5.492914894345343,1.0308804124760462e-7,8.444826079469233e-7,7.260209873671997
KCTD14,-1.2401332174857613,2.213927804011783,-5.488736899720394,1.0527017791139773e-7,8.595866194741855e-7,7.22728036727077
SLC17A9,1.2933790531373512,2.859951887445148,5.4876473790402525,1.0584658273546177e-7,8.635993366180348e-7,7.083361304962713
AC061975.6,2.1978686786504085,-2.2068725336689865,5.486056368785843,1.066938236248394e-7,8.698135865829267e-7,7.393692053186528
CFAP70,-1.3574463536899306,2.023897906455642,-5.485814580668068,1.0682315688347768e-7,8.704123774339758e-7,7.202415354094175
ERVE-1,-1.6959668601452886,-1.0589083150151812,-5.4857589665109145,1.068529266727893e-7,8.704123774339758e-7,7.384085071810121
STAR,-1.1836333168217585,-0.8455936934959299,-5.485612455151827,1.0693139165773969e-7,8.707025657259219e-7,7.361836775792891
ITGA10,-1.170491902751864,1.1247785621234805,-5.485312595174094,1.070921583716886e-7,8.716624055851819e-7,7.277382396179284
AL929091.1,1.6179102346998464,-1.865631035725948,5.482515356693968,1.0860325358912744e-7,8.829010103781705e-7,7.359315069508561
LINC01006,1.289279955589245,1.8962691876929048,5.479666477374553,1.1016358519115307e-7,8.945124672093467e-7,7.1211566417984065
BRINP1,1.820154465681946,-2.2291393483736326,5.479395710012057,1.1031301565017486e-7,8.953681030647578e-7,7.355226840107976
CFAP46,-2.3935568721247376,1.611639386247334,-5.475598100175031,1.1242974813618004e-7,9.118205112209588e-7,7.201763949195733
YBX1P10,1.0018200518601574,-0.3756780814341523,5.473484623825599,1.1362484800892162e-7,9.207780745348177e-7,7.269293505117467
C6,-3.2066709543859826,-0.8986645506229926,-5.473026558716451,1.1388549501036898e-7,9.225224394542603e-7,7.318969869767528
WDR49,-2.3815394515469217,-0.4755253410712777,-5.4686439022593305,1.1640892132673838e-7,9.410878747194236e-7,7.276501883857545
RENBP,1.0227633160600393,3.0089597405847712,5.468108206844378,1.1672107131266719e-7,9.429037430266249e-7,6.981150397412671
AC127521.1,-1.3768029266446276,-1.3872060758529725,-5.467741325905886,1.1693532315010197e-7,9.442167293216815e-7,7.305484459157282
AL353572.1,-1.420428077397924,-2.086110171433379,-5.463076602622367,1.196930541121144e-7,9.649510637741423e-7,7.295408718213336
LRRC63,-1.5626923877718655,-1.7053205298885434,-5.462988151368913,1.1974595251545476e-7,9.649947418414363e-7,7.280126239734622
B3GALT5,-2.3651339528355986,2.825802477685478,-5.4613468013967355,1.2073170516690992e-7,9.72497791891688e-7,7.067257173755066
SCML2,1.4142049392354956,0.12197049388502673,5.4611236483462715,1.2086633384764285e-7,9.728662847997993e-7,7.188494009954127
LASTR,-1.243787251116283,-1.415210936213252,-5.460251681733628,1.2139379605370852e-7,9.763385480789758e-7,7.263844548002378
ALOXE3,1.5844651242499679,-2.4789840588043766,5.459089530388022,1.2210027982719996e-7,9.81244004431796e-7,7.270183668885519
HOMER2,-1.2038101923845996,6.733286456496584,-5.458996557886182,1.221569714066879e-7,9.813115758377569e-7,6.644399461816465
HNF1A,-2.309257298436951,1.2431404090737912,-5.457473826338997,1.2308913888408097e-7,9.880188225434682e-7,7.152339623389653
AC026740.1,1.1192905742099954,-0.09469584005120806,5.457275329164264,1.2321116162305743e-7,9.88607836094362e-7,7.182174101106845
SRSF12,1.1440709148460966,1.3876580537727474,5.456571125943357,1.236450093856071e-7,9.913061817566385e-7,7.072072662558505
WT1-AS,1.8164619503718096,-0.8865396923496818,5.451077628177095,1.270809063414635e-7,1.0168473781432693e-6,7.169711475082306
AL136964.1,-1.7569334560452647,-2.768887928788666,-5.447806925960972,1.2917052365298276e-7,1.0315370226810302e-6,7.232027750870445
SYT12,1.3834118438206542,1.3798126929634003,5.447466465439434,1.2938995302566402e-7,1.0328835056141381e-6,7.025690631345637
TMEM176A,1.2904955114625247,4.862083029411672,5.446090985156507,1.3028016121607983e-7,1.0391734680359524e-6,6.6398416655499295
KIF26B,-1.229471038122118,4.887824492870643,-5.444237298156146,1.314893022910026e-7,1.0478670242037946e-6,6.701689256696769
ANXA1,-1.1781867612498775,7.811975569595483,-5.443863990979785,1.3173412504112934e-7,1.0487130267669066e-6,6.557905781739327
OLFML3,-1.197487791678057,5.015450131055334,-5.443626605568957,1.318900381917169e-7,1.0491576960343789e-6,6.655879936809924
AL161431.1,2.293057269149891,-2.9631587696806534,5.443543221322869,1.3194484703128676e-7,1.0491576960343789e-6,7.20294662941109
SYTL5,-1.4157103769697452,-0.8172034670360663,-5.442819626863474,1.32421400991442e-7,1.0521237504886893e-6,7.160346195361445
TTC22,1.0421086042153198,3.488934310841845,5.439091396594957,1.3490346845453183e-7,1.0689193344522047e-6,6.763010510473702
LINC01529,1.3776010199433748,-2.2220900466655937,5.437994470526371,1.3564232979792848e-7,1.0739363890974282e-6,7.168607588064576
ZBTB8B,1.5970152632484345,-0.7881519753352924,5.437334270865285,1.3608892088946162e-7,1.076440274376805e-6,7.105650763633896
CHRNA3,-2.0625365177379176,0.1454044300991039,-5.43732688533529,1.360939249074326e-7,1.076440274376805e-6,7.094007033865886
AC137630.1,-1.0574471907606409,-1.3958534968014225,-5.437292134953505,1.3611747220765544e-7,1.076440274376805e-6,7.154666087551797
COL22A1,1.8217793615718905,0.19766609672288166,5.436455542535451,1.366855564792054e-7,1.0805123492350723e-6,7.046164211944715
TTC16,-1.448853305085248,0.2318996785493605,-5.436290376568848,1.3679798417746018e-7,1.0809806494645026e-6,7.0859329411982674
ZMYND12,-1.2829132151995464,2.1343211828145705,-5.432628118780832,1.3931412098479937e-7,1.099292001373603e-6,6.949583017126375
CWH43,-2.519704343887545,0.688493633956174,-5.432602850077674,1.3933163725341473e-7,1.099292001373603e-6,7.073383375387532
LY6E,1.3874821075493857,8.413279381166548,5.427595892442373,1.4284509331369203e-7,1.1257013092312822e-6,6.480884558586073
GPX2,-3.1252826978299026,1.931374045313128,-5.426010346311219,1.4397556499247258e-7,1.1328530324843255e-6,6.966974612380499
FHOD3,-1.3391361096341554,2.397461371389236,-5.423160741735793,1.460292211177373e-7,1.1467920749601595e-6,6.867897568362777
ZNF229,1.5805785707057551,-1.3487464870653554,5.421479006298852,1.472545655513e-7,1.1559682465294018e-6,7.044738215174676
AL357507.1,2.3021535563338054,-2.4513962712544224,5.420884021225206,1.4769047508163502e-7,1.1589425542699422e-6,7.087181144582768
C3orf36,-1.87790235400615,-0.6048537377325365,-5.420775667190589,1.4776999460045185e-7,1.1591190159241927e-6,7.053192583201163
TUBA3E,-2.5041432205321748,-1.6678978783465668,-5.418612452674127,1.4936629655354654e-7,1.170736834228415e-6,7.080571607725851
RSPH14,-1.485022515539452,1.1863950369049008,-5.418360348985247,1.4955341997155444e-7,1.1713000799621859e-6,6.946902464747502
KCNJ4,2.0228268673455387,-1.8776323623817803,5.418060768768976,1.4977607941926344e-7,1.1721405614621141e-6,7.050242103390087
ADAM32,-1.1488932600374209,1.5101149633408653,-5.416747241490422,1.5075615765607052e-7,1.178902711889949e-6,6.8837241817454125
AP002813.1,-1.2267768095321732,-0.729995942833777,-5.41497982808166,1.5208475480985589e-7,1.1879210441028099e-6,7.02386061256051
TREH,-1.843675030630204,-0.549786585684012,-5.414737148380851,1.522680690698908e-7,1.1888959799371726e-6,7.024782001366357
AL023803.2,1.0906792328906902,-1.6338060184628607,5.413581050689378,1.5314431335923208e-7,1.1948195872218936e-6,7.037582269173808
BAIAP3,-1.629349613173701,4.482402448850341,-5.410654888582444,1.5538413549675377e-7,1.2104358642529795e-6,6.586453187945924
CYGB,-1.0842645561763642,3.425118703745227,-5.405583868275129,1.593414577853122e-7,1.2373316832675369e-6,6.701040303954773
IGFALS,1.526617930400662,0.26860684658894735,5.404174032545866,1.6045897855299377e-7,1.2442458146169575e-6,6.8886989361012425
MYLPF,1.247068259202988,0.2690210763288062,5.403534576710677,1.609683605773416e-7,1.2472439803179147e-6,6.88961577404794
ABCA9,-1.4427375597022176,0.15064632480328563,-5.400708408559509,1.632385580876368e-7,1.263389358177125e-6,6.922637451909292
STEAP3,-1.0836069109002606,5.530415408965507,-5.398365375919193,1.6514425969138164e-7,1.2761946516987227e-6,6.403593609582274
TTC29,-2.7425180785858525,-0.5750496018401224,-5.3951732227519615,1.677754670208449e-7,1.294067776748255e-6,6.939867025739434
C1orf158,-2.9137095605866072,0.619862938500113,-5.39420102945608,1.6858489254404895e-7,1.2988322047252655e-6,6.879657343087287
AL354696.1,-1.024522543862758,-1.1278686799357227,-5.393336693464575,1.6930770849878342e-7,1.3039067326749808e-6,6.937992039529779
CAVIN4,1.16111501211839,-0.4909456940914645,5.3915777644237455,1.7078796781184746e-7,1.3148085825030257e-6,6.881609437520723
CFAP221,-1.63548382583248,2.7500041778052347,-5.391409281806,1.7093041657452332e-7,1.3154069619313185e-6,6.684792268385273
AC009962.1,-1.0513797518998445,-1.4908658400807437,-5.388162916456169,1.7369783738027302e-7,1.3352117031795002e-6,6.926498089917263
DNAJA4,-1.0489555108093018,5.2288245347360265,-5.384803713196352,1.7660733153108616e-7,1.3549895832532257e-6,6.364789246865312
AC092745.4,-1.7688952268350135,-1.7328684789747595,-5.379615563116232,1.811943187350844e-7,1.3875634265153939e-6,6.891198334118311
TTC23L,-1.0972328616677052,-0.05282614328738991,-5.379174009708801,1.81590017263997e-7,1.3900698722687288e-6,6.817320793293808
C7orf57,-2.2219661011365623,0.1481760534526541,-5.376771870834692,1.8375746824082232e-7,1.4061320724873769e-6,6.807954141340537
RHCE,1.156761228857578,-0.26389321394777066,5.375308418752405,1.8509025727893947e-7,1.4150223494480725e-6,6.794526993471218
C1QL4,2.118471985892193,0.8721674535069657,5.372780270774173,1.8741486998158338e-7,1.4308864829097297e-6,6.718559322365887
C2orf88,-1.7107820002332428,5.870363466827518,-5.372241007646031,1.8791438098275042e-7,1.434161426621637e-6,6.272462589345843
AC136621.1,-2.2234232997917736,-3.0287682626277843,-5.3719801963501475,1.8815643084241803e-7,1.435469707372862e-6,6.8807275102361265
ORM2,-2.407405887749979,0.08436518713800958,-5.370930356128391,1.8913382223452886e-7,1.4418438871322447e-6,6.808463861016674
CXCL5,-2.5210286382930978,1.6226067129962578,-5.368883040170826,1.9105408167025936e-7,1.454700455344806e-6,6.6749873332537
GFAP,1.4565045797028957,-1.6822805907800167,5.368827345389771,1.9110658412569534e-7,1.454700455344806e-6,6.819876139488045
GIMAP2,-1.0811272880555198,2.362233823131906,-5.367640812748094,1.9222844724673416e-7,1.4626922358077968e-6,6.621935367679338
AC010754.1,-1.7662995785282827,-1.910435229153394,-5.365357049101204,1.9440579892484275e-7,1.4776003954182887e-6,6.830221934825484
PYGM,1.0437546200421255,0.7415859081052752,5.36438970199499,1.9533528853942018e-7,1.4841100576729629e-6,6.6869258111801075
SEZ6L,-2.9214133585539748,-0.9555082459030297,-5.363380797550687,1.963093142876159e-7,1.4909531029826255e-6,6.792991448949695
ADORA2B,-1.033437653112216,1.1335229475038766,-5.362418903737685,1.9724235305034393e-7,1.4974798593183378e-6,6.697835877673001
ZNF887P,1.1224556426569265,-1.8984867273472923,5.354766284835182,2.0482066872622796e-7,1.5503818514681032e-6,6.770284942444087
MAOB,-1.375182064841149,4.330048755306674,-5.353033041308313,2.0657601631603529e-7,1.5625050076691854e-6,6.303174204607774
MORN5,-2.6120801033369365,1.1587933351778636,-5.351176440328719,2.0847252457580875e-7,1.5762632401334588e-6,6.639097892840701
LYG1,1.0618901108205046,0.6359063122793722,5.3502134387814735,2.094628844955796e-7,1.582573852969576e-6,6.64429843767536
SCNN1G,-2.0866716030621566,4.098058968079628,-5.34848466933132,2.1125225987792782e-7,1.5949074776222157e-6,6.327390701908804
ZMYND10,-2.1971995172068977,4.185084156402712,-5.343443991333784,2.1655493708227147e-7,1.6325157793991414e-6,6.351098334796968
CXCL17,-2.8767212328804526,4.117021357823994,-5.34259486946385,2.1746084176717658e-7,1.6387371702173144e-6,6.366769534091225
TMEM213,-2.512496034388136,-0.035967374605083736,-5.339542997829058,2.2074732671539257e-7,1.6610885674234002e-6,6.664253987346628
SLC6A9,1.0151530410725735,4.349167512574238,5.336999082099185,2.2352367345080143e-7,1.6800647704194112e-6,6.177421348221311
LINC00937,-1.6950785375467343,0.07062388328807499,-5.336530268924931,2.240390131568216e-7,1.6833156759331765e-6,6.616535067864831
LRP2,2.386406866813719,0.054887725419146556,5.335461407204275,2.2521827586370691e-7,1.6915507164279303e-6,6.5623376127737885
LINC00920,-1.3838408046962418,-1.5323785433283723,-5.334431553044586,2.2636021045666775e-7,1.6994994153384984e-6,6.679239452141438
TBILA,-1.1447633936942754,-0.7800649421178986,-5.332738099334361,2.2825021691454712e-7,1.713056650137096e-6,6.635456151054519
SGCD,-1.4966422601568445,3.684202110263624,-5.328883728908733,2.3260933726646777e-7,1.7419131063388692e-6,6.284790322609508
AL391056.1,-1.685547636209102,-0.4013883331801183,-5.326753951658751,2.3505263156712148e-7,1.758266354056009e-6,6.592524573930293
AC135352.1,-1.4723506223334821,-2.702661723275686,-5.3222924248591665,2.4025208241703766e-7,1.7945179430517727e-6,6.648457712924106
CEL,-1.678148704146402,2.4921559665825983,-5.317541079637431,2.4591222436524466e-7,1.8340991001832046e-6,6.37518379146537
DRP2,1.1777437258797279,-1.2470119092328553,5.317010453544621,2.4655233436133646e-7,1.838198695363097e-6,6.566065702863112
FAM81B,-2.594829360934078,0.8295156907912012,-5.316718948152923,2.4690467506438857e-7,1.8401505742605914e-6,6.491590786725791
NRIR,1.4982698596007262,-2.425014140279728,5.3165687691100505,2.470863865278622e-7,1.8408298093080172e-6,6.601545768868672
GLI1,-1.5229428853113591,1.1750713726881616,-5.312455066604382,2.521146910758587e-7,1.8748550974847247e-6,6.46547809234229
AC104809.1,-2.284699347219822,-2.5590250048508976,-5.311952701208592,2.527355220431218e-7,1.8778547111818817e-6,6.5989479315806205
DUSP4,-1.4193773312335702,4.796681020160762,-5.309425220274475,2.5588164014269054e-7,1.896622339263327e-6,6.107330188212398
PLAC4,-1.2978828401913707,0.6529043584921971,-5.306027830785891,2.6017063226042774e-7,1.9256037618575868e-6,6.448552873917102
STAC2,1.967562567424871,-0.23224579974808615,5.303579283758518,2.633050200090586e-7,1.9480353232872286e-6,6.460890619556475
ADAMTS6,-1.863614029462686,2.36220648314617,-5.302134627591529,2.651715111181661e-7,1.9604750061715562e-6,6.325791762881597
CTD-2297D10.2,1.7824409393830605,-2.7507365821889342,5.2994812120078745,2.6863327621492547e-7,1.9824628561336766e-6,6.523133233529923
AC018629.1,-1.7474604688402537,-1.4687376699902255,-5.298313589435676,2.701704906284162e-7,1.993083503278378e-6,6.516528076409506
TGM1,1.3093384889397734,1.2753666229111316,5.295387075963205,2.7406101133613536e-7,2.0195852046394546e-6,6.319734145441098
CXCR1,-2.0437593555766744,-1.863408410549263,-5.295037926904276,2.745287918178243e-7,2.022299081154571e-6,6.509019816931967
MIR205HG,-2.0190904825833966,1.2441813518937577,-5.292948014699931,2.773450676524872e-7,2.04230476629317e-6,6.351633042460213
IL7,-1.2267194051725439,-0.07013442567392918,-5.292519972928622,2.779253331422632e-7,2.0458364617107415e-6,6.42306392207489
ZG16B,-1.7818262360019896,1.648712369422271,-5.290815091809062,2.8024824994534265e-7,2.0614424292034543e-6,6.341788891236613
MICU3,-1.5548224078581505,0.3808334508345034,-5.288357499153449,2.83629980066655e-7,2.0840548499185455e-6,6.3705214530491485
CFAP74,-2.254880088219081,1.3246422695357394,-5.286795714360032,2.8579962362772954e-7,2.0984796064342397e-6,6.327834804522604
AC129507.2,-1.5737597489488344,-0.8284112443253046,-5.28213861472355,2.9236550050912895e-7,2.1443653671409374e-6,6.410743804759776
RBM24,-1.6113778877837925,1.4322434053357622,-5.281591539904448,2.931463565927079e-7,2.1485418504833016e-6,6.300969621605757
NDP,-1.7694370290634276,1.9825313597577023,-5.278073824346904,2.982159283585896e-7,2.183090550154573e-6,6.225696965800398
FA2H,-1.0676464370553642,2.9758040870868308,-5.276773991051551,3.001106625186743e-7,2.194046440658107e-6,6.163797936099329
SRD5A3-AS1,-1.303104376267556,0.4509124307070927,-5.274310198359074,3.0373422465533473e-7,2.2173471199335572e-6,6.324264779444226
AKAP14,-2.669107863176013,-0.7365170126715381,-5.273456142828822,3.0500020097178293e-7,2.2257896174328604e-6,6.372898623174573
LINC01460,1.3978292157195646,-2.4688669081617096,5.272722150883191,3.060923013476154e-7,2.2321564164294706e-6,6.394280703504945
OLFM2,1.3393622912042797,4.05969995509779,5.266369940096893,3.1570380062917027e-7,2.2989480630552694e-6,5.873347277118949
KCNK2,1.8447646015573604,-2.4969288273059007,5.262164970612123,3.2222696027593536e-7,2.3439301147631033e-6,6.350054393421316
CCDC194,1.5272546012420771,-2.402425190769959,5.260164732302772,3.2537570687371216e-7,2.365987787657004e-6,6.33768758364336
C8orf34,-1.5666034277068144,1.2322826945293517,-5.259610852335192,3.2625288884187133e-7,2.3698226278849866e-6,6.214222219028018
PNMA8B,1.1305504205170092,0.30378942315143487,5.256214383637778,3.316823476345549e-7,2.4049632655457347e-6,6.194167931988291
EP300-AS1,-1.23436968767591,-1.9154518103678735,-5.253630334361489,3.3587180405022136e-7,2.4327364738120806e-6,6.322510241163741
FUT2,-1.1984444432353172,4.634649745147535,-5.248127244908031,3.449658546730955e-7,2.4923874974674698e-6,5.796908446047533
RAPSN,1.3903706786440075,-0.9110061041845661,5.246587465433741,3.47552931207754e-7,2.5098189364138054e-6,6.221105135434556
VLDLR-AS1,-1.0633099804094712,1.191920978958853,-5.246544444958363,3.4762548248400227e-7,2.5098189364138054e-6,6.1323739472686825
CFAP45,-1.9136382534005545,3.3546425457781286,-5.2453945061698715,3.4957024231427125e-7,2.5220680173217072e-6,5.960113496152743
LINC01513,-2.499246560876238,-1.708331829276333,-5.243444395058143,3.528924263292184e-7,2.5424266829900867e-6,6.2689151425599
HOXA5,1.950574230412589,1.8947181350171063,5.243320642231919,3.5310428177811154e-7,2.543051531842076e-6,6.04453474427758
CCDC78,-2.1780008831374955,3.4332152948937606,-5.239766581337613,3.5924156318510225e-7,2.58450461245098e-6,5.929593648487197
BEX2,1.2918847170498395,3.188044098615988,5.238787235095932,3.6095086339074977e-7,2.594047152600282e-6,5.7984503129265565
ADRA2A,-1.8978158806488283,3.3345591769465854,-5.238462881900713,3.6151871215285843e-7,2.596291980846182e-6,5.957440815722395
CERKL,-1.7466795778286155,-0.07438658609842769,-5.237857034729212,3.6258170058313044e-7,2.6030061754332543e-6,6.179294821779121
NUPR2,2.0235560306636464,-1.18676473523181,5.236974379598677,3.6413579738758547e-7,2.613240093963731e-6,6.15340543274072
C19orf18,-1.404469008325465,-0.16029070856121197,-5.236676434053665,3.646618512594209e-7,2.616091586656008e-6,6.176440703094114
LRRC3B,-2.2808874198278364,-0.05558939907358075,-5.236345663826729,3.652467251699445e-7,2.6193628942674495e-6,6.1654226970507615
LINC01186,1.458010818169912,-2.3790239773229023,5.235688223784918,3.664119290890704e-7,2.626792256369054e-6,6.222852417341447
CORIN,-1.4812493252687993,0.40063853757057294,-5.233876898692747,3.696409118021713e-7,2.647853346859492e-6,6.132416270475398
RBPMS-AS1,-1.1723360120026804,-0.8197398970867023,-5.228755681517556,3.789205728488526e-7,2.708822273155146e-6,6.162429282052588
CSF3,-2.6638142079868015,0.16604292713073396,-5.226022754671318,3.8396482977613936e-7,2.7429529702531656e-6,6.142931177632564
SMIM24,1.9320266681879465,2.0808339710251786,5.222755896217736,3.9008019139047574e-7,2.781750810463168e-6,5.912813133611212
ZFPM2,1.1047270460869238,0.07296211955478987,5.2224039984449435,3.9074453847004215e-7,2.7848283273432673e-6,6.0560707169694155
HES6,-1.0590730205448278,5.67305452986314,-5.221758360626649,3.91966295350885e-7,2.7912834571518526e-6,5.570212321511994
TUBA3D,-2.327859500775941,0.03495163530823671,-5.221320168031966,3.9279761088508673e-7,2.796223693039756e-6,6.093561822893923
NDRG4,1.1082604459701986,3.4861786843722515,5.2197539228024645,3.957830282976459e-7,2.813534196264902e-6,5.73458238823496
ZNF670-ZNF695,1.0000558974902027,-1.5986633312836822,5.218156186796277,3.988511704206369e-7,2.8343535621080503e-6,6.127294190381544
UQCRH,-1.155801891639813,6.704098793783834,-5.217454996332878,4.0020495173487267e-7,2.8429798808317203e-6,5.499229073025891
MAP7D2,1.4253569452500063,0.4149051540800945,5.2171011002117424,4.00889908703572e-7,2.846850630500139e-6,6.0094306878208705
AC074135.1,1.7393534485070061,-1.8299765380532587,5.216096224718119,4.0284103111279155e-7,2.8587084903409133e-6,6.113595892830049
CFAP61,-1.7497864919346549,0.7706617415336017,-5.214105027816288,4.067345273930742e-7,2.8853307276568375e-6,6.012826317306055
TLE2,-1.131010726237812,5.807761924414353,-5.213302417642845,4.0831422665925846e-7,2.8955262884238554e-6,5.514677963639115
NALCN,-1.8418163912647534,-0.7954336598113525,-5.213125415952768,4.086634027677268e-7,2.8960545893466427e-6,6.0914939252787335
SUGCT,1.0526329891438553,1.1185930445008672,5.21312019132139,4.0867371394637725e-7,2.8960545893466427e-6,5.949995377164962
TMPRSS13,-1.4566044642005003,4.655104724486203,-5.213034914425421,4.0884204963542005e-7,2.8962376496306296e-6,5.636154647872997
PNMA6A,1.605525636781043,1.1712899353157382,5.212429085965142,4.100398883754194e-7,2.9033591839012785e-6,5.934454961440788
GRM8,-1.7901205178181971,-0.20531300794107993,-5.212202640132443,4.104884894609953e-7,2.904863530572865e-6,6.061478313701984
DNAJB13,-1.5534393975806982,1.3760925693184662,-5.2100195704712355,4.1483778054454384e-7,2.9325784527955857e-6,5.960075163447613
AL358075.2,-1.2019242358351283,-1.3754948017080217,-5.20963172375195,4.1561514759598814e-7,2.93705224608514e-6,6.101195503705594
DNAAF3,-1.3621091894539292,2.836529359904443,-5.208913411368527,4.1705860937560775e-7,2.9462284243829864e-6,5.831791078828747
CR2,1.6867885577977493,-0.03924752278541692,5.208343938324038,4.182064340372706e-7,2.952113798489603e-6,5.986916173876566
CCNI2,1.3041206746006728,-1.6473673541549227,5.206618066600381,4.2170385137207036e-7,2.973875459849396e-6,6.067268049518628
FGF19,-3.058458007767623,-0.31163805979138565,-5.20557497000992,4.238314008319202e-7,2.98559502950686e-6,6.0499633967685
FGF8,-2.413395761744355,-1.7342758699046377,-5.205515350002922,4.2395331899019867e-7,2.98559502950686e-6,6.08684290222149
VSIG10L,1.0176932791711166,1.6118577449078195,5.204621478243286,4.257853030000753e-7,2.997457740967624e-6,5.890767243038804
AL137847.2,-1.105625427648798,-1.7604257257709455,-5.204209241194853,4.266327675777682e-7,2.9998385745141486e-6,6.077317212956521
PKHD1L1,-3.520283895031807,3.91852892735792,-5.204130836755267,4.267941343364605e-7,2.9998385745141486e-6,5.747893461439887
LINC00526,1.1626214044716079,-0.9946772312074501,5.20409811307383,4.268615015496417e-7,2.9998385745141486e-6,6.019773626058159
AKAP12,1.257450800302239,4.301491435277101,5.203952208059682,4.27161997274478e-7,3.000912697064117e-6,5.574789844076722
CRIP3,1.2930034238160064,-1.0975830260138861,5.200616117200125,4.340890828384282e-7,3.0453664202996945e-6,6.013204599443172
SP7,-2.2738063828751867,-2.7571785357323635,-5.20024377139773,4.3486895688589916e-7,3.049784913647003e-6,6.089781855167251
LINC00323,-1.5611844626218254,-0.9943398902446421,-5.1993121939089315,4.368260992890279e-7,3.0624538261297696e-6,6.032406266570897
P2RY6,1.0344717149425635,2.334321430191901,5.191950070605971,4.525968590512932e-7,3.163197580247071e-6,5.753208678633568
TNFAIP2,1.077355359653545,8.011317132329662,5.189907878872036,4.5706857686550374e-7,3.189038931320263e-6,5.352036622917739
PKD1P6-NPIPP1,1.0380134809027712,-1.887680316439496,5.1871469925496605,4.631822368861028e-7,3.2294050711743234e-6,5.99205962906758
LRRC17,-1.6261883691046535,2.802065045887093,-5.186744930644946,4.6407915175404546e-7,3.2345489301266187e-6,5.733356513231488
CAPSL,-2.6201555268564922,2.0385972315565013,-5.185993908906887,4.6575904009291255e-7,3.2440324643071814e-6,5.813235558268452
CYP4F23P,1.5415562411428765,-2.7377274440616755,5.185085389901111,4.677991095241315e-7,3.2571254203386256e-6,6.008140022372038
PPP2R2C,-2.030627786601903,3.840444422538463,-5.178940867005573,4.818260583887212e-7,3.3513459311062178e-6,5.593076049318082
CFAP52,-1.8839512706327204,0.7210761967341804,-5.1786648171467595,4.824657250619108e-7,3.3534997934877823e-6,5.855134115158442
EPHA6,1.727931984784077,-2.1567496326867346,5.178115138541848,4.837419038874639e-7,3.3600719257036285e-6,5.95923580683166
KEL,1.2752448615849885,-1.8287083655863352,5.1771934850261925,4.858890462744223e-7,3.3738329267104065e-6,5.951056654051023
KCNQ4,1.117339633708424,1.6260639692166978,5.1770675517567355,4.861831457687791e-7,3.374495284071e-6,5.76768608516619
HTR3A,2.2365330746219616,-1.0052896118873946,5.177010470928645,4.863165069397736e-7,3.374495284071e-6,5.897378161014011
CIBAR2,-2.927307198829903,0.9578377161653957,-5.175609133478365,4.896016892572327e-7,3.392657597157858e-6,5.839543887820744
USH1G,2.057637043727351,-1.3757007255697655,5.172772702992712,4.963172400983573e-7,3.4368489225754734e-6,5.90434574655372
FOXL1,-2.057888648443508,-0.516537911171332,-5.172660931525361,4.965836935895919e-7,3.4375228162516568e-6,5.921295600516265
AC009275.1,1.3056516508070666,-1.9460830765610413,5.167129958976998,5.099438946515166e-7,3.515637623777959e-6,5.89856892671901
AADACP1,-1.6100850880136213,-1.2259092644761596,-5.165990597427313,5.127390624242041e-7,3.5325114253252622e-6,5.899352696914593
EN2,-2.8909692992654312,0.6438117120324135,-5.164751085297237,5.157968139989637e-7,3.552373584451013e-6,5.854195772677285
COL25A1,1.967216777935374,0.2848845473074975,5.164491020688251,5.164406095022832e-7,3.5556026245001366e-6,5.757481439478994
NOG,-1.6756730431023812,0.8414034469638528,-5.164407933645211,5.166464575768112e-7,3.555815307751816e-6,5.798519679096069
C6orf52,-1.0287475083784456,1.474271986381751,-5.16276617319514,5.207302869323748e-7,3.5827089883593724e-6,5.743180468186992
ITGA2,-1.2769905141762425,3.4276825863712577,-5.16160230531574,5.236443307357417e-7,3.601538875760817e-6,5.552640071999413
SUSD4,1.3347407739319044,3.0127775337302203,5.161436246141846,5.240613906491494e-7,3.603187991729808e-6,5.480217500738069
DISP3,-2.106926094247781,1.0709331716639903,-5.159605300983763,5.286812587411679e-7,3.6337226589974625e-6,5.766075325852958
LINC02381,1.768466218519019,1.5625161004165724,5.159235440829538,5.296192817618518e-7,3.637709456751563e-6,5.640272239509882
CITED4,-1.0733489586976823,6.912009731115911,-5.156977084539938,5.353819607758082e-7,3.6748068121605963e-6,5.212617243499695
CHRM2,-2.298079711327831,-2.4801791964029096,-5.155212864803897,5.399260317742995e-7,3.7034953323593865e-6,5.887780942191407
LINC01267,-1.8608500993819508,-3.060420738865671,-5.154819682209521,5.409438335494375e-7,3.7088909390780287e-6,5.889308316900953
KCNE1B,-2.073523578238718,-2.370054453374037,-5.1547680515123755,5.410776242061777e-7,3.7088909390780287e-6,5.881230205603321
WT1,2.0078955082888124,1.690903850064522,5.153995473953887,5.430834439982602e-7,3.7213850019624545e-6,5.614697850641986
COBL,-1.1772206446311335,4.913574322930972,-5.149436518566693,5.550674541185681e-7,3.8022214147306296e-6,5.316460665724206
KIAA2012,-1.7823352627270095,-1.2769471234831937,-5.148669265324748,5.571093788481523e-7,3.814922848958843e-6,5.800907005973748
AMOT,-1.1443310953200907,5.363463824995153,-5.1484707128637,5.576389811931367e-7,3.81726327173099e-6,5.239870517848537
WDR17,1.5803126281608368,-2.555356684649983,5.147872626875364,5.592372196630926e-7,3.82562680997398e-6,5.832855791360514
SP5,-2.63410957236544,2.644644205040606,-5.143921905109554,5.699067550946455e-7,3.888145314046182e-6,5.56188829850406
CALCA,2.5479447094911802,-2.306379715163187,5.140081014167787,5.804688774967933e-7,3.95622047828465e-6,5.791505276461389
SH2D5,1.311136297385515,-1.0734574213333612,5.1380212898457325,5.862109200755719e-7,3.991340281278366e-6,5.743061373233896
NUDT16P1,1.0660134151224554,2.013725536181993,5.134619870443355,5.958141497662987e-7,4.048588024022151e-6,5.503597274492176
F13A1,-1.2620062904004987,3.3818267298063738,-5.13285470122928,6.008577276640726e-7,4.080131124973141e-6,5.390077192731278
CDX2,-3.0375317631257546,-0.8901545857542121,-5.132591609492429,6.016129914226693e-7,4.0838952697643054e-6,5.743522737073862
RUNDC3A,1.2295632875337892,-0.03537416899730095,5.130610319983002,6.073303842650587e-7,4.118579489423775e-6,5.641689568039547
AC016717.2,-1.8038559234170062,-2.2620040402211328,-5.127284515407726,6.170463361592834e-7,4.180283245367092e-6,5.751032476882044
CFAP126,-1.7167986610872523,3.4919254638779518,-5.126766997250688,6.18571698285627e-7,4.189220658432884e-6,5.391756303770851
CTNNA2,-2.3537574925119893,3.625217623454648,-5.12568357521919,6.21776890469945e-7,4.206322682254433e-6,5.3582451605733095
CATIP,-2.0055918811907967,0.34094891787227133,-5.125633709150902,6.219248012288217e-7,4.206322682254433e-6,5.632912681073605
EDAR,-1.967557637324545,0.9294970687004059,-5.124963307173943,6.239166379013415e-7,4.216987611808069e-6,5.592105297635468
POT1-AS1,1.1441496423300141,-1.6286488381890871,5.1219687593765775,6.328895686298025e-7,4.271952040130225e-6,5.680343129738405
AL135818.2,-1.3738763493324506,-2.4081308966235024,-5.119142716397404,6.414723111098616e-7,4.321273865096728e-6,5.725723944980302
KIRREL2,1.6657556700705478,-1.9089404960491112,5.1172718516311795,6.472161520773038e-7,4.3556361174897755e-6,5.673921516045341
CXCR2P1,1.790361798047432,-1.1195336800422158,5.116899847046385,6.483641937328411e-7,4.36191786607953e-6,5.654031581241024
KIF19,-2.4127629595295965,1.3556430871163696,-5.111597621715313,6.649436389212191e-7,4.467541989234664e-6,5.5106326986044465
SHISA9,2.0965985463490746,-0.3027414129603685,5.111295055182264,6.659020286407427e-7,4.47250258760557e-6,5.570685136952021
PLCH2,1.4680016898670107,1.3142921759361805,5.109826771715631,6.705719228856954e-7,4.502379835060745e-6,5.468648584990676
HAS3,-1.5768280746843142,2.7293840953367736,-5.106858499161741,6.801097520988432e-7,4.560392808200887e-6,5.404925688259608
C9orf24,-3.073660469178465,2.4732994772181423,-5.1062451170792835,6.82097045485604e-7,4.570702391180156e-6,5.431944718319093
AL590064.1,-1.4175661837419598,1.778579294572204,-5.104605372686075,6.874373336573706e-7,4.601935562994861e-6,5.4546289150237195
SLC22A17,1.069453713801388,4.204081682792067,5.103792129795686,6.901009064407768e-7,4.616725089697942e-6,5.091187671346679
GADD45G,-1.042144836583295,4.124475304074675,-5.103110628459426,6.923406979334483e-7,4.62866195552612e-6,5.1877425643168085
PIPOX,1.194282080483169,0.08101896839867723,5.1023317719166466,6.949090849373866e-7,4.644305242442436e-6,5.498633096110742
AOC1,2.2555141129883474,4.511584568454795,5.101164857856835,6.987744447044481e-7,4.665715849559732e-6,5.039950900373956
PRKAG2-AS1,-1.4329979715110945,1.3579849998575222,-5.101156751315967,6.988013701072537e-7,4.665715849559732e-6,5.479370926967251
GATM,-1.2001111496746608,3.7808795386662433,-5.1002732339594345,7.017419593916172e-7,4.6822730081008625e-6,5.206833955705302
FAM183A,-2.4345665409119,2.304460936037318,-5.099309676283725,7.049626237064415e-7,4.70067597250975e-6,5.39442928054674
DRC7,-2.2145611136398164,2.008360065861899,-5.099077657270102,7.05740279287622e-7,4.704317952194696e-6,5.406658682702455
RHOF,1.1842503146404026,0.9016198592754495,5.0976637713210655,7.104971957954593e-7,4.734473772900628e-6,5.44432738343778
AC008897.3,-1.4286472571216382,-1.6423969040248407,-5.096885519270309,7.131288194971261e-7,4.747340362744707e-6,5.60439861669478
SLC38A3,1.6248842203729956,0.2750135705339946,5.09546925909885,7.179421086918084e-7,4.776295369523152e-6,5.449482619732873
LGALS17A,1.7657131912560688,-2.334793596241297,5.09469802315819,7.205764566430576e-7,4.790643083026988e-6,5.597911800033942
DACT2,-1.4952785752387072,5.738913947178604,-5.094059265146734,7.227653870615497e-7,4.8036245018439945e-6,4.970474654634911
LINC02321,1.152918123202548,-1.7542926747101837,5.093694976690222,7.240166359631043e-7,4.810367476075231e-6,5.570587524014509
MCM2,1.2011087577182726,5.064441193333687,5.092524815568997,7.280501014945544e-7,4.832426604433482e-6,4.98880883737652
AC124319.2,-1.347774005879138,-2.2970703470031197,-5.092403138568162,7.284707621903376e-7,4.833640147161744e-6,5.597057383837836
IL19,-1.8929825071668,0.9716714314753013,-5.092056323165931,7.296710630127767e-7,4.836867150904003e-6,5.465571091980552
AC092128.1,-1.430768513771385,-0.48406874861444926,-5.090993108052665,7.333627293019987e-7,4.858169527488208e-6,5.5147335654367335
NTF4,1.6976906286581002,-2.405671647043054,5.088048723807971,7.436809054001002e-7,4.923312938551021e-6,5.554606012914881
GPR156,1.197171316972658,0.2368737188654546,5.08682895816917,7.47996509963913e-7,4.9502706182046785e-6,5.419432732032311
AC243960.1,-1.302539217289825,-1.5098531710362197,-5.085648501593527,7.521961505753444e-7,4.976443543064225e-6,5.545860512324554
BMX,-1.586177038506604,0.01139996869594033,-5.082957407189423,7.618557348965973e-7,5.032159881715451e-6,5.4699510054114135
IRAK2,1.0706961330359956,1.641125993243474,5.082343259241762,7.640769923179833e-7,5.045191940178912e-6,5.311441827224463
SP3P,-2.3280608685974813,-2.8093347722822277,-5.082000003968359,7.653212158759146e-7,5.0517662849828155e-06,5.563261583067632
AL079338.1,2.862709159182847,0.7225843517310431,5.081571988873584,7.668754266828731e-7,5.0603818739943875e-6,5.276143935771241
CA8,-1.528987712627595,5.056894338193267,-5.079800806883524,7.733395454910756e-7,5.1013803708408375e-6,4.976252035392199
NKD1,-2.2331934755395793,4.2241039551981086,-5.07969034965289,7.737444160658181e-7,5.102395039624168e-6,5.085040251686845
TMEM26,-1.5517197777491751,1.6407278955308648,-5.079154879114708,7.75710047288893e-7,5.113698021764341e-6,5.3335757769031344
MROH7,1.1452613097679314,-1.1631142724196732,5.075980380067368,7.87462952513661e-7,5.18612995686573e-6,5.450413829314991
LDLRAD1,-2.3500354132932104,2.13940838007954,-5.073591485636364,7.964209665549414e-7,5.2383364803438925e-6,5.295204289828091
IL11,1.403482912769328,-0.12336723079440787,5.073072058596868,7.983817777635345e-7,5.249281247924599e-6,5.397993495563586
HMGA2-AS1,1.2235093013643943,-1.9951870675542112,5.071564780844457,8.040982050445923e-7,5.2785826612811025e-6,5.47382913643294
TDRD5,1.7566330507091652,-0.39666126203089086,5.066175457835524,8.248638234757695e-7,5.400944699845857e-6,5.366499484513807
CYP2W1,2.190563821073411,-0.867171655172318,5.065507907214218,8.274718636133702e-7,5.410797493393153e-6,5.386561307902673
GPR3,1.0949843031542732,0.5827869777181025,5.062469763890182,8.39442833105757e-7,5.48227382392076e-6,5.313879438555437
CPNE4,1.8267675060498916,-1.3680473381830365,5.060709513068241,8.464552375910101e-7,5.523852363732444e-6,5.397132699847739
SNX10,1.0204963074492526,2.3687933495376576,5.058325737170323,8.560421755148056e-7,5.578134394088782e-6,5.151595373990377
ALKAL2,-2.001306177783216,1.8980218336900496,-5.0577097496195,8.585365797592401e-7,5.592595335585512e-6,5.245968912691911
DDC,2.2447860582307886,-2.2752318509402882,5.053858657031227,8.742917821663973e-7,5.687934116757317e-6,5.400420457336399
PRRX1,-1.4608453956780227,4.919145561315302,-5.048337096779357,8.973708323792135e-7,5.826889711589501e-6,4.856691033488018
LINC01612,-1.9282331459050501,-2.005627406617173,-5.048222906574409,8.978543015729835e-7,5.828166983445965e-6,5.406547409116582
RUFY4,1.5281799870230668,-0.28682256333745804,5.047907955842857,8.991890780355133e-7,5.834967695400311e-6,5.281210809285718
AK7,-1.3595349710611013,2.8117900636248367,-5.04487853920537,9.121264809141522e-7,5.90468114173544e-6,5.086462921274784
AQP3,-1.362757617834271,5.37533790206965,-5.043526371273685,9.179590902330018e-7,5.939700907321085e-6,4.781460838319309
HCN1,-1.641235672499442,-2.423338385229173,-5.042918751536915,9.20591826476249e-7,5.954840318683413e-6,5.3814205916790065
AC015802.7,-1.530223304956817,-0.7895143904495121,-5.04144839505398,9.269929973425948e-7,5.99433842761403e-6,5.313852489579193
GPX3,1.4463031417197838,6.974838069316501,5.039476957389049,9.356433297431909e-7,6.039176395337598e-6,4.663165443914796
IGFBPL1,-1.823654335085085,2.3655058341683235,-5.038670728005421,9.392034150488197e-7,6.0578769303244085e-06,5.071796807032488
AL158835.1,-1.7376883918686656,-1.717159916689482,-5.036391931237528,9.493370715947242e-7,6.119355104056827e-6,5.329906661013687
HOXD1,1.8233328356849776,-2.629866581818343,5.034702475030756,9.569182718105495e-7,6.162359618592398e-6,5.322148821423952
MMP26,-3.45758778570011,-1.3810682464210609,-5.034507425527641,9.57797297100071e-7,6.166066603187154e-6,5.335870542764806
TM6SF2,1.1256160592557154,-1.2646635468684475,5.030341470503919,9.767598010296774e-7,6.280185446417958e-6,5.2619511585458945
SCML1,-1.1830601199982174,3.2732572970977616,-5.030133809444191,9.777144839783448e-7,6.2843356016369e-6,4.952639660890742
MDGA1,1.0947638403655662,1.7658657003988345,5.027857744701739,9.882376990353793e-7,6.3479592273056405e-6,5.0655404256483605
AL109917.1,1.1210608368945945,-1.1759463056317645,5.025768871636774,9.979919495740915e-7,6.408590326427752e-6,5.242278353715054
WFDC8,-1.514102150272379,-2.4923058821027486,-5.025043873082929,1.0013991730975963e-6,6.428342787367698e-6,5.303209121519604
AC104964.3,-1.2203295498459954,-0.1776986696467379,-5.024979864214941,1.0017005317650806e-6,6.428342787367698e-6,5.210262151874665
UGT3A1,1.9766319462507147,-2.9144826309806295,5.0236231728925524,1.0081086430962662e-6,6.463343868229815e-6,5.28175660082859
LYPD6B,1.523019214870279,2.8126027429774663,5.020146333227839,1.0247127528568666e-6,6.563587138059551e-6,4.8739140395721545
LINC00648,2.099720155531864,-2.890807230577058,5.018445036266643,1.0329337513076231e-6,6.612325253227298e-6,5.253574155724771
TP53AIP1,-1.7202397175154842,0.17809439536597554,-5.018291170166888,1.0336804046807155e-6,6.614773471262866e-6,5.167944255806248
AC023300.2,-1.9176693948760553,1.6006752213641144,-5.018207861683352,1.034084887044387e-6,6.615278956339351e-6,5.069176916084264
IGF2,2.1467217600563404,1.0976097638467546,5.017832872471401,1.0359074472217968e-6,6.623920405911338e-6,5.022765205199226
MATN4,1.455857011513261,-1.069135297280338,5.01367667952451,1.0563172998077369e-6,6.740531491771568e-6,5.175913869791772
MED12L,1.424872258717034,-0.84712179903785,5.013300183388274,1.0581852842141262e-6,6.748427268691268e-6,5.158995212146001
AP003071.5,1.0624179698782683,-0.8260642930726937,5.013293445842346,1.058218741651204e-6,6.748427268691268e-6,5.166631685930357
KCND3,-1.5814985762974598,1.3466806705323735,-5.012994160434211,1.0597059730609745e-6,6.755791780580692e-6,5.0870210270982135
PADI3,2.0094552878087297,-0.8107296128468042,5.012687486751251,1.0612320188747373e-6,6.763399044092242e-6,5.146443419220937
G0S2,-1.2099298651502748,4.19146389811939,-5.011017931482179,1.0695773406125216e-6,6.814448235300593e-6,4.757254416316901
CHIA,-2.4047347127069147,-1.2466263744298738,-5.00863816917366,1.081582613063672e-6,6.877999070058219e-6,5.190677386533067
SAMMSON,1.3220179570021369,-2.0922213503353873,5.008231654408441,1.0836463817152921e-6,6.886813340206878e-6,5.19483491232261
SCGB1D2,-3.1245488516859554,4.244499148984523,-5.007888537356062,1.0853912645167412e-6,6.893591268761953e-6,4.84201038864682
SLCO5A1,-1.508379069960788,1.3444673211185123,-5.007146251534165,1.0891753908824298e-6,6.9154641188049055e-6,5.046369345392529
ALDH1L2,1.007904095286712,1.6479038750927433,5.0020641087439115,1.1154292089400378e-6,7.055705957826744e-6,4.962496071490065
MPV17L,1.4154964225029427,1.2130575266353143,5.001634632938503,1.117675708190321e-6,7.067716581599279e-6,4.935749729599881
TUBA4B,-2.9658407949918475,1.7050872940798896,-5.001081741586423,1.1205742208000487e-6,7.083841512765223e-6,4.999567635175992
ISG15,1.2505304885614539,7.210990463558237,4.9968196512426974,1.143163731547028e-6,7.2116527094485135e-6,4.468046608535638
SLIT1,1.4518375623181872,-0.16543246069695233,4.996178104053638,1.1466019558138502e-6,7.22814458745679e-6,5.048119925176049
RPL7AP50,-1.216109207347794,1.6288981089530725,-4.9953586279109015,1.1510083166512544e-6,7.2491766432042434e-6,4.969214868030533
CPAMD8,1.3561944611366377,4.6658759003955455,4.991163778170398,1.1738222635549773e-6,7.383708970749415e-6,4.520120886787538
DPY19L2P2,-1.5868258113603968,0.4673300181669178,-4.989767739539584,1.1815113554715962e-6,7.424923940469853e-6,5.018932520907747
SLC14A2,1.5926463521261014,-1.8858446283250154,4.987320015738321,1.1951107871647433e-6,7.496738159980323e-6,5.081881067774298
PHF24,1.5178016555798248,-1.5943825624576542,4.985388148648828,1.2059510417010124e-6,7.550754458265982e-6,5.0866442624176695
SCGB1D4,-3.294299269748689,-0.7560845855219583,-4.985087869967906,1.2076445168207334e-6,7.5590289990343665e-6,5.085836870275561
PCSK9,-1.819624050255099,3.23749820840013,-4.983669503228687,1.2156748225200806e-6,7.60695045963612e-6,4.826595751724048
MS4A8,-3.514468173174847,1.5984490714362196,-4.982781454054538,1.2207289448925525e-6,7.63622501569598e-6,4.927154457768262
TEPP,1.2498200399313837,-2.4058708416006382,4.981502285074912,1.2280448063509324e-6,7.679625429008107e-6,5.081102886680462
NACAD,1.0923720913363557,2.218005885207205,4.974816751347377,1.2669769418941466e-6,7.898785081919213e-6,4.776349069933903
SLC26A4-AS1,-1.3716307324146735,-2.331447011201374,-4.9674360556157815,1.3113449447871897e-6,8.165372137823175e-6,5.0401456897153665
RSPO3,1.8453584235632006,0.5799149208165604,4.965329876868078,1.3242793481673195e-6,8.241731359027443e-6,4.871047019453812
P3H2,1.0140431064111923,3.316973808253093,4.965307222615995,1.3244191408474526e-6,8.241731359027443e-6,4.5817845168188445
HOATZ,-2.5929707986077553,-0.6682218804794511,-4.961603492232427,1.3474668570021908e-6,8.375708453025328e-6,4.948592195484888
AC109322.2,1.0389990147056893,-1.681980131075443,4.9569507311428245,1.3769708595179136e-6,8.550429498576864e-6,4.947522542960009
LINC00303,-1.6176602914576295,-1.7690001220370535,-4.956654739830972,1.3788687993364384e-6,8.55959971829987e-6,4.9761759575408995
ARHGAP26-AS1,-1.5141934636920955,-2.0398261282432646,-4.9554493433458315,1.3866241629529868e-6,8.6051143474371e-6,4.981665792309119
AC008759.2,-1.1910924757102543,-2.0707827615343923,-4.9530312273706345,1.4023094982998944e-6,8.68918848885581e-6,4.968728861619081
CFI,-1.246064698712102,4.328366559181898,-4.951944134024817,1.4094168545767627e-6,8.722590789408687e-6,4.401506162871733
ABCA10,-1.3665371208826753,-0.20604569080020108,-4.9517661110031055,1.41058407633763e-6,8.72468279350127e-6,4.891780102559804
AL357033.4,1.030550592764349,1.1484172533005614,4.951411662335149,1.4129108327596458e-6,8.736233576211452e-6,4.775129697549334
PPP1R42,-1.7099472013836823,-0.9231674027304847,-4.9502525714690035,1.4205455752905038e-6,8.778099201035025e-6,4.910761858403209
WFDC1,-1.0732791032613365,2.6925155930914357,-4.949148196084445,1.4278570490009543e-6,8.817917552080034e-6,4.675950440891176
RFX2,-1.2128805124661235,3.910263620695562,-4.94852693896685,1.4319860491840244e-6,8.840730395995172e-6,4.519242687522235
DNAJC12,-1.3778175698183244,1.1032714967896615,-4.947198985625376,1.4408506778439967e-6,8.890057430631873e-6,4.76024225520853
MSX2,-2.273744202281451,4.221335499322269,-4.946043931267332,1.448604299832002e-6,8.935184761695177e-6,4.536232577343682
METTL7B,1.4911933901605072,2.2037643680094474,4.944621536923043,1.4582080041449018e-6,8.988965567558684e-6,4.618142203249084
CBSL,1.7877877912810107,-3.306105517746062,4.942789250646357,1.4706700484955127e-6,9.06303761844233e-6,4.94370301631201
S100A4,1.2057067755040736,6.12976543345488,4.941956276568255,1.476369424482137e-6,9.089891603506499e-6,4.239237482338648
TMEM154,-1.0164405638245666,2.434621345860038,-4.939870086523353,1.4907375093342352e-6,9.167246335766715e-6,4.6520774537158935
GALNT14,1.9837387013746852,2.625762994307859,4.936441421684369,1.5146459375170047e-6,9.308637446052496e-6,4.522973929732308
CAPS2,-1.0144358915954597,1.0143699488402966,-4.936045006256693,1.5174339932502555e-6,9.322952986341653e-6,4.740151997037788
MIR17HG,1.1285523989031638,-0.5787035806924213,4.9350842221214855,1.524211965999712e-6,9.356111143756614e-6,4.796175152899668
LINC01359,1.0934664139803354,-2.0262006168883366,4.9342390439123305,1.5301985930497184e-6,9.377526331390718e-6,4.864385564336987
IGSF5,-1.5130399395501084,-1.418894810916357,-4.934135928398596,1.530930543571856e-6,9.377526331390718e-6,4.873673593816719
ZNF730,1.607189993111853,-1.3324348218924729,4.933104201683841,1.538272782199897e-6,9.416824104045394e-6,4.819249704741377
AC025171.4,-1.2279300115856353,-0.43618074075365826,-4.932469272978529,1.5428081474608908e-6,9.441744290573667e-6,4.806495730796948
TSSC2,1.392213837315801,-2.1928067166177603,4.930631339237341,1.5560097589883524e-6,9.511080403512564e-6,4.8539050177598675
AC083805.1,1.1083915152792683,-2.3221657220782617,4.929118155123348,1.5669607126240267e-6,9.569383871205145e-6,4.85120950060863
GLYATL1,-1.8439046832707366,-0.10433702294986116,-4.928771735826555,1.56947822752202e-6,9.581879091666425e-6,4.7901951543784245
TMEM171,1.513047060189976,-1.8820571887724948,4.928240179429368,1.5733487902250126e-6,9.59974206320419e-6,4.836911889876381
ELOVL4,1.2551801335346635,-0.18251644049951618,4.926652241517855,1.5849665442562957e-6,9.667725103680958e-6,4.735528452125802
AC005682.1,1.0495899178278598,-2.054075721680988,4.926542818847453,1.5857701574217538e-6,9.669724776309549e-6,4.835320581944929
LRRC43,-1.3416022845558444,1.8828561805376876,-4.924373387268006,1.6017843431630667e-6,9.759259044598415e-6,4.633253135778509
ARHGAP28,1.098731226910175,0.9061811473916044,4.924358640948751,1.6018937302096199e-6,9.759259044598415e-6,4.663834707888577
TNS4,-1.6714322290358266,2.7727767626334843,-4.923248189713513,1.6101517658623781e-6,9.803692177767218e-6,4.569928367645827
AL121906.2,1.0205322127426681,-1.5922957438853316,4.922107765884511,1.618675558256179e-6,9.849689235328917e-6,4.803681067641209
TOX3,-2.1212370652527586,2.490997474175209,-4.921224275354659,1.6253089629443048e-6,9.883326168138746e-6,4.6041583598600155
HMCN1,-1.2374028072888938,3.577474025437363,-4.918824753768381,1.6434579724039035e-6,9.982558228074397e-6,4.404090087866715
ZNF572,1.3579877489530676,0.7353334432821091,4.917943023544878,1.6501761520195108e-6,1.001737757277316e-5,4.635890915593671
PTGER1,1.3923354147488873,-0.6492286810350452,4.915212204931932,1.6711520926273652e-6,1.0135629701748305e-5,4.711677460525196
CFAP77,-2.6530944594990666,1.4405938955681403,-4.910019643856982,1.7117508381008992e-6,1.0369891929147124e-5,4.61520270315253
XKR6,1.4579251048788735,-0.8620661666208244,4.909417145875945,1.7165228620473692e-6,1.0395295187202243e-5,4.693813053760248
SIX3,2.2070934167034073,-1.3227878428201023,4.908728517076187,1.7219928349253941e-6,1.0412907580191523e-5,4.705349923549837
SCNN1D,1.0821119312583911,2.4809924480391885,4.907105603535726,1.7349508641900233e-6,1.0478793867399119e-5,4.450961571989357
FSCN2,1.066336952037986,0.5162505342314815,4.903231904001716,1.76626246712646e-6,1.0658408070628912e-5,4.615742297327928
AC084262.2,-1.4624790627577413,-2.525467334181971,-4.901518273640646,1.7802876755763924e-6,1.0736666682022137e-5,4.768882770047503
EFCAB12,-1.3916096427542732,2.6278944096029018,-4.897483825282914,1.8137342152969736e-6,1.090924361991586e-5,4.4258528017149175
FBXL7,-1.1068026345666286,3.4735416719644396,-4.897220710691355,1.8159364784069077e-6,1.0916028685933745e-5,4.32166352355401
MYOM2,-1.1376933467822032,0.8028017609559209,-4.894481544986965,1.8390173627595747e-6,1.1048237919221281e-5,4.584481121889997
CFAP299,-2.1297261416856,-2.078021579657609,-4.894084057324136,1.842390172863783e-6,1.1065229867991585e-5,4.723461372676286
ZNF671,-1.0961776641588346,1.9322601919910214,-4.893876122505482,1.8441569486650818e-6,1.1072568929001219e-5,4.499361556030641
EFHB,-1.4261425518234105,0.6863886123640814,-4.893361046827208,1.8485404904841393e-6,1.1095610433727009e-5,4.5666982674808745
BCAR3-AS1,-1.3361817459710155,0.45364540231700873,-4.892785607789593,1.8534496698064922e-6,1.1121792468009197e-5,4.60248610599532
AL606970.1,-1.6062468931145406,-1.514219965878911,-4.890596804236674,1.8722382002516807e-6,1.1226557755363353e-5,4.682119932490694
CLIC5,-1.2052592693881712,3.998763420097036,-4.890073378699664,1.8767584595952663e-6,1.124837479587561e-5,4.211781841789621
LINC01978,1.229500823439775,-1.730556235690367,4.88893760751358,1.886603206636221e-6,1.1304045864290847e-5,4.661388565477518
AC004069.1,-1.0564291461008146,-2.0775601791427247,-4.8861243021924725,1.9112041559560668e-6,1.1437960325574528e-5,4.685416032934077
CELF5,1.3892224558672008,-0.43404040257881193,4.885758058937959,1.914429498531867e-6,1.1453890234960751e-5,4.585350740344606
CCDC146,-1.3444384511838585,4.498332239848188,-4.8841657689372875,1.9285133768414735e-6,1.1521195141365698e-5,4.167812475415142
AP003717.1,-1.4969478666679226,-0.9970352341543318,-4.883515380158296,1.9342948661351886e-6,1.1550845808631802e-5,4.623079547914219
NFASC,-1.3066253851225904,2.6331930572526012,-4.882242402722663,1.9456592584378026e-6,1.161323382356344e-5,4.374969207364387
RUNX2,-1.398320916530245,2.750450145943613,-4.882181430885876,1.94620519597801e-6,1.161323382356344e-5,4.339699119846125
AACSP1,2.237586174722986,-1.7881461052818686,4.880688009713458,1.959623519754507e-6,1.1686440262761326e-5,4.6195978364663866
OLFM4,-3.483771639535177,2.4911871040510194,-4.879695507636067,1.9685905350332072e-6,1.1736472289238751e-5,4.4124656914607705
HEPHL1,1.2537828060836589,-0.7294791644032143,4.878334667470347,1.980949905385098e-6,1.1799773117540075e-5,4.55226591203534
HP,-3.1044034859056175,3.5630176013963744,-4.875087502040271,2.0107450116415114e-6,1.194923439081932e-5,4.312360041508317
WNT3,1.2107702391915005,-0.335722812948612,4.873652924795689,2.0240458579691067e-6,1.2014225472361017e-5,4.522283343571326
AL023882.1,-1.0486137745403559,-1.7250224590285421,-4.872656759109121,2.033331917059564e-6,1.2065821279509073e-5,4.6112775021131265
ATP2C2-AS1,-1.023744257182833,-1.539896882560848,-4.871490086261133,2.0442597772925446e-6,1.2127126594773404e-5,4.605937897599029
ECT2L,-1.2816493714476431,-0.7969361980106924,-4.871266435762707,2.046361116789315e-6,1.2136049996389274e-5,4.557804402815977
SYNDIG1,1.7012060042054669,0.11776273761231892,4.8703483393464255,2.0550091201149223e-6,1.2183782192886723e-5,4.463532857735631
ARSL,-1.7533494067114632,2.7758903219699134,-4.868254239457604,2.0748668762319493e-6,1.2297927790183184e-5,4.309489469135711
UBE2FP3,-1.1548398672371347,-1.5048145193664169,-4.867666770935526,2.0804709085625554e-6,1.2327548322339758e-5,4.577157852392167
FCER1A,-1.5054250287435413,-0.610209746863668,-4.8671060494310625,2.085833438651416e-6,1.23521208645546e-5,4.5236304156723435
CNTNAP3,-1.527643856875036,-1.164208138471011,-4.866699366626655,2.0897311573454886e-6,1.237159803142724e-5,4.552830725033027
LINC02568,-1.633584878891575,-0.7758804213397699,-4.865265083570182,2.1035338548165407e-6,1.2445420958511715e-5,4.541422946979537
AC105052.5,-1.3271096465436787,-0.06203601170174581,-4.859688110340281,2.158045644581019e-6,1.2738925262987116e-5,4.461677881428567
H3C2,1.225225064908671,-1.6701002046987108,4.859249408561803,2.1623911618620113e-6,1.2760870491778025e-5,4.5341592312260595
PPIL6,-1.270373751765192,3.0555907524131887,-4.858015029483547,2.174663607257519e-6,1.282584537257743e-5,4.207839716302919
ME1,1.251835959388317,1.4752147592700298,4.857607054751233,2.178734555533456e-6,1.2846127388065552e-5,4.325272272115226
FAM189A1,-1.9814545521558233,1.322622948474584,-4.852122228979481,2.2341847990811874e-6,1.3142567831121869e-5,4.364204434421316
TEX45,-1.1477372839553366,1.167930614151768,-4.851812720340679,2.2373541753312312e-6,1.3157403431548596e-5,4.367959985067721
LINC00461,-1.7532881415327628,0.7870984623484862,-4.850958439955333,2.246124591618388e-6,1.3205159444620226e-5,4.419385720790066
NAPSB,-2.4873012664098706,4.372783936778751,-4.847608175983315,2.280841616763305e-6,1.3374444610241608e-5,4.05933551059492
PCDH7,-1.2243723044224781,5.5813676765029765,-4.847515423796284,2.2818100978154056e-6,1.3376264328814625e-5,3.8773218501572355
CHST6,-1.533353887432043,4.9505549787510965,-4.8464051059904305,2.2934344863443336e-6,1.343865294421495e-5,3.9643015760073173
SLC22A4,-1.0607227334248972,1.1570301786604769,-4.845635761920826,2.301522617672178e-6,1.348015725693641e-5,4.3394252159558135
PCDH10,1.9623876998796312,-0.455477237660304,4.843161372639343,2.3277232449545835e-6,1.362183911041087e-5,4.367030250883816
CCDC173,-1.352725666983454,0.5928187689455897,-4.84258066451648,2.333913833114985e-6,1.3650205681792505e-5,4.359960509514007
RBP4,1.794936334937474,-0.5986411693289543,4.842228956179871,2.337670921353442e-6,1.3668246204139053e-5,4.3882526291715145
SMC2-AS1,-1.059487607763629,-1.8049179978587253,-4.841768624561501,2.3425971978603438e-6,1.3693110569259023e-5,4.478723577155385
C2orf73,-1.9259280124453053,-1.7528257600019497,-4.841581726424408,2.3446001654457384e-6,1.370087802257596e-5,4.476312945327201
AL022316.1,-1.331675118590263,-0.7140914116639184,-4.838342621460795,2.3795773037306426e-6,1.3893286159443142e-5,4.419329642151427
ABHD1,1.0807396560185043,-0.5361365806965732,4.837553981374755,2.3881693690403853e-6,1.3935444805161296e-5,4.379487071464991
TMEM150B,1.1600848181990997,-0.6558195228768551,4.836060246143409,2.4045255243908005e-6,1.4022834076820268e-5,4.389938585906373
MIOX,1.464667976499055,-1.1959948042161894,4.830271830713646,2.468936098838025e-6,1.4369604030006877e-5,4.386954094937613
TINCR,1.3875239694941461,-0.5540553938894957,4.827710707520277,2.497964011248806e-6,1.451776395899935e-5,4.334598612741347
NTNG1,1.713448139874831,-1.531683242831827,4.826561009050286,2.5111017262593552e-6,1.4585776360244394e-5,4.376433749247118
NXNL2,-1.4022874572798314,2.884500314780815,-4.821309437930543,2.5719655487557635e-6,1.491798738952972e-5,4.092076170878558
LINC00632,1.3988283972760112,-1.5748049964103312,4.821053864022348,2.5749636354900562e-6,1.4931115813894409e-5,4.365867239447812
LPL,-1.104480780420604,1.8727274005613241,-4.8168294030628855,2.625011762677858e-6,1.5190984927296351e-5,4.154482612726506
MARCHF4,-1.6099186038152111,-1.8232504661206705,-4.8165292272638185,2.628603545447931e-6,1.5207440494643823e-5,4.37867587404502
SERTAD4,-1.2581455544574993,2.9168658759380777,-4.814963873627461,2.6474109949823174e-6,1.5303180051769232e-5,4.048610982350426
DNAI1,-2.5007005216319245,1.572392298413405,-4.813535124759317,2.664690570190522e-6,1.5394306750583334e-5,4.174634966918656
STAC,1.5163562738047822,-1.19049326578633,4.812486493825477,2.6774421873646026e-6,1.5459186084090393e-5,4.302522466482631
BEST4,-1.2977007444132278,1.265645315551735,-4.811913243308998,2.6844379542586702e-6,1.54770134603489e-5,4.180162052954896
KIAA1549L,1.598076586971258,0.08114686388845734,4.81175475305709,2.6863752320840165e-6,1.54770134603489e-5,4.220107380090525
IFI44,1.029928058173721,3.977583289907323,4.811574430327412,2.6885810175488545e-6,1.547952424947958e-5,3.8074883610121137
DDIT4L,-1.6394866977042977,2.6049322876856396,-4.811445587035828,2.6901581556970294e-6,1.548421816946656e-5,4.086071331398168
CYP2J2,-1.1823505571350132,3.0017907678769173,-4.811207777626343,2.6930714675364082e-6,1.5496598104815958e-5,4.0292449688630185
FGF3,-3.2290393791810743,-1.739032388626616,-4.81104333035781,2.695087829834657e-6,1.5503811223764386e-5,4.34694472287633
COX4I2,1.1987935318877339,-0.10730199008529105,4.810601633750782,2.7005108921482167e-6,1.552621877567761e-5,4.2290349862694825
MS4A15,1.540119762943095,-1.8407425142897178,4.799563877097405,2.8395041587002177e-6,1.6283883329972695e-5,4.258504992545315
LINC00664,1.3958054608084591,-0.60367448079678,4.796548904674906,2.8786558431682373e-6,1.6480507424380635e-5,4.1906571378171655
AC233280.1,1.0943297928263263,-1.747386033884964,4.794364965784521,2.907340953921111e-6,1.6630677609764328e-5,4.256211381279348
SLCO4C1,1.4952755738703987,-1.7183551191197048,4.794261222256545,2.908710425735307e-6,1.6633829682792455e-5,4.242696149483185
KRT40,-1.5183431389497661,-2.508779526518423,-4.793124166131739,2.9237610787927846e-6,1.670579706645616e-5,4.302567558845036
LRRC4,-1.4665702833062761,2.98677942079174,-4.789560600081063,2.9714189603657194e-6,1.695903368449112e-5,3.9433625440888864
LINC00327,-1.1684968138555578,-0.8659588750391246,-4.786980188488153,3.006395771008861e-6,1.7139407475451357e-5,4.188954854933132
EPS8L3,-2.3820235570139103,0.8292368330598082,-4.7863910813286275,3.014436522349398e-6,1.7180428457719904e-5,4.115312765382469
HOXA7,1.9079360792451783,-1.120014630359512,4.7859834834256265,3.020011993780555e-6,1.720737980420409e-5,4.195960632690824
IL22RA1,1.388568974829479,0.6082833520954425,4.785810439673592,3.022382043205599e-6,1.72160573559727e-5,4.076987841118077
DLGAP1-AS2,-1.1084936211435328,2.518701265620971,-4.785258382607843,3.0299551604067687e-6,1.7249526240926378e-5,3.946472577050006
CACNG4,1.9330709225206557,1.5044444813595423,4.783718229996241,3.0511799473979855e-6,1.736063304896883e-5,3.9493429496015517
KCNN4,-1.5458044959177566,5.106728003602631,-4.782423191522375,3.0691378530737486e-6,1.7453037975901192e-5,3.662467583031175
FOXN1,1.5959650984326124,-1.7130841531877778,4.779476992082243,3.110372832645599e-6,1.766775222210429e-5,4.170595517478207
AC005537.1,1.6730202440889776,-2.639202708842077,4.778786277593186,3.1201171770762443e-6,1.771320153823955e-5,4.193003567872525
MEIS2,-1.5260139053725719,3.553916126942416,-4.777022777505593,3.1451298449866397e-6,1.7840250898551066e-5,3.8409037704955873
AL137002.2,1.1177820000962346,-1.785295973529488,4.77664275391834,3.150545218040445e-6,1.7865982425070873e-5,4.189573185953618
SH3BGR,-1.0424094906047863,-1.0072661228622113,-4.77434030692088,3.1835482933269232e-6,1.8033008783048045e-5,4.154746289566306
SLC4A3,1.021581430331726,3.677729266656489,4.77266380531262,3.2077888290163876e-6,1.8165254990506845e-5,3.693061836730214
B3GALT5-AS1,-1.9465594295659931,0.6689238084298674,-4.7695814955608276,3.252821642944938e-6,1.8399762613752554e-5,4.064389933340745
SLC16A12,-1.8177870515563481,1.1648891716720102,-4.767283383834575,3.286793718657371e-6,1.8581584294295527e-5,4.011312569608746
GALNT16,-1.9213315363057495,3.716043295204968,-4.7658432900863925,3.3082563175398048e-6,1.869772007721885e-5,3.7681719766419057
ADAMTS18,-1.9425185274475065,0.029809483396873553,-4.760804751148522,3.3844184619460482e-6,1.9085716098943253e-5,4.052086332289402
COL21A1,-1.9419359990716618,2.2308773109539897,-4.758523801891911,3.4194509484462178e-6,1.9272579333394602e-5,3.922199087192885
CYS1,1.6467670612206575,1.2894707163180001,4.757933223339702,3.4285783665378475e-6,1.9307959745501585e-5,3.896236987670793
LINC00649,1.2759827222236788,0.6974586771931521,4.757599895070515,3.4337403455843045e-6,1.9331672793256347e-5,3.9640402098917384
TCTEX1D4,-1.8279964102111297,-0.4064453173186166,-4.756806125976786,3.446063004804213e-6,1.938493897305309e-5,4.057634219872469
GAL,1.7141169779428345,-0.610267224926259,4.756647575630025,3.4485294862830154e-6,1.93934458437233e-5,4.022948773336314
DOK6,-1.2476208366238712,0.122007410973969,-4.755046401870549,3.473533742416188e-6,1.9517860044475144e-5,4.0020604335749175
DBH,-2.13578482693997,-1.0014594287029341,-4.752654505061522,3.51121226084491e-6,1.9713225963925952e-05,4.066949089352374
BHLHA15,-1.1692188715913954,1.7212396380641735,-4.7521175506398725,3.519724718864962e-6,1.9744655033456112e-5,3.9102052535037064
CST1,-3.910378117769281,2.0058461433790034,-4.751246289933654,3.5335793974590762e-6,1.980597564091513e-5,3.915263371292289
ZDHHC2,-1.1757089083430516,4.646200269532212,-4.750921903177871,3.5387511871729205e-6,1.9829495210394937e-5,3.540732092632336
AL034550.3,1.0154800183257038,-1.3161448082835698,4.750160122938012,3.550925198381899e-6,1.989222815102363e-5,4.028766449484171
KMO,-1.3579386913889988,0.4053698916505787,-4.747613959817845,3.5919094068891943e-6,2.0104122771984344e-5,3.962736573424909
TENM3-AS1,1.6777767666208743,-2.5676950294135565,4.7473228425243414,3.5966243381499346e-6,2.012050455506724e-5,4.0865674552339435
LINC00884,1.0732478765914846,-0.3727521519679924,4.746927880341923,3.6030306877846876e-6,2.0150796835040173e-5,3.96551332888291
HPGDS,-1.0896089584826192,-0.9095679408880509,-4.746832971971463,3.6045717567098066e-6,2.015386970656674e-5,4.025175189414549
TRPM3,-1.292395905670269,-1.6709511790685438,-4.744383368247195,3.6445678179500667e-6,2.0355096546308645e-5,4.051658479878659
AL358334.2,1.2113459727850322,-2.4016167055192614,4.7418301391401005,3.6867114726921715e-6,2.057351015128932e-5,4.046229250234695
ANKRD35,-1.4430055079612076,3.106015351677809,-4.73884967932342,3.73650189915512e-6,2.083991893480479e-5,3.720955642866919
AC092375.2,-1.2445891918024967,-2.0585591059084787,-4.736711459940025,3.7726211841049667e-6,2.10182985048655e-5,4.043660936621304
CD1C,-1.5047015530517425,-0.13137753740851738,-4.736587286181809,3.7747290716627844e-6,2.1024278885304038e-5,3.9538306807682346
IGFBP2,1.1991021202070975,8.464608925589603,4.733502232417326,3.827465087946033e-6,2.1288834276796708e-5,3.3073865013071657
CNTNAP3B,-1.724843744357198,-1.2723736733720958,-4.731778079745871,3.85724668643978e-6,2.141931192765084e-5,3.983130327202849
GACAT3,-1.7712324500312833,-2.4457729475743766,-4.7311841099377245,3.867558109023098e-6,2.1470705000760844e-5,4.037131327918124
AL138720.1,1.2421761357097665,-2.383981264658216,4.7308475769639164,3.8734121777227e-6,2.1491463035772906e-5,4.013110530914099
DKK4,-5.339381946372659,0.4658352261392956,-4.729990494571738,3.888359955549275e-6,2.1568511936840468e-5,3.927746144842965
ALPK2,1.5421160984497937,-1.3234567758394213,4.726743464894492,3.945495481184418e-6,2.1855614652382695e-5,3.9468674031618036
KLK12,-2.056996570735898,-0.754529227766413,-4.724814107854901,3.979827574806323e-6,2.199782856414569e-5,3.9511369578454865
AL356534.1,1.2072337698255602,-1.7885214704576946,4.722970661609827,4.012900005863347e-6,2.2168572905454378e-5,3.949952534726692
MUC20,1.1416921613937214,4.589257537373975,4.721465159913423,4.04010602499819e-6,2.2291610963641855e-5,3.3432998345810656
MMP2,-1.1828614814685334,8.063841905659428,-4.721434820750098,4.0406561105125265e-6,2.2291610963641855e-5,3.250677608398166
EFCAB1,-2.2527933272290563,2.3135431628321075,-4.720955051090907,4.049364520974494e-6,2.233359145842215e-5,3.713805141710493
AC007342.8,-1.2699840645903442,-2.536960361999478,-4.720007439578912,4.066618055348741e-6,2.2422665587875156e-5,3.991619207804865
AC124854.1,-1.628696506434539,-3.104690901308157,-4.719262323892067,4.080234442963118e-6,2.2479448310865386e-5,4.002960113397924
CNR1,1.4798661430713826,-1.5499556885947614,4.717098916131315,4.120018617997605e-6,2.26679096892754e-5,3.9061165556407786
TCEAL5,1.6677514418946664,-1.5836449325943949,4.712859431787367,4.199068661963574e-6,2.3071606241078046e-5,3.873119322474948
HOTAIRM1,1.52055501711577,-0.26173685250368045,4.712131965958921,4.212779311567204e-6,2.3140682899538342e-5,3.8239395649100656
DYDC1,-1.7276153614230654,-2.281735842525873,-4.711170481875505,4.230966788671914e-6,2.323430667737584e-5,3.938327943346703
RAET1E,-1.3409004201004149,-2.23608021890676,-4.709566709610171,4.2614724335156695e-6,2.3389188695320676e-5,3.937158432355359
TRDC,-1.8028885326344397,0.8203811598805899,-4.708131556517433,4.288950480935808e-6,2.3520946997986876e-5,3.7580710669508797
DNMBP-AS1,-1.2355283110296296,-2.1178806006555777,-4.706386533866449,4.322591642770742e-6,2.367349839603141e-5,3.9227229951137685
AP003119.3,-1.0631228574168319,2.221157887138338,-4.703656439640498,4.375734360461881e-6,2.3925860947545673e-5,3.6629689782012296
AC064807.2,-1.3347229432824546,-1.2061033461238964,-4.7012378809013065,4.4233386763374534e-6,2.4166649262871614e-5,3.8522738859039203
ZNF492,1.703541728844411,-1.2430032783347238,4.698472848761743,4.4783744486826025e-6,2.4447618129203657e-5,3.806482423528376
KCNG1,1.621471076374156,2.265637394050716,4.6981476800304645,4.484889896244535e-6,2.4476611775315232e-5,3.516768761238561
FER1L5,1.2485132753386605,-0.8209305369683717,4.697980819786116,4.488236843663294e-6,2.4488302177345717e-5,3.773659741767803
MCIDAS,-1.3149732339846827,0.8049314262376792,-4.695188457782232,4.54460577327671e-6,2.4773314857528035e-5,3.7245313461422693
HOXA2,1.7143783204287215,-1.1699417712251492,4.693032269212543,4.588598770378529e-6,2.4982234505537963e-5,3.796458730802195
ECM2,-1.0791278347259594,1.3792642108288193,-4.692480932018767,4.599913520094018e-6,2.5030426340666885e-5,3.671204266466914
ATP8B3,-1.249013670647412,1.417383900016423,-4.691220547504665,4.62588072655862e-6,2.5164989263002514e-5,3.6859013755478687
AC005256.1,-1.703652456805433,-3.0539792634978937,-4.691132951078137,4.627690683918211e-6,2.516809886538767e-5,3.8914479666650212
PANX2,1.435805468265805,2.304691100858465,4.690196231153351,4.6470883541809e-6,2.525332184769321e-5,3.546908162706055
LAMB4,-1.068550228963863,-0.6451097844985787,-4.690006307533171,4.6510308538453194e-6,2.5261237593145984e-5,3.7789258328840436
LINC00237,-2.4056343040833945,-1.856821920090757,-4.68980267040062,4.655261605374496e-6,2.5270709633448517e-5,3.8442442930189635
CALN1,-2.276173720252941,0.05873219533089092,-4.688593932744342,4.680450731043153e-6,2.5400662391914835e-5,3.7540564682076356
ZFHX4,1.68668280756069,-0.7251832395809893,4.68800210907399,4.692831728148961e-6,2.5447468527988124e-5,3.75205793550771
TOGARAM2,-1.575777816677648,1.7804820220196762,-4.68604776202983,4.733941494338214e-6,2.565670051491463e-5,3.6025929022844316
EXTL3-AS1,-1.0128949745677658,-0.20840904422133746,-4.684904137864721,4.7581584520966e-6,2.5774203726122412e-5,3.732159229945089
AL121938.1,1.3932444772373795,0.597943311062877,4.684388684334177,4.769112504828962e-6,2.5826656687488363e-5,3.636637337432493
AC068989.1,1.1728720146057752,-2.255571228508691,4.683540324571523,4.787194193467208e-6,2.5896974923616593e-5,3.8065139980528224
ADAMTS8,-2.051283213568179,2.882211166766127,-4.683319526914457,4.791911036195689e-6,2.590869909540867e-5,3.521573620052269
UNC93A,-1.4398824057260922,-0.13657897691294052,-4.680599287612462,4.85039163821843e-6,2.6203976516520833e-5,3.7040043566223693
MNX1-AS2,-1.5065438336503227,-1.9946829491643185,-4.679234694048617,4.879986630927269e-6,2.632886867187837e-5,3.8185817148115433
FAM83E,-1.5503946215748736,3.7196370436353954,-4.675108065837689,4.970546827642262e-6,2.6789019815699104e-5,3.3556533144235274
TH,1.4224401947566367,-1.8571961793892005,4.67061611377486,5.070965057632887e-6,2.7301269889094253e-5,3.7315862199197145
MSMB,-2.05919437924178,-2.3274002323652083,-4.670132937154255,5.081882279175777e-6,2.735280069967386e-5,3.777895179447473
LINC02489,-1.8032284004344823,-2.922030164512345,-4.66982337751825,5.088888581406131e-6,2.73832596051094e-5,3.7988303483282353
SYNPO2L,1.0280459622628912,-2.179992792351969,4.667935319417442,5.131823203126612e-6,2.7606981148847345e-5,3.7294414715752175
DUOX1,-1.3995864336243908,4.129778347191139,-4.666256394908722,5.170295161506354e-6,2.7806583451297998e-5,3.25643507331346
FXYD4,1.916987496285803,-1.1459383824539786,4.665482644417359,5.188118798737521e-6,2.7880308425579426e-5,3.677736329357498
DPEP1,-2.0124040630769415,1.977260503281371,-4.660672063972408,5.30026799317289e-6,2.8445378054725593e-5,3.458474032428537
CCL24,-1.6791337310580456,-0.327154728834695,-4.655598334085098,5.421082101683595e-6,2.9024782042839143e-5,3.632401292051539
GRIP2,1.1500573170653738,-0.3778353784728384,4.651633962444865,5.517322714752977e-6,2.9485686787967263e-5,3.583456905911124
TRIM55,-2.2752925911794253,-0.6247625723653286,-4.649875267912322,5.560542636842217e-6,2.969323924098298e-5,3.6117863840336026
MUC15,2.0497677317559138,-1.4738941055411876,4.64874595778427,5.588467209501215e-6,2.981885207821021e-5,3.6140841879805095
RD3,1.3531602373043645,-2.3390687332357585,4.648552920514856,5.593253963516681e-6,2.9836559988061164e-5,3.665365389504089
MNX1-AS1,-1.8163052853544068,-0.757849631026257,-4.647892800907638,5.609652847077688e-6,2.9908338002100452e-5,3.6498507295116642
OCA2,1.7415514562971162,0.4055098745902707,4.647461004545502,5.620404706239543e-6,2.9957803632208883e-5,3.4952350121295135
LINC01091,-1.312465031997779,0.8546470488868315,-4.646289886881703,5.649665924732689e-6,3.0097984339257453e-5,3.5017222321480412
BNIP3P17,1.5324316956807493,-3.2248554859285643,4.6450425352389875,5.6809932907438376e-6,3.025694644682331e-5,3.6808644092487075
EXTL1,1.1436835961639427,-0.870218105610034,4.644765783778872,5.6879665808471895e-6,3.0286149538679143e-5,3.5717760813448747
RIMS4,1.7130355580876269,1.3227965325982813,4.643307755759354,5.724840793693481e-6,3.0450579505633687e-5,3.3971684359821372
SLC9A7P1,1.0130197665911915,-1.1251296680964904,4.637955883833011,5.8621761826272175e-6,3.112405139386509e-5,3.556930790620388
ZNF488,1.2751327646730908,-1.8142179580627713,4.632392094150936,6.008312075821716e-6,3.180852686350627e-5,3.5677026323583583
TLR3,-1.0124476424764701,3.2475315366622337,-4.628721267766511,6.106642691663807e-6,3.22870463229384e-5,3.2206734667341834
RIBC2,-1.184355899535589,2.4533195628360858,-4.627030514282237,6.15245259380473e-6,3.250625841600059e-5,3.309640829172949
ITLN2,-1.7913177110948493,-2.368675767534828,-4.626249908448652,6.1737141210232525e-6,3.2607735393886846e-5,3.58923945937601
SLC30A3,1.5006190836476823,-1.2633341649704024,4.624385840276534,6.224772766150897e-6,3.283474739144844e-5,3.504445273970438
NPTX1,-1.545051066658384,-0.5425776796147345,-4.619581886554718,6.358239109478283e-6,3.344328459136558e-5,3.492312528061463
SLC16A10,1.272709641174797,1.3864682343500208,4.617491643427352,6.417167995142254e-6,3.373577918605049e-5,3.2862426168522143
TMEM176B,1.0233796986965435,5.381000336522682,4.6155029805065695,6.473721044885432e-6,3.4015487723953345e-5,2.841160331483926
BRINP2,-2.247780830224227,-0.3796392858823872,-4.612609936221408,6.556850280962919e-6,3.439892233099906e-5,3.4344154432613374
PPP2R2B,1.4168964043897572,-0.2584696609049198,4.612475322326608,6.560743218622311e-6,3.441046327103996e-5,3.3875515290107856
HOXA1,1.4372715498408457,-1.1832722546732692,4.608062515059195,6.6895977859066075e-6,3.50410787115376e-5,3.445425474956136
LGI2,1.2174873858791033,1.1928278112087638,4.605928325546498,6.752787201507785e-6,3.534474557904821e-5,3.257113806234356
BDKRB1,1.1197652477990578,-1.4391847617017748,4.604512738330004,6.795016686996947e-6,3.554746953578531e-5,3.435712909316411
AR,-1.195408806702626,5.1902488676699035,-4.604366188496521,6.799403023402161e-6,3.556126275028964e-5,2.846715942164744
CYP8B1,1.4106122800482144,-1.4949425817719884,4.602759877684298,6.84766003075987e-6,3.5786022747534995e-5,3.4299566362448406
PPP1R1B,-1.6250468548409414,5.772961149079134,-4.60254125002975,6.854253509067777e-6,3.581127206125796e-5,2.8273404612003574
GPR17,1.1604209988906997,-1.919824272319093,4.602474405405751,6.856270661179568e-6,3.581260470773928e-5,3.4474936625463535
GJB2,-1.4673492395782906,4.280321637201535,-4.601352892762485,6.890199592684948e-6,3.5962099774455285e-5,2.9842152847917687
B3GNT8,1.0470713314931943,1.5544752464480311,4.5992268837571055,6.95496150973444e-6,3.6253561868130994e-5,3.2034490739988417
FHL5,-1.2128932032532072,-1.5205058746583793,-4.598667466712096,6.97209945654014e-6,3.631495370443921e-5,3.447605455417584
IQGAP2,-1.0423578557474595,4.723880190933581,-4.597998155273767,6.992657475162706e-6,3.6403373597645194e-5,2.8682669884325467
NLGN1,1.47018333677965,-1.621036072997397,4.595108688256176,7.082079592032027e-6,3.685002192228851e-5,3.3920102153485967
TRBV5-4,1.2879388988044986,-2.4387231320571807,4.589943508708157,7.244679165481843e-6,3.765750878753273e-5,3.43079657750343
AC010487.1,-1.0419169015102105,-0.961584527643794,-4.588764494963952,7.28229499381305e-6,3.783368186458497e-5,3.3779848408906767
CRYBA4,-2.2939815745914656,-2.3463582512401757,-4.5880822285024,7.304148141501611e-6,3.7937517717321426e-5,3.445325309728487
CD5,-1.184222285768014,2.1410746565944208,-4.587109479383478,7.3354146867981645e-6,3.806100793834207e-5,3.166783419825223
SKIDA1,1.3003035726302228,-1.654464073385855,4.585658398407866,7.382295503258604e-6,3.826518077231009e-5,3.361280680821258
AC010280.1,-1.798293739320006,-1.1689763495638645,-4.584204066323749,7.429570604641308e-6,3.848078312149081e-5,3.378816142831914
PIP,-2.1049744683212124,-2.846897129922497,-4.5834749231627,7.453381943193996e-6,3.8594276334643254e-5,3.4390703866221095
AC023510.2,-1.3493318842744138,-2.3336955527507612,-4.58106832756434,7.532495523779768e-6,3.8974144354709775e-5,3.404173276983074
AC124248.1,-1.0368515373252956,-0.0882855293475568,-4.57898258137213,7.601714748272445e-6,3.930227691271666e-5,3.2680373081913645
MTMR8,-1.270301618823535,0.8877086618117005,-4.568834923551022,7.947308848405e-6,4.09640134504142e-5,3.170229307616424
AL355304.1,1.0025634443455655,-1.7414704042068496,4.563434395202933,8.13734531918194e-6,4.191165896276071e-5,3.2717923721556295
DEFB4A,-1.8256333925240158,-2.567060967840164,-4.563058715264667,8.150726317851278e-6,4.1969942154550134e-5,3.350841052783503
ACSM1,-1.1800253487310626,-0.09047988019015274,-4.561411857156734,8.209634439613903e-6,4.2219790068500243e-5,3.221383076792778
PTGS2,-1.8629337198074247,2.01437147391983,-4.560397527600035,8.246120599367885e-6,4.2385977506715445e-5,3.089698486041634
AC069200.1,-1.257266606433003,-1.7027209898314044,-4.557367414276621,8.356047326354018e-6,4.289676834069691e-5,3.2936851293098837
AC239800.2,-1.6408278252302013,-1.612071785587719,-4.556344894804957,8.393459460803457e-6,4.3067071467147046e-5,3.276116260705918
IFI6,1.3298417585874454,7.831711061204311,4.555224249853522,8.434646879831723e-6,4.325656401355032e-5,2.5461537436280235
CFAP97D2,-1.9582353781555273,-2.5111399290755894,-4.554999486206813,8.442931062956965e-6,4.3288125863657254e-5,3.302782872783144
SLC66A1L,1.9935533053663357,-2.3706671771441505,4.548882195108227,8.6714268199816e-6,4.431432705288058e-5,3.2380287557597205
AC010329.1,-1.6416722212947492,0.6551234022598379,-4.546493126504264,8.762269610832929e-6,4.471965493216204e-5,3.1032385555863344
EFS,1.1379256620409457,2.713426172977883,4.543619607398685,8.872746107085481e-6,4.5229418580487915e-5,2.852123175631485
PANTR1,1.8544233625152118,-2.8624089293670365,4.542097001525849,8.931826547050614e-6,4.551916819013457e-5,3.2410588873797357
VAX2,1.3158318895019412,2.602605233484636,4.540968588896031,8.975855315681761e-6,4.5732084090227154e-5,2.857953951569095
C6orf118,-2.2278865153719822,0.5815645861153061,-4.539888237859986,9.018204320852217e-6,4.5924827015033945e-5,3.0833247814813554
SLCO4A1,1.309503050660529,2.2936681556730427,4.537917803219339,9.095939286368348e-6,4.6292754015147605e-5,2.9180265406647328
SEMA3D,-1.872468668884787,1.7141642811579878,-4.537883786029975,9.097286928581949e-6,4.6292754015147605e-5,3.0114338405298895
XIST,-1.251829100602384,5.803066574131032,-4.537061130988426,9.12993617475706e-6,4.6447264784921776e-5,2.5237171931592837
HNF1A-AS1,-1.932642328838812,1.5998576144546006,-4.535974447545235,9.173236845611291e-6,4.664419956222264e-5,3.012174524549934
AP003498.2,-1.1273345957315775,0.9900765019140672,-4.534635819273145,9.226848162688279e-6,4.6881615514619146e-5,3.040034531914161
GAS2,-1.0343634032065165,-0.1820634358763225,-4.530140801286806,9.40908431191825e-6,4.770023186715553e-5,3.083610014554589
ZDBF2,1.2491435355486338,0.10485327456097863,4.52848620777203,9.477031922146427e-6,4.800743152878366e-5,3.019421266447768
LIN7A,-1.2892660204647295,0.7267507965622325,-4.5284353175459024,9.47912924252159e-6,4.800743152878366e-5,3.02523910640332
NQO1,-1.312995778055357,6.015052236412215,-4.5236255319291265,9.67938020295259e-6,4.893624956338519e-5,2.481560001206974
RXFP4,1.5122926042984792,-2.1603157599571965,4.521142280737937,9.784353729487206e-6,4.944236827401739e-5,3.1502548739054337
PRRT4,1.2244900459608414,-2.183989523997466,4.519852976751668,9.839286734673794e-6,4.9658222894340746e-5,3.116916912275336
SLC23A1,-1.7343540064736813,1.3427069345119267,-4.518928512289343,9.87885750361609e-6,4.983318438905273e-5,2.9622323796974737
CX3CR1,-1.0731543962161585,0.9728618194028003,-4.518061950150605,9.91608869787015e-6,5.000858230657889e-5,2.9554484342810667
CCDC8,1.2685573970178083,4.475150314702059,4.517541281431651,9.938523669028527e-6,5.007904008639211e-5,2.4923786024424563
AC007608.3,-1.181285769133107,-0.6916746254003667,-4.516939453611666,9.964516479978629e-6,5.017810528718674e-5,3.0509009996677596
CELF2,-1.039559879136772,3.804234681702576,-4.516500746892159,9.983505292539868e-6,5.026127361049796e-5,2.6691071753951334
DLX6,-1.364688935474243,4.919627800782366,-4.516057351567211,1.000273238549892e-5,5.034560005024271e-5,2.5397569792244497
AC129507.3,-1.2660160038996957,-1.123733353118403,-4.511700321904345,1.0193570746859578e-5,5.120467915451658e-5,3.070303098055726
GOLGA8N,-1.1282778482526101,-1.85396532765038,-4.5106230633142985,1.0241291624473433e-5,5.141659015858977e-5,3.0881593873825377
PLA2G10,-1.3193954790923097,0.3375336118956423,-4.510079629422444,1.0265446307720533e-5,5.151479771805237e-5,2.990102873769672
CTSE,-2.0282739085228036,0.34624798623159325,-4.505677461212806,1.0463143489589532e-5,5.2390472599757985e-5,2.9470255633534013
NR5A2,-1.183745146803766,2.7929629995578233,-4.505099757830998,1.0489357620199297e-5,5.250879415589421e-5,2.752655418456576
CPNE8,1.0637346184888952,1.780006025044799,4.502312973386151,1.061670114818975e-5,5.3080894006348944e-5,2.7921950655855996
FBXO15,-1.298475794056806,0.6108396665914801,-4.496233870072194,1.0899664312294217e-5,5.4335240981866e-5,2.894461404577349
JPH3,1.5602071727765088,-1.1107484548093838,4.49317295036787,1.1044869758536063e-5,5.49781858859875e-5,2.9415408953751543
FGL2,-1.0886828733649705,3.0108767284897135,-4.492316246614626,1.1085842266268813e-5,5.515511829122334e-5,2.667493456234789
CELF3,-1.4582732618068432,-0.6196340339930305,-4.490931775679803,1.1152364512671426e-5,5.544536603608954e-5,2.9476901255178056
AC010735.2,-1.0787270272381204,-0.34729546637000525,-4.487207263517428,1.1333232260316472e-5,5.626199620387689e-5,2.911618168026253
MUC3A,1.4714523131093737,-0.4800126226102851,4.483550810142183,1.151353434533873e-5,5.7073432203576667e-5,2.88322235949542
FUT3,-1.5681673383967814,2.8734896515215285,-4.481374944207384,1.1622132152444652e-5,5.7597711257323855e-5,2.6598082853792544
KLHDC7A,-1.4203033451486604,2.8914115669424856,-4.479496205592438,1.171669130134698e-5,5.802388742899026e-5,2.649562731008662
CLCA2,-1.9962478660929999,-2.1404960163644526,-4.474751943696646,1.1958776556054501e-5,5.912191066048447e-5,2.975896933468272
AC092802.1,-1.0784991295774549,-1.3185662496650348,-4.467779824595794,1.2323279517382512e-5,6.074662452371627e-5,2.888592900719207
ACTN2,1.2259927708325555,-2.2029866815417685,4.467127747961426,1.2357910585389037e-5,6.090256419433724e-5,2.9135843925670404
CALB2,1.6420901124434946,-0.19929436098808276,4.463619223065226,1.25458547061582e-5,6.17688834903002e-5,2.791477390763802
IGLON5,1.6575026781405222,-0.8221248074126093,4.462329221647203,1.2615645039576313e-5,6.206738556871193e-5,2.7992348400829776
TPH1,-2.3584439811904625,0.27069082311060166,-4.460944017531082,1.269100100094743e-5,6.242301653999409e-5,2.7770817667225547
AC011447.7,1.8397106557600793,0.5253454338020229,4.460063102391027,1.2739147973644652e-5,6.262952187139668e-5,2.709514866335386
PLG,-1.9867598424806916,-1.8070598316935755,-4.458403392871453,1.2830337411992788e-5,6.29864197008071e-5,2.8941058969224667
CLDN1,1.2366988909321686,5.141198323183486,4.457808855274595,1.2863155322046464e-5,6.311703736486536e-5,2.1957053335828096
SCGB3A1,-2.737471597253278,2.540362960715192,-4.448918966109675,1.3363586696288061e-5,6.539887696011523e-5,2.6161625352755618
BMP5,-2.1665450406657616,-2.7386375740532753,-4.445363383427121,1.356892647947138e-5,6.62442617748682e-5,2.8794084920083707
AC010329.2,-1.8084143447778054,-2.828589839104868,-4.441147941053196,1.3816299424801854e-5,6.725807652926296e-5,2.8630881450907557
CXCL3,-1.5417196770690174,2.042275025300577,-4.440403315692036,1.3860443471466526e-5,6.74083879191399e-5,2.586996406999135
PAQR5,1.0809369866895415,1.3589499301848145,4.440127611106772,1.3876822542331968e-5,6.745576210245274e-5,2.5707402400443486
SFTPA2,-1.7259091998375655,-1.9095064810626847,-4.4382187354805644,1.3990735820416869e-5,6.791994496692701e-5,2.8170073348144857
TAS1R3,1.0786788437094303,-0.009056490334372544,4.438191556932835,1.3992364179124358e-5,6.791994496692701e-5,2.6818986427922615
AC055854.1,-1.8749386072226095,-1.6225777181377947,-4.436758289879203,1.4078494284243206e-5,6.828909733483507e-5,2.814781746142513
FLJ38576,-1.1097121858333907,-1.2483723042052137,-4.434702564121296,1.4202919044264967e-5,6.87941197940041e-5,2.775515207562977
GLI3,1.066693758786307,2.5156053195511276,4.4309807043695955,1.4430878368932325e-5,6.986497664844702e-5,2.4064475452357375
TMEM233,-1.501986206948674,-0.40483463174264395,-4.4298886381565925,1.4498429703460515e-5,7.015859173645988e-5,2.682508671227163
FBLN1,-1.2954639339372331,9.797610356771727,-4.428345545321847,1.4594397515508108e-5,7.058937056287167e-5,2.026989720939639
ICAM5,1.2764145806537244,-0.603770482927689,4.426539790696642,1.4707474934832332e-5,7.104493052704655e-5,2.668537513812785
CXCL2,-1.5375407735532927,2.0080599895625735,-4.425828594465796,1.4752240845696333e-5,7.121723110402191e-5,2.5076918942237256
DZIP1L,-1.1658000300556914,1.834249154392643,-4.425299919689456,1.4785602728306323e-5,7.136133693899257e-5,2.5190721829170135
SPINK5,-1.891908867047107,1.7543704774095477,-4.425226481200241,1.4790242768259597e-5,7.13667839558661e-5,2.545105822407466
NECAB2,1.3807763770746178,-1.6253641049990444,4.424824490864119,1.4815666361522562e-5,7.147249065549124e-5,2.7175762860748094
GJA1,-1.109518334318107,6.557868830377622,-4.422761481815273,1.4946801170895121e-5,7.203670547718104e-5,2.0154952911323116
ZNF750,-1.5123665463811418,2.1940184470486246,-4.421576165977049,1.5022648623157368e-5,7.233364383251607e-5,2.472657923170342
HMGA2,1.8108253582599274,2.856404505882898,4.420209030413493,1.5110589253756531e-5,7.270729676911771e-5,2.3093492997300427
ROR1,-1.0679512576378791,2.3184019568573406,-4.419882309916338,1.5131678478087025e-5,7.278964103873153e-5,2.4576657225883913
KCTD19,1.0833686902774724,-2.3551205147358147,4.419752695586583,1.5140052673689408e-5,7.281269061525402e-5,2.735929906502493
PALM3,1.2912499737945482,3.2756208601627983,4.415640929490685,1.5408028105639627e-5,7.396144620194137e-5,2.2090162667990416
AL355916.1,-1.1138846021457143,-1.4095504011154842,-4.412093424919732,1.56428806940565e-5,7.500021401887339e-5,2.674820819813773
HSF4,-1.0406426911797149,3.6368086128925987,-4.410814334002903,1.5728398714952116e-5,7.539244704780349e-5,2.2677829203047963
AC188616.1,-1.4681799829567037,-2.3051240636737975,-4.403099591932262,1.6253783346171575e-5,7.780072838614957e-5,2.685866645090176
HPCA,1.0054388890816595,-1.8116593948904876,4.400944211680884,1.640355064404171e-5,7.842525600788138e-5,2.6329543666826822
IFNE,1.4389768528850928,-2.8952250534349333,4.4006869937691,1.6421511674315962e-5,7.849266304534281e-5,2.6699870273567683
CCDC180,-1.0304553932103886,-0.022880017711041128,-4.397383526067964,1.6653869926922888e-5,7.950980793863772e-5,2.5243176376462593
FGF4,-2.5188026999669106,-2.809270679102279,-4.396825345205404,1.6693441222171325e-5,7.968001395007281e-5,2.6797693342455595
TMEM190,-1.9219141641989554,-1.4347778732147656,-4.3948110710768225,1.6836991068992497e-5,8.027093748210264e-5,2.615978654249889
TUB,1.1422535973999182,1.9212733084130833,4.394259073236925,1.6876536124207324e-5,8.044060041941596e-5,2.324003634226573
ISM2,1.171677635173399,-0.9846204452688303,4.389121761383554,1.7248869964135325e-5,8.215566595861778e-5,2.534604578366772
DRC1,-2.162374219340606,1.6819488315838538,-4.387648623322448,1.73570828623498e-5,8.259549334919161e-5,2.3650926107118604
MYH7B,-1.8474933411613925,2.45521071872365,-4.38608972497677,1.7472304374806675e-5,8.300774055950699e-5,2.2799696777468563
PIK3C2G,-2.0092557307005077,-1.821076055692472,-4.385761877294688,1.7496629472584646e-5,8.310387880364813e-5,2.612790433634636
AC091563.1,-1.0039325208164793,2.4173216595435205,-4.383462279074679,1.766816629160821e-5,8.382068433955305e-5,2.310399909798617
LINC01116,1.3491173697289878,0.045597065995110396,4.377934309344039,1.8087143746093626e-5,8.566840118751033e-5,2.4167187384419373
MME,-1.274501608317252,2.4532016148751263,-4.375645116299938,1.826342178197509e-5,8.640264997599202e-5,2.2466631481173067
KCP,1.334471214034589,2.976801156176461,4.373642266783802,1.8419000040791556e-5,8.707786853432137e-5,2.087074590949811
CRISPLD1,-1.1880898137517582,3.887564698225542,-4.3718885059535015,1.8556272163086034e-5,8.762492459167299e-5,2.0562085555197465
GABRP,-1.8365680336140104,5.033256836019574,-4.371732604067429,1.8568522428459846e-5,8.766240414309359e-5,1.9402213279003675
SLC7A11,-1.0693691394073022,3.5198939590627814,-4.3672207864044195,1.892642419597092e-5,8.920701422980356e-5,2.1086153614731327
SERPINA5,-2.042592158782971,5.088828482242167,-4.362930980622957,1.9272840889870184e-5,9.067337443358806e-5,1.919238823760355
LRRC55,-1.5923411451556566,-0.7264693150969661,-4.362926293794157,1.9273222670394628e-5,9.067337443358806e-5,2.4455050855943385
GPAA1P2,-1.4031345086596074,-1.5492655045235657,-4.3626498175850825,1.929575674910881e-5,9.075838004371383e-5,2.4818902106211107
CD8B,-1.4361473688526272,1.4770988826065419,-4.362020855590148,1.934711414601605e-5,9.097888660426428e-5,2.304762261582466
GNB3,1.0418692199309827,-0.6867804437165745,4.35824415183536,1.9658264194493475e-5,9.224995647399802e-5,2.402802777161461
SYCP2L,1.1918625956992792,-2.39013843589641,4.353152547327165,2.0085343802952943e-5,9.408032437225527e-5,2.4648332588925115
MYOM3,1.4097218274317238,-0.292059975939689,4.352575993271265,2.0134261380368583e-5,9.426600513582378e-5,2.339435198144651
RGS6,-1.3630464988053963,0.7781920727077877,-4.351156789389733,2.0255160253505515e-5,9.481019737269602e-5,2.2791998202151555
CHODL,1.3751917868589547,0.15099049857875235,4.350593361155339,2.030335012968518e-5,9.501388165685506e-5,2.288056964270634
PCYT1B,-1.4749071222554,1.7182186079167165,-4.3490682171890604,2.0434347160178718e-5,9.558289336788774e-5,2.22320134236866
MOXD1,-1.3938785745473337,4.66833138131007,-4.3481513213727165,2.0513490202040958e-5,9.593101124396697e-5,1.883772962858357
SOX14,-1.901853014520757,-2.8355619080060555,-4.347161499486778,2.0599257626022576e-5,9.630994064671792e-5,2.4861724332285053
AC107464.2,1.2958629016809287,-1.6964868304440985,4.34290366823647,2.0972129889523516e-5,9.782576368803835e-5,2.3804759359048955
FAM20A,1.0603879723991465,4.5118565084056534,4.338750882289644,2.1342027061763603e-5,9.943955937718557e-5,1.7524490928121743
AC188617.1,-1.5330594799240047,-2.685969428020986,-4.334002431427775,2.1772641199211952e-5,1.0130658418790837e-4,2.4355921190225907
PRR29,-1.3631040758265625,1.9662930971072172,-4.3299610796538115,2.214567690273915e-5,1.0294801861191e-4,2.11591008390989
AC087477.2,-1.0272671094585415,-0.11661480662462342,-4.329115972524884,2.222445452440452e-5,1.0329060456299965e-4,2.2718955143679267
ODF3B,-1.1743764577790778,4.565378099825148,-4.326143318202349,2.2503692068178194e-5,1.0444508737009675e-4,1.772936849232658
AC125611.4,-1.5856287486941996,-1.3065057816764192,-4.320565925237979,2.3036699778702264e-5,1.0677260805070577e-4,2.3187224002691664
CXCR2,-1.3527491520366193,-0.9954951092428025,-4.318455772553795,2.324149357320818e-5,1.0757461065403851e-4,2.2778653110632554
ONECUT3,-1.740966090315801,-1.53229376548636,-4.316766191991177,2.3406725933475613e-5,1.0824079587530337e-4,2.352801401000221
MAP1B,-1.0239602651966138,5.1053010864584385,-4.316022350086873,2.3479825993038348e-5,1.0848010536088006e-4,1.6657176410099286
PAK5,-1.7082240899638033,-0.8271994748859884,-4.310995951089903,2.397954919793566e-5,1.1063195169601608e-4,2.2365604228091867
NPAS3,-1.8283324855586893,4.702310027537867,-4.310390194532247,2.4040456492145313e-5,1.1084352035988234e-4,1.7324078198227264
MYOZ3,1.090341334774551,-1.2533315356671642,4.309735233206191,2.4106477864542383e-5,1.1112271628917202e-4,2.230614319196624
AL161668.3,-1.1300485785964391,-2.0394171502103706,-4.30819962811279,2.4261951209559233e-5,1.1176334913487802e-4,2.2886838182782965
CACNA1S,-2.0338450170582276,-2.615111916740434,-4.305691630574637,2.451794157449154e-5,1.1266168766899527e-4,2.3106047311378024
LHFPL3-AS2,1.49285385586551,-0.7157684260284888,4.304785791613052,2.4611034325708087e-5,1.1306389277479457e-4,2.169944408487396
AC078864.1,-1.3441289118817956,-0.5498595907237219,-4.30386149026768,2.4706373235187684e-5,1.1345059413284106e-4,2.2103582240296085
TMEM108,1.4783165860586516,0.6141621722250734,4.299349072603973,2.5176914810905984e-05,1.1548084328974345e-4,2.0464489572397824
FTCD,1.3390495496387218,-0.9400646736743211,4.29789358874772,2.5330509677641075e-5,1.1608055889253151e-4,2.1665738799409393
KCNJ16,1.8903068155680138,-0.9435239744560857,4.29262112010336,2.589444946518687e-5,1.1845122460735044e-4,2.1295422530590535
POU5F1B,-1.268195869503585,0.6964098080831281,-4.290504547579035,2.612420046635149e-5,1.1942155876701026e-4,2.06330887156472
NKAIN1,1.3922961648181686,-0.4763832000998646,4.288424937563386,2.6351838754412064e-5,1.202998137566646e-4,2.097405417097555
CD164L2,-1.4926322886663952,1.3822750840354014,-4.287433562544214,2.646102372350315e-5,1.2077113095811317e-4,2.0092488370338835
SALL4,1.3085895822239983,1.0739080732404511,4.283247500988967,2.6926847611014772e-05,1.228144638344399e-4,1.9444156080534771
AC025271.4,-1.2396058056730856,-2.287386857589876,-4.282623318775916,2.699697526310905e-5,1.2310669177640306e-4,2.227644385468004
GJB1,-1.2944302962314254,4.8671712085836365,-4.2815400739243925,2.7119094248396735e-5,1.236062159607166e-4,1.5731440043684302
AC005586.1,-1.0390012064595682,-0.7571378774982785,-4.277298035098458,2.760242589299055e-5,1.2558578550462052e-4,2.100765631259142
AL121956.7,-2.154657963338634,-0.294146790454646,-4.275583256700377,2.7800135452550172e-5,1.26372165720785e-4,2.0799980497598396
LRRC66,-1.1650699056064127,0.011397381091521478,-4.275486303576104,2.7811354277646948e-5,1.2639489363571032e-4,2.058985356894074
FHAD1,-1.271823691782269,2.4676803588923146,-4.270666112208034,2.8374611624545342e-5,1.2872446577170973e-4,1.8287278662578181
ATP6V0A4,-1.750854276520242,0.493206872458933,-4.2677636504237455,2.871902244965929e-5,1.3014167497589195e-4,2.000615552931629
SLC26A4,-1.2470196027685354,-1.1610531522678602,-4.267468757626956,2.875423787365438e-5,1.3027220921626206e-4,2.098314500808325
BPIFB2,-2.9073371327509516,-1.0461747231670668,-4.265541228857349,2.8985438512288196e-5,1.3123191185648148e-4,2.1326038958816893
SORCS2,1.2559835824367698,1.54517664771365,4.258541321427978,2.984010106843984e-5,1.3486106606959558e-4,1.8068115155981488
FUT6,-2.216725450914512,1.023403550044497,-4.25792811205352,2.9916109294000316e-5,1.3517452318614103e-4,1.956315922769047
ZBBX,-1.995657603544118,0.5768926408469907,-4.2577943914441425,2.9932708742192627e-5,1.3521946487582195e-4,1.9435032722616725
USP32P3,-1.3345339574473263,-0.024547212993884633,-4.256970885711059,3.003512922854483e-5,1.3562185435257612e-4,1.9839416328898833
GPC2,1.0339685848517075,1.6002646094078592,4.256353445178356,3.0112140908748844e-5,1.3580601507955325e-4,1.8248216612593264
HOXA3,1.5287853356589176,1.4508954138381598,4.253939355210742,3.0415060512448035e-5,1.370633458658523e-4,1.840000117634407
AL589843.2,1.0817803329490647,-2.4055712076678812,4.2537545250904145,3.043837269161587e-5,1.371379930357794e-4,2.0880669467104234
ZMAT1,-1.0579273339724606,2.7457208231030235,-4.253688481595847,3.0446706742411907e-5,1.371451391473359e-4,1.7309370901932066
TNFSF14,-1.3985439594421327,1.6451336262571128,-4.244708177805703,3.1600487580290306e-5,1.4187062283671753e-4,1.8279102802906433
SLC3A1,1.2845373619383642,-2.23231564089175,4.244493500515978,3.162857434889025e-5,1.4196535889285454e-4,2.0419458982558787
APOL4,-1.0248354575862306,5.107742756473245,-4.243539214493626,3.1753715147461126e-5,1.4249558548399204e-4,1.3740663297651086
PTPRT,1.7860380799888216,-1.7681043473925673,4.243253123702529,3.179132396712292e-5,1.4263286276110514e-4,1.9796793780244162
AL118522.1,1.1706872290485628,-1.6096474087226997,4.237430153937584,3.256611785025054e-5,1.4576021663886924e-4,1.9690881920063248
FMO2,-1.991062095449549,-0.34704459004069926,-4.234072451920861,3.302106025023222e-5,1.4743410116997355e-4,1.9194089847242388
PCOLCE2,1.4502055856476868,-0.5340860492496065,4.2330645417073764,3.315880570842755e-5,1.4801659723656524e-4,1.8810962744553317
NEU4,1.4199621018011146,-1.5803878617532763,4.231826294229928,3.332878212970954e-5,1.4874268072117186e-4,1.9441595932933282
MYCN,-1.4658233681286696,3.2302282570122185,-4.228791961093337,3.3748839151170984e-5,1.5028733718413652e-4,1.5793637794776867
AJ003147.2,-1.5713796698437579,-1.7790026821822937,-4.226279363331382,3.410049567218483e-5,1.5168712498172127e-4,1.976469845732188
MCOLN3,1.288937519387691,0.9922298262836271,4.225982891855828,3.4142219311747825e-5,1.518062711205344e-4,1.7314856314893028
HSPB6,1.1459222630481758,2.454703625874215,4.224575560649091,3.434094527718554e-5,1.5265646802570406e-4,1.6054161423448434
SATB1,-1.0902637558282646,3.4380770253503616,-4.223938181189712,3.443131146498865e-5,1.5302470461719427e-4,1.5306430027991098
ITGBL1,-1.3620622801880584,-0.9820069879746366,-4.223728496860166,3.44610896793908e-5,1.5312356507300802e-4,1.933944213556142
AC007608.4,-1.6346854638320527,-2.319705801132175,-4.222334059344998,3.465974710355094e-5,1.5390533103180453e-4,1.9800585914848625
IDO2,1.3926295245986624,-1.9220888401707725,4.2203820850135365,3.493967292395968e-5,1.5501286018479733e-4,1.9361018128340017
HOXA6,1.4626938738708526,-1.6189237872046898,4.219846793755449,3.5016813898237866e-5,1.5532119722125412e-4,1.9283964134852623
PLA1A,-1.26409740277334,3.0012526723848283,-4.219300617027448,3.509569134438043e-5,1.5556921066154587e-4,1.5534253946828507
SDR16C5,1.4884838874445316,-2.253193700414512,4.217572867612918,3.53463282618299e-5,1.5657776277101806e-4,1.9089469536541
AC093928.1,-1.209019000261454,-1.8845045015511548,-4.216926497223374,3.54405333047974e-5,1.5692666642411814e-4,1.93505004272349
AC010789.1,2.0738595599322305,-1.8334510161535151,4.214281490188596,3.5828534905340755e-5,1.5847206603180535e-4,1.8946327935775198
DCAF12L1,1.907701424508404,-1.1171577959401873,4.213468521976577,3.5948604249341964e-5,1.5896854498773414e-4,1.8066160468626444
AC007906.2,-1.6533351785349812,3.5611436169248276,-4.213094029456121,3.6004043275471303e-5,1.5914444878875137e-4,1.4765631777794077
ST6GALNAC2,-1.052149371878858,2.4333454272366177,-4.210143165523219,3.644374976095674e-5,1.6094801611075287e-4,1.6050098410406939
ALDOC,1.0114753344669127,3.4527481027065448,4.208892260925087,3.663169087651485e-5,1.6163753481856008e-4,1.4392325271325337
ASPN,-1.3715331524630359,1.8023254688423223,-4.205950813420231,3.707728231666705e-5,1.6346175397048617e-4,1.6796091083214684
REEP6,-1.138805984196508,3.1944940917992466,-4.204336959122622,3.7323955868209077e-5,1.6447790092486583e-4,1.533012893744747
AP001626.1,1.1126081631510187,-1.6491327823805175,4.203909506669555,3.738955308197015e-5,1.6473125446303088e-4,1.8456589566429935
KRT31,-2.484792844064554,-1.80709482308696,-4.199171617456409,3.812404925481774e-5,1.6756772860184165e-4,1.8672138210175593
TRPM5,1.2846074026548358,-1.599605201974411,4.19884883233425,3.81745877132047e-5,1.6771731964616783e-4,1.8088903981401394
LRRC37A4P,-1.1071219056824306,1.7995704430491684,-4.198508725473397,3.8227907479860515e-5,1.6791527806801063e-4,1.6528216552627182
SLC44A5,1.540270249276839,-0.2787982608473189,4.196859666362303,3.8487446722559185e-5,1.689457596521151e-4,1.7200925354948815
SPINK6,-2.258348322779083,-3.170614887286933,-4.194735215584053,3.882428792211124e-5,1.702405237818746e-4,1.9064662286299674
FAM163B,-1.9622293677226916,-1.7771487310341352,-4.1908716545595,3.944410321160199e-5,1.7280921613981436e-4,1.840155451165053
ASPHD1,1.0664901649492384,2.2359868927013795,4.190614515417273,3.9485688712006416e-5,1.7295412443595225e-4,1.4840573577329392
SYNDIG1L,1.257583168892439,-1.8755968822975124,4.189340324399066,3.969237427630755e-5,1.7367815432761495e-4,1.8008505884057442
CFAP100,-1.795896194379406,0.7808140576771937,-4.188215081201809,3.987575798055485e-5,1.743620708254726e-4,1.6607555949975676
FAM95C,-1.5991487878348591,-1.0293986286296428,-4.187122330796086,4.0054620571018204e-5,1.7506884053448903e-4,1.775407570258765
CA10,-2.530846794258304,-1.2108572939286706,-4.186962511898875,4.008084404634558e-5,1.7514579109824288e-4,1.8236642052219292
LINC02795,-1.1353109900578633,-1.0297887097413188,-4.1778492357162484,4.1603600089016064e-5,1.8109907222299475e-4,1.743917717397208
SLC27A6,-1.264318398697691,1.241148554469136,-4.176413376208615,4.1848502243710884e-5,1.819313282569369e-4,1.5626520809278643
LINC02348,1.2357261556955548,-2.2117020222793613,4.174775955172857,4.212946296703829e-5,1.829570951585654e-4,1.777482904309883
SRPX,1.0208044987186036,1.2785855346309551,4.170479975130326,4.287518588875659e-5,1.8564023817705346e-4,1.5168836181117822
CAPN8,-1.4061155292712537,0.7957808865545327,-4.1633055091812485,4.4148749646312404e-5,1.90667060733458e-4,1.5950488099614066
MROH2A,1.6899702219258526,-0.8901025704986886,4.159919080243819,4.476235630499578e-5,1.9298899650885325e-4,1.6316316743810244
LINC01550,1.080730943899141,-2.0496311689815014,4.15362302261782,4.5924876088680154e-5,1.9741480152841274e-4,1.6857565523107443
CPXM2,1.1790384904714815,3.2617074353361617,4.148917810417305,4.6812412706909e-5,2.009749632140301e-4,1.1361117562161764
HPGD,-2.4052621926003104,3.000632823961292,-4.1476209401752255,4.7059902221815166e-5,2.019521648556105e-4,1.3329964771883827
BTNL9,1.3963235712592326,1.757897483424761,4.14662538806275,4.725073602134272e-5,0.00020264274296217966,1.3669955691260594
DDX25,1.2071946345780262,-2.520488454820942,4.144277696169061,4.7703684886523715e-5,2.0428354227427478e-4,1.659296727759366
LINC02605,-1.182276145235463,-1.9472086211863653,-4.1437209644230935,4.781170334480208e-5,2.0470298267953602e-4,1.6663093232151267
B4GALNT1,1.0031667469124756,0.09886632708309427,4.1400972207234865,4.8520515289050066e-5,2.0756281892962607e-4,1.5049511447658546
SNCB,1.3903737187574632,-2.4320017827454,4.13851948886071,4.8832245873369126e-5,2.086767378322864e-4,1.6467548352160382
EFNA5,1.1610487634150766,3.306479251700719,4.137619818791713,4.901085850767451e-5,2.093959824069743e-4,1.155593722848165
EPDR1,-1.034326869831499,4.023614444687952,-4.137518537502961,4.903100499859116e-5,2.0943802975858906e-4,1.0933578240443698
TP63,-1.3200816738498957,0.6822810519583705,-4.136996346690295,4.9135002664692695e-5,2.097500092747772e-4,1.4795009112283246
GFRA1,1.4335562329766263,0.7322746625487847,4.131523703499247,5.023765033569811e-5,2.1414219912389436e-4,1.4053346747724387
LINC00173,1.0127758145797792,-0.8270821573469952,4.129543521157549,5.064240942282745e-5,2.1577700819906605e-4,1.5044272168557402
AL161669.3,1.1942044342912475,-1.4462821003076225,4.128414235815159,5.0874631846613985e-5,2.1663021530496178e-4,1.5303634962647346
LINC02656,-1.01472684001524,-1.5608630269222328,-4.126726780332245,5.1223528248530544e-5,2.1797885010953408e-4,1.5679553802281339
ARSI,1.0820148040959097,0.18493002016493995,4.121621469096529,5.229304776176409e-5,2.2193188128670312e-4,1.4212682706351565
CRYZL2P-SEC16B,-1.0786466347988775,-2.195169187035174,-4.120760937712801,5.247540640291869e-5,2.226070047449216e-4,1.6000850627729069
PNMA2,1.1913595280982476,-1.303335646513188,4.119650183069024,5.271168763251875e-5,2.2346940747670237e-4,1.5053789407973968
HOXD4,1.209874325365183,-0.4933277666749156,4.1161038663348775,5.3472874547207465e-5,2.263659034154227e-4,1.4419805678304156
SYCE1L,-1.066349629342682,2.161641330828987,-4.113768171756828,5.397992467217748e-5,2.2831597938154915e-4,1.284009032313083
HOXA-AS2,1.4880287713441054,0.7448331061162322,4.109780387789352,5.4856235264042105e-5,2.314987802131212e-4,1.3286132624155682
PKDCC,-1.406381016204799,5.465226125457428,-4.108055068558717,5.5239561045598005e-5,2.3292299557899044e-4,0.8724399708141934
GDNF,-1.5238378716702854,-0.9902899360609483,-4.106679221049285,5.554707127134369e-5,2.3407395324876408e-4,1.4660578475931816
CCL20,-1.7483360776440533,2.6568253905437733,-4.101537303875302,5.671083081531433e-5,2.3853289020911602e-4,1.1919244401629854
TRIM54,1.3424138961656278,-2.16080832264235,4.099762941696706,5.711778542501135e-5,2.399962520111496e-4,1.4888625519348642
OTX1,1.488250803420154,1.7622076729524594,4.099444852091868,5.719103374381963e-5,2.4025435506601697e-4,1.244419919364688
GLYATL3,-2.170530201685298,-1.7646481516764236,-4.098105146014577,5.7500519442096895e-5,2.4140478354496537e-4,1.530087388477515
MIR924HG,1.187356714263236,-0.18157866556928187,4.096291606521646,5.7922009458785425e-5,2.4307390465421328e-4,1.363248505477575
PHYHIPL,-1.8333087982572887,1.9286508249347227,-4.094991470992414,5.822598839524254e-5,2.441479241066452e-4,1.2298088567230696
PROX1-AS1,-1.6620471311711214,-2.263371362632627,-4.093395676255119,5.860117287284414e-5,2.454678972522021e-4,1.512761521946052
HEY1,-1.118198521289735,3.337227578361038,-4.092656787896718,5.8775670998025825e-5,2.461481016616272e-4,1.0537983183498696
KLKB1,-1.2547136033858044,-0.8326151058580462,-4.091195781084618,5.912216560936648e-5,2.474971974963469e-4,1.409664827618693
NPHS1,1.222295301393067,-2.446462105998912,4.090874310871996,5.919866684819131e-5,2.475624907453992e-4,1.4712482855159532
C16orf74,1.1452712344448635,0.5602755784771267,4.089937143796,5.942222610378689e-5,2.483951713972367e-4,1.2763629374724692
LRG1,-1.2037426244783935,5.251308423669957,-4.087330842743455,6.004819186228752e-5,2.5085703009437437e-4,0.7600774888253605
GRIN3B,-1.608978325594683,0.4506295573917619,-4.086110287795943,6.0343493241994484e-5,2.518835811563557e-4,1.3075090515724197
SYCP2,1.0422679927735274,-0.5329292855309001,4.082959238836869,6.111227038592127e-5,2.548308952243463e-4,1.313376687344065
AL450326.2,-1.0993165929558064,-2.5470632720073576,-4.081616713342531,6.144264033683507e-5,2.559984055362517e-4,1.454009000528929
TEKT2,-1.2357745319694313,3.8644996315271585,-4.081141022873309,6.156010648045815e-5,2.564215095603673e-4,0.926314184194867
TNFAIP6,1.0510848921539755,-0.37038915520370874,4.081103329049024,6.156942366928717e-5,2.564215095603673e-4,1.2987779627765486
PPP1R1A,1.5043086089622488,0.6051220997789142,4.0793434790846,6.200592364937546e-5,2.5818651756810224e-4,1.227347773369237
ASIC2,-1.6840473735166857,0.45448122948396663,-4.07799057160016,6.234349165571817e-5,2.5943266265577723e-4,1.2618529179253652
SLC47A1P2,-1.2673417514042065,-2.8014200196487233,-4.074201083598714,6.329836406238467e-5,2.6292171494050805e-4,1.4571743943574882
ITIH2,-1.8029526737611374,0.16669502585418802,-4.073348230515769,6.351517792654156e-5,2.636606364744752e-4,1.2889720043017814
RAB27B,-1.1117417444115851,1.7786066736232764,-4.073026396138333,6.359717896571328e-5,2.6393105341374426e-4,1.1577545252176025
KCNT2,1.2902078446068084,-2.317836458022448,4.072300690742832,6.378245364871365e-5,2.6455399754213396e-4,1.3773474136522843
LBP,2.0158681774899017,-1.3869075857461854,4.068904979333299,6.465624166470464e-5,2.679048839130392e-4,1.3013766161653137
CTSV,-1.2129634312561812,5.710962784148949,-4.068440735394609,6.47765837286807e-5,2.6818482128777887e-4,0.6884341107052556
GOLT1A,-1.189743657700551,2.714851951824869,-4.0674132625945365,6.504368599918405e-5,2.6912619589727536e-4,1.0204892067944282
UPK1B,-2.451651214172184,3.985137606959676,-4.067053505085875,6.513745644208873e-5,2.692948870482122e-4,0.9260007197898625
MUC12-AS1,-1.0681972405388245,-2.279384398275055,-4.065027319171315,6.56679893541187e-5,2.713226703868893e-4,1.3981808133259674
LINC02798,-1.0225194907623738,-1.9839693012179387,-4.064629459372485,6.57726465532724e-5,2.7169985133103825e-4,1.3699172653243359
IP6K3,1.0575711296549852,-1.1634713236004037,4.0637861923627865,6.599499376499783e-5,2.722637668025031e-4,1.2814551754752186
CRABP2,1.1981320607587689,5.949472539372432,4.06307515665501,6.618303122683809e-5,2.729512838178282e-4,0.5931796540594982
CEACAM6,-2.1630436124900307,2.0081110763477565,-4.061516438204779,6.659703026849848e-5,2.7432469460416764e-4,1.125647735029676
SEMA3E,-2.111739580651903,3.0186642116568208,-4.0594240348513795,6.715665626970169e-5,2.7651780430012503e-4,0.9805619481553993
SPEF1,-1.3446457825727411,2.7229494503372687,-4.059080720924463,6.724890429909934e-5,2.7684154972146946e-4,0.9912049829583003
RASD1,-1.2180914899535162,5.966378864947753,-4.05883079547632,6.731613484707996e-5,2.770621961587795e-4,0.6183058286983654
EYA1,-1.4325765129823735,0.3322278254476305,-4.0576450429987,6.763597831109843e-5,2.783222561641556e-4,1.2247227000397887
ANXA8L1,-1.5486064620666653,-2.8163309793897002,-4.055554673515196,6.820335965885966e-5,2.8054342880118674e-4,1.3766518292587469
FLNC,1.0990758748093885,3.2783388997718284,4.055486912606942,6.82218273833094e-5,2.8056261022630117e-4,0.8572058435602328
TCF21,-1.40566852500489,-1.983537713071476,-4.052170600166098,6.913150546679979e-5,2.8390153912047665e-4,1.3362761756982335
AC004540.2,1.4256633674526058,-0.8452767269238346,4.051657740182797,6.92732121436254e-5,2.843685646550278e-4,1.2068635680528796
CARM1P1,-1.2949364427650798,-1.5216309902923733,-4.049957768188619,6.974490632946355e-5,2.861315050948763e-4,1.2817587899604552
LRRN4CL,-1.0437752780680807,1.8306828772291541,-4.044508821504769,7.127753206406468e-5,2.911848365165931e-4,1.0359002279746052
RPS6KA6,1.4578439367749862,-1.2771225307277225,4.044092138801055,7.139604282995552e-5,2.916103646455016e-4,1.1982973549396592
GJB3,1.1170610351714356,2.6289058167328747,4.041535886340003,7.212719466739743e-5,2.9424189169413595e-4,0.8612518788250352
XK,1.0178176790869042,1.2666766993738945,4.04119450502723,7.222537604670658e-5,2.9458329174659136e-4,1.0256000700824979
C22orf31,-1.2906867311494226,-2.7469749080916133,-4.039805078873333,7.262628967509057e-5,2.9602666280587693e-4,1.30822380337489
HTR6,1.467715789981896,-1.4157362486892882,4.034512223027889,7.417301412120584e-5,3.013779166332242e-4,1.1744372789050548
PXDN,1.0237276570383367,5.8641165157387185,4.031485067592026,7.507167707466429e-5,3.046638907478988e-4,0.4832878198672548
AC126323.1,1.396986741253862,-1.7091844372732439,4.027844091553848,7.616629249802622e-5,3.08736284150356e-4,1.158670342686495
NTS,1.9876032725732284,-2.1286543790795105,4.025715166915188,7.681334731720437e-5,3.11110894953141e-4,1.215387607308494
LINC02036,1.2165351031813543,-2.6548001425830696,4.022606206414235,7.776767360087538e-5,3.1434968143679226e-4,1.228133803011069
ST8SIA6,-1.4862343024694966,-0.9724781336078882,-4.022211267980325,7.788970839243653e-5,3.147803605821992e-4,1.1497703565847202
NCCRP1,1.5377441740549656,1.1995905309057286,4.020887419099435,7.830010419284694e-5,3.159363346466987e-4,0.9371916776015272
HS3ST3A1,-1.5759822240968955,1.2598604979157944,-4.020765796683983,7.833791040333356e-5,3.1602613954691375e-4,0.992021000469923
CES3,-1.5987593251267738,3.624039893781409,-4.0109143924887505,8.14585612236699e-5,3.2686353372356707e-4,0.7340720764000483
SCN1A,-1.6839520816635527,-1.9301337607629925,-4.010809975607805,8.149226241501495e-5,3.26934216605362e-4,1.1670368324341664
H3C7,1.0463076578300732,-1.8091826257013486,4.009615888399521,8.187860572011532e-5,3.2841933740983297e-4,1.1375655740067447
QPRT,1.0152767852984725,6.616993282839778,4.007567341723862,8.254546840932479e-5,3.3089824456629526e-4,0.37498046178264755
PYY,-1.7528000091580673,1.8222873965177475,-4.006611741309665,8.285830872152032e-5,3.319558971922293e-4,0.8998129478752235
DCHS2,-1.6959504420501996,1.191472985557017,-4.005593168630542,8.31930061406607e-5,3.3303420460957024e-4,0.9568958684530822
CEACAM5,-2.9282362509587663,1.552239695300263,-4.0049665541839685,8.339954667648248e-5,3.337295504337133e-4,0.9941822249604657
LINC01518,1.5720172837015096,-2.6238045762634292,4.003683709316961,8.382391186897364e-5,3.353616505561064e-4,1.1326380649415952
RNASE4,-1.1501744001158007,-2.018548912141775,-4.003608252576588,8.384893681035691e-5,3.3539574724142764e-4,1.1615718570405793
KCNG3,1.1375332845042996,-0.5768404218870712,4.002608219576915,8.418126579477978e-5,3.366531662932731e-4,1.0223855270522995
AC009802.1,1.0257333186399096,-2.1226368388991994,4.002081920350056,8.435666725560624e-5,3.372275580847642e-4,1.1257336868548773
TFF1,-2.123054945944001,-0.7112433119712878,-4.001755836851349,8.446551650026374e-5,3.3759629446437764e-4,1.1137115672735867
LHX1,1.981217338993238,-2.5289558597282826,4.001683168893726,8.448979183217746e-5,3.376269227678283e-4,1.107783787944589
AL356740.1,-1.0150306835501017,0.36717156853810917,-4.001584467067938,8.45227746198066e-5,3.3769232777136805e-4,0.9886003427500931
SLC8A2,1.111244571457564,-0.9194960427723836,4.000821705536359,8.477807682371629e-5,3.386457612746089e-4,1.056769325374387
ADAMTSL2,-1.3207531154821401,3.459578532408897,-4.0002703223072755,8.496308557501302e-5,3.392514246024685e-4,0.6540787888455597
KREMEN2,1.0042404513329328,0.9456279302801402,3.991779806339108,8.786088717809755e-5,3.4972281061646193e-4,0.8757109978889073
ABCA8,-1.2424827401078486,0.7473071952995706,-3.9912136393626683,8.805742457316825e-5,3.5043309450255073e-4,0.9277846527897822
AC090004.2,-1.4183981739381837,1.6076816196030346,-3.9905037510454804,8.830444361720672e-5,3.512132117565772e-4,0.8796343405891598
PDGFRA,-1.1733917793879605,3.8613719444363515,-3.986541173074232,8.969544530721198e-5,3.560488731296438e-4,0.594564705537449
SPACA4,-1.1003060033246643,-1.3278777174233471,-3.9775834021961205,9.291709911798234e-5,3.6728085708234606e-4,1.015805507784373
LINC01979,1.1139003600495483,-2.282387755464172,3.9725639724405033,9.477010607262914e-5,3.738562957725378e-4,1.0297713180134647
AC080100.1,-1.2446761507632627,-2.7382152949613316,-3.9698422381433818,9.57895107016836e-5,3.7707263519291443e-4,1.0506568734467843
VSNL1,-1.8467669621813676,-0.24138597173195217,-3.968910563521714,9.614084997833596e-5,3.783063279198861e-4,0.9339286755682865
PCDH19,-1.5314268819449404,4.212354634566331,-3.967610709152764,9.663307834442853e-5,3.800988357406939e-4,0.48951247438189416
AC114296.1,-1.4003071925545267,-2.940936733468337,-3.9675003438894665,9.667498153687758e-5,3.8019007831956267e-4,1.0651907119939423
AC021218.1,-1.3253146448615591,-1.8414790991275722,-3.963838761558068,9.807503128962344e-5,3.8495112706263165e-4,1.0079813193788851
ZNF578,1.1080189936301998,0.05247688451310616,3.9624334541775186,9.86174660161765e-5,3.869307682070987e-4,0.8442898023815966
AL357054.4,-1.114381000816546,-1.0943382631763865,-3.961968353904538,9.879761706520565e-5,3.8748799097515236e-4,0.9546288729103694
AP000757.1,1.01236284724728,-1.7982088736806723,3.9614665285550603,9.899234380701268e-5,3.880270772485488e-4,0.937373667303687
FCGBP,-1.1667224402026717,6.047499704717353,-3.9581797057174692,1.0027679662534788e-4,3.92305219367386e-4,0.22436113171933236
GLDN,1.1797833383252119,-0.14240232542339806,3.9564544281950127,1.0095733649871096e-4,3.9481564498745463e-4,0.8149957628176727
ULBP1,1.1154664548372164,-0.8040373711206926,3.9543545308065924,1.0179156675463089e-4,3.979249476286051e-4,0.8981172058167468
EPHA3,-1.2806726516975215,-0.09801685967395155,-3.9528984409383354,1.0237387050604076e-4,3.9989362755425185e-4,0.8628729070433581
AMPH,-1.156237304714499,0.2751178759202303,-3.9506335227395484,1.032859252130925e-4,4.0322380791987935e-4,0.8075976225664814
SSTR1,1.2580773689555897,-0.8197958408010528,3.950377858171887,1.0338936162038686e-4,4.035501028562978e-4,0.821835842261744
SLC30A10,-1.505450341781792,-1.5974100579689612,-3.9481039246266714,1.0431368571093969e-4,4.0676733468709487e-4,0.9169662904046669
LINC01215,1.0589105990581198,-2.2541476911980243,3.9466571524126204,1.0490585929258079e-4,4.086061104374113e-4,0.9293047501221618
HOXA-AS3,1.7643360230603122,-1.5338974972094364,3.9448192774013617,1.0566271876177504e-4,4.113175820942953e-4,0.900250244390195
MT1G,1.1967803883848998,3.046530732266829,3.940504468203358,1.0746004092787947e-4,4.174346085279477e-4,0.4727081212454385
FGF14,-1.6149724486086998,-1.0918209265900833,-3.9396104399100267,1.0783605937092144e-4,4.188152246616869e-4,0.8637116826543672
CPNE6,1.2352751053244924,-2.865692626223363,3.9393426773149414,1.079489202844261e-4,4.1902787469228717e-4,0.9287548625674313
CST4,-2.232555459979723,-1.3374265663049747,-3.935686334359126,1.095013217933189e-4,4.247146687266056e-4,0.8742917181403813
PEG10,1.6346818157263527,4.438959376737454,3.933176144498377,1.1057933882254414e-4,4.2840535307460674e-4,0.2521604936209858
CXXC4,-1.3525621569775153,1.258867418952009,-3.932679126061016,1.1079397823324111e-4,4.289915819417779e-4,0.6703458502802366
SCD5,-1.0021746117867316,5.2430475712080264,-3.9319808299407075,1.1109620858137504e-4,4.2975244446285995e-4,0.1928949391221897
GLP1R,1.3640204108131746,-2.1964080562140555,3.9302300334067124,1.1185741805071443e-4,4.3228563690106864e-4,0.8462465644606096
AL161729.3,-1.0388157522609465,-1.3082081539295687,-3.928165020449992,1.1276160661906967e-4,4.3544877311912824e-4,0.8256523556703179
AL157931.1,-1.953924656925158,1.183401794567025,-3.926382742163662,1.1354757111502728e-4,4.3806773639745906e-4,0.63816375419790194
ZAP70,-1.0142256870864093,2.8782643426352665,-3.9231883684093614,1.1496928342359087e-4,4.4313212901594175e-4,0.4833839505884976
RASSF10,1.2240437633663341,1.5993471889015598,3.9212577113485234,1.1583673137140476e-4,4.4622170742843637e-4,0.5292371509065248
AC025171.5,-1.037543681083201,-1.520909278057058,-3.9193332846649094,1.1670755965498946e-4,4.487257742012875e-4,0.8195072091744873
ALDH3A1,-1.2849361147588303,2.8051884498778477,-3.9170149593432746,1.1776488411037033e-4,4.5227768417595743e-4,0.4853558597592329
UNC13A,1.0842254803127225,-0.4589548257352867,3.91621144341264,1.18133462388227e-4,4.534361642263127e-4,0.7036570765935979
BEST3,-1.73153941971082,-2.5744246511963502,-3.913700830212683,1.1929216499435387e-4,4.570205393676245e-4,0.839432919663774
MUC5B,-2.922594715152293,5.721407679806955,-3.9128402371044935,1.196918235365765e-4,4.5829250594524887e-4,0.23411389229472856
LINC02428,1.372083705644862,-3.1620048857019043,3.912253530089491,1.1996501769238202e-4,4.592520285515111e-4,0.8430617565582024
APOD,-1.5352840480147263,3.3331319191017164,-3.9121848400970953,1.1999704115469766e-4,4.592881100617844e-4,0.3759695951099209
BLACAT1,1.0173702015375752,2.5603785597152013,3.9103238328521464,1.2086774116656616e-4,4.619247783883585e-4,0.3618898293575592
AC018638.6,-1.0299129583275306,-1.195111084825716,-3.908900139327331,1.2153788118128193e-4,4.6413677135069033e-4,0.7476428695354631
IGDCC3,1.4039418842704114,-0.5150187154962323,3.9069954061358407,1.2243996408930897e-4,4.672305351391505e-4,0.6373686109811629
CYP24A1,-1.7874089497741568,1.1051584763949749,-3.9059971849003916,1.2291525574212027e-4,4.689561963023939e-4,0.6137398526284175
HABP2,-1.8951519940839008,2.7551153214498467,-3.9027415438930064,1.2447758595723622e-4,4.7420477169538315e-4,0.3864331173587239
SLC6A17,1.1443203981859305,-2.177119305744607,3.9014996906830657,1.2507848046293133e-4,4.7604775972446e-4,0.7670563300171152
TNNT3,1.5412758391867991,-2.0240489999160056,3.9010894503804914,1.2527758705051774e-4,4.766363416880913e-4,0.7262834260088704
ZFR2,1.3822096761391818,-2.0312310649681438,3.8993595276184765,1.2612050211083058e-4,4.795646557344286e-4,0.7330994837727127
AL021328.1,-1.541096145995033,-1.8437040204286972,-3.8976589559931836,1.2695435753579048e-4,4.821940501882649e-4,0.777516125212455
SPAG17,-1.31329190705375,1.758036846281491,-3.8943221770866536,1.286057292045285e-4,4.880102390501937e-4,0.4256603218958013
SNX18P3,-1.2877950103264997,-2.3739978423196897,-3.8911148290679716,1.302122336413829e-4,4.932774345810748e-4,0.762763486591612
ZCCHC12,-1.3309198694409752,0.8638876477030129,-3.8903791364460085,1.3058340336988045e-4,4.943149730097691e-4,0.5481016727179462
FZD7,1.0281014459511413,3.2910886341478705,3.890244811211162,1.306512810262093e-4,4.944772689347042e-4,0.1950140861127192
TXK,-1.037517949661202,0.9649933594003111,-3.889917515014817,1.308168115104639e-4,4.948298673252687e-4,0.5422164354185641
ZNF385B,-1.9484246769791977,1.0118675856587902,-3.8885950890012424,1.3148765772633936e-4,4.968126335062504e-4,0.5730747273043599
LTF,-2.6518699466195175,5.8458747247734815,-3.887714826463832,1.319360084689697e-4,4.979512416199332e-4,0.013419631108512853
AP001042.1,-1.0891400999702885,-1.0777355944719809,-3.8846960758622826,1.3348460779294362e-4,5.032352381346292e-4,0.6680138471046577
CNTN2,1.0439298892607067,-1.302076040877833,3.884253800032559,1.3371293486172752e-4,5.038881829083451e-4,0.642730914211378
SLC9A4,1.399727569904525,-0.136321318974416,3.884216551325996,1.3373218158864463e-4,5.038881829083451e-4,0.5765339483785441
HEY2,-1.1490957117204004,4.2686032507970975,-3.882851433268229,1.3443936490426425e-4,5.063650208143563e-4,0.10091274279299078
FOXJ1,-1.1608441823033564,6.967465503834354,-3.8816366464752887,1.3507165124955432e-4,5.082755489716612e-4,-0.087365962553684
INSRR,1.1113072702399476,-2.241917188149547,3.878260070042178,1.368439749094812e-4,5.144685434813718e-4,0.6749628975481956
NOVA1,1.2418436340747434,0.29615793889363745,3.8756219545787505,1.382440085211981e-4,5.192517518360434e-4,0.4843354992429445
CCL8,1.1577995222000486,-0.1901866128632948,3.8715641383447514,1.4042400549988665e-4,5.264669780076916e-4,0.5382467371708834
CRISP3,-2.0124775215124844,-0.5695387875069957,-3.8633587996969503,1.4493215413085168e-4,5.414707905432775e-4,0.5635536656080182
C5orf49,-1.6507772267008693,3.003987879358705,-3.8611797304770303,1.4615222357187762e-4,5.454274314863828e-4,0.22280319944607907
CSMD1,-1.1187024620383175,-0.9709459146737333,-3.8601550726749454,1.4672929210628454e-4,5.473799803172039e-4,0.5614843529777183
LINC01694,1.1986864256417098,-0.8591376910530916,3.857371794992226,1.4830770088650452e-4,5.522546194242063e-4,0.5482869285520788
SLC19A3,1.3770943349268165,-0.6228614998255185,3.851510110074745,1.5168466600086467e-4,5.641059747120903e-4,0.4627611254302426
PPM1E,-1.0550671955368474,-0.11680544280077597,-3.8484831104934782,1.5345694318761002e-4,5.699669066785428e-4,0.45756099069911205
EPYC,1.4750530529385377,-2.506085696630565,3.8474477627765533,1.5406761802782445e-4,5.720259899155104e-4,0.6006442640895999
NFIA-AS2,-1.1930705293493582,-2.7864482792799192,-3.8453919510427603,1.552870192660167e-4,5.758170734469117e-4,0.6119477976707994
SULT1A2,1.0427639978743923,-2.4728012984336165,3.844337541013757,1.5591598223827914e-4,5.777783028981686e-4,0.5761728087241531
TNFSF8,-1.1780768315089893,-0.26365292664257256,-3.8435348026856393,1.563964383443168e-4,5.794023355650555e-4,0.4503407900967433
AC107918.4,-1.1586034969880996,-1.5708472742261421,-3.8425029652441194,1.57016075229454e-4,5.812740825069987e-4,0.5473859602458173
DSEL,1.0344104439074608,0.7014723564882969,3.838699421848161,1.5932031434388717e-4,5.885180059478668e-4,0.33831476664463533
SLC18A2,-1.1758751979937467,-1.030515693663064,-3.8381885600032137,1.5963223013581125e-4,5.8934885472847e-4,0.49800807015932325
AC068580.4,1.0532331503814247,-1.1870617175596812,3.83738644513174,1.6012314284581563e-4,5.908392801739936e-4,0.47577576565548263
KIF25-AS1,1.459249839472618,-3.0884925325178827,3.8350251142875833,1.6157664485455444e-4,5.952299673779163e-4,0.5570926965873166
RARRES1,1.1200902913996198,3.125770966354668,3.8302065045281255,1.6458156226884971e-4,6.052027630816179e-4,0.003685056538544451
AC017074.1,1.0092439424375905,-2.143473797443077,3.8273025988829934,1.6641793010201714e-4,6.109606234453389e-4,0.4966156451569841
MMP1,1.3474473289386713,1.400629289693975,3.825760293604141,1.6740112208219808e-4,6.142373000900151e-4,0.2492916607250466
CCBE1,-1.3515710737233158,-0.5431078922779587,-3.8252471075546235,1.6772948656663885e-4,6.152181164328629e-4,0.38549712637238187
PAEP,1.7494090835852987,-0.981731116740253,3.824673493995058,1.680972375826816e-4,6.161241220253239e-4,0.40934913211077273
ERBB4,1.1327705373417607,3.7697677623617882,3.8243141714213884,1.683279926174268e-4,6.167474530298508e-4,-0.11976222734891007
PLA2G2A,1.439995005458461,-2.180613964278205,3.822237527266988,1.6966748823396766e-4,6.20983618020378e-4,0.49422527553646667
LIPG,1.0091033264646478,3.4873703909588647,3.821889032758217,1.6989326372639072e-4,6.216979999955284e-4,-0.023919915443507023
PRSS21,1.7384796480828246,1.2315919922886454,3.8201440656978516,1.7102804111885706e-4,6.250327994358624e-4,0.15945563495525317
AC005696.4,1.1278134739703047,-2.095007074436413,3.818702643045103,1.719708267352005e-4,6.28169497226135e-4,0.4702524969910451
GABRG3,1.4988273468731939,-1.2528074188576281,3.818614719066863,1.72028493724537e-4,6.28267224880052e-4,0.37098348944145876
C2orf72,1.2134617219388613,0.12571242667579213,3.8149428466589788,1.7445318678984542e-4,6.362078895239221e-4,0.310658197793213
CNTN1,-1.3721014070346724,2.762740953727811,-3.813849836909903,1.7518117199834227e-4,6.385190350958229e-4,0.1221768706374613
CCDC144NL-AS1,1.411540713310065,0.012657691481988734,3.813536928468324,0.00017539010946964584,6.390513777090502e-4,0.2997493109838567
AL356311.1,-1.0760870318530453,-2.016600871318688,-3.812848436745842,1.7585066479350897e-4,6.403850405417087e-4,0.4852001522877911
SLC22A31,1.6440299725653817,-0.6104704461597071,3.8127443862471746,1.7592036716030204e-4,6.405241028602613e-4,0.3428833694663158
GDF5,-1.398012604982681,1.7268147833540415,-3.8096286929760494,1.7801969331873453e-4,6.471243511017637e-4,0.19655334938466673
TRIM71,1.3389885793455905,-2.4922520332214795,3.809332162685649,1.7822072361181826e-4,6.477392680054712e-4,0.43089429098095255
APOBEC3B,1.0252188701849159,2.206782049174446,3.808319249362089,1.78909041430912e-4,6.50124684076856e-4,0.08967125280809896
MGARP,-1.0060032700457628,-1.9047072920703665,-3.8066471116045384,1.8005083762112815e-4,6.535726422239343e-4,0.4394482384722691
Z97200.1,-1.5396580564772924,-0.852849109395161,-3.7947704770927646,1.883612745960393e-4,6.803366882690426e-4,0.32915181724223697
TLR10,-1.0481163734270933,-0.9589611438826374,-3.7831636602140257,1.9683251137387142e-4,7.070385226515663e-4,0.29713174230380623
ASCL5,-1.4618652880844505,-0.6572196889087291,-3.775571646666765,2.0256709195752e-4,7.252023211105578e-4,0.2296027408538448
AL157996.1,-1.43554435815683,-2.444913408479005,-3.7749990419853376,2.030059512791077e-4,7.263896045416522e-4,0.3641333213989757
DIO1,1.1781686790789605,-1.7432062851000338,3.7739448317946973,2.0381627765450808e-4,7.290323877244319e-4,0.27959728678220763
AL009178.2,1.1562792782119735,-1.7421853963560954,3.764095839652854,2.1153593845359896e-4,7.538587433159644e-4,0.2215588857067372
TCL1A,1.2028806180926424,-2.395428703527717,3.7606900889911237,2.142690820411746e-4,7.627964307943305e-4,0.29624281257498186
SFRP4,-1.9430751831386153,5.04759804374196,-3.759612036880151,2.1514115890541944e-4,7.653647669514694e-4,-0.359831058390534
FGFR4,1.013515441239937,4.19713560915765,3.7581996777211124,2.1628874576006189e-4,7.690434690041109e-4,-0.38136138136075637
LINC02672,1.1367388713428412,2.4736111777316028,3.7574698088909844,2.1688405212597656e-4,7.703515336260656e-4,-0.15802305172335895
MYOZ1,1.1726279349588182,-0.9211340672333332,3.7570746587599473,2.1720699600422488e-4,7.713637929040479e-4,0.13262303599016523
SCN2A,1.2911081565573865,-1.353564859394986,3.7553192932452992,2.186471020924739e-4,7.759356910996052e-4,0.1872837211569207
DIPK1C,-1.2820481550169127,-1.3267889270665167,-3.752017587671291,2.213803064040088e-4,7.849499908156097e-4,0.22490714399512157
RGS11,1.2667507845266444,-0.41722872196855654,3.750809825312939,2.2238815096000788e-4,7.878362872775318e-4,0.12145491870462433
PCDHA12,1.4272878647418825,-2.5253226865949685,3.746886380677814,2.2569215431450973e-4,7.980110202310535e-4,0.24308920944354817
KCNK3,1.0684053235284985,0.552594769674417,3.742530425271724,2.29414685322195e-4,8.101866315357588e-4,-0.004049309240270915
DLX6-AS1,-1.265559980460166,4.094434976366042,-3.7383217864727243,2.3306634840216048e-4,8.217162745604061e-4,-0.36102827372093227
CRYM,-1.5154506249518689,1.3107135347566226,-3.737887169479632,2.3344655913448117e-4,8.228525611947964e-4,-0.04587881978962827
CEMIP,-1.2134102099642559,4.055110523971826,-3.7368539520861686,2.343527891626244e-4,8.256172797609946e-4,-0.3492005796933233
AC244502.1,-1.2943550674751512,-1.5094728107917132,-3.73634107812545,2.3480386137922325e-4,8.269197155902501e-4,0.1703459952644648
SPOCK3,1.5702697530050442,-2.483103378976424,3.735577812118209,2.3547667152697675e-4,8.28714783050091e-4,0.1933269641150268
LINC01231,-1.1106252181878713,-1.9501231972735373,-3.7344104764896158,2.3650918686594715e-4,8.320603624482447e-4,0.17360099274967222
KISS1,-1.1430182630304642,-0.8706627621935503,-3.7297627568125997,2.4066267304347408e-4,8.452096365881401e-4,0.09048249961692179
CRYBB1,-1.3436021486875396,-0.590638516570538,-3.7283661638369416,2.4192414969005446e-4,8.49346418777106e-4,0.07526325490988306
RND2,1.0848763763582903,2.439781081903488,3.7282090476507066,2.420664553727941e-4,8.496645817173222e-4,-0.24898477001107988
AC074124.1,-1.4301396924948229,-0.3048896802627931,-3.726712642961014,2.4342576864303528e-4,8.538807942528562e-4,0.033969983516428215
ADRB2,-1.1082248896942382,-0.29329551016413613,-3.725005674874473,2.4498515315182025e-4,8.589060294389503e-4,0.04121075856688261
KIZ-AS1,-1.0244011176656087,-2.0289678231881854,-3.7195494091651944,2.500331630519588e-4,8.752124186031863e-4,0.14424239111081683
FENDRR,-1.1387012374464647,-0.6765353925738767,-3.714367362724093,2.5491824530256426e-4,8.908112822436926e-4,0.03829655573972346
VPREB3,1.0260219347584913,-0.4019000333510486,3.707629854964801,2.614044265532984e-4,9.114399665927667e-4,-0.01929987443204073
SLC12A3,1.3437562213486718,-0.9866030445803061,3.7026220331077986,2.6632599840833277e-4,9.270096920107819e-4,-0.03055371241291205
MGAM,1.1210381615273692,-2.0944066192514574,3.702405430563395,2.665408303813508e-4,9.275986021696188e-4,0.058187545276296326
LCAL1,1.5188519571856636,-0.5540137673076528,3.7018251836740146,2.6711714007730315e-4,9.288090256511735e-4,-0.04088876696059973
KNDC1,-1.321485484229273,0.472997073701674,-3.700042780848976,2.6889480943307037e-4,9.34510620197969e-4,-0.0921220394671387
FER1L6,-1.1913338962559532,-2.190780308729757,-3.696768868569942,2.72189140584725e-4,9.446673656495818e-4,0.07051038356777539
CELF4,1.0565638296908602,-0.7782453092255095,3.696504904711204,2.724564026818339e-4,9.45272094248138e-4,-0.08611686922339157
NOS1,1.3277047952921808,-0.6164180877884856,3.6954420996029644,2.735349944399944e-4,9.480431833216996e-4,-0.09132416048491354
JPH2,1.0305320597428635,1.2096594866813954,3.6947392198680156,2.742505258161848e-4,9.500371035773206e-4,-0.20781966036390642
KCNK15,1.0972425180722722,3.2485268239350207,3.692254515818057,2.7679413093142783e-4,9.583584185775706e-4,-0.4978199026329362
OSBPL6,-1.35921813189413,1.209490022184649,-3.684836768691604,2.8452072867101206e-4,9.82933756503425e-4,-0.2251970773274916
CCDC114,-1.2623984033457925,3.594950868993434,-3.6846946360209247,2.846707463198802e-4,9.832848824278119e-4,-0.48434155349494645
AL645608.2,1.1794464438720393,-1.7559468308719968,3.6820058915927065,2.8752274169253347e-4,9.91619243536238e-4,-0.040974735238294535
TMOD1,1.036509948458364,3.0041580561404526,3.680258611199658,2.8939052999986094e-4,9.972148409150854e-4,-0.4583062583703663
DUOXA1,-1.401104346605964,0.953992644866608,-3.6799958100768295,2.8967244394624645e-4,9.978479238582226e-4,-0.18869238875060557
GIPR,-1.1221547006297534,0.5159825672356454,-3.676813345298038,2.9310697808912e-4,0.0010093368727013342,-0.18542960882989856
CNKSR2,1.1180373084282031,-1.142150569496389,3.6767265981537185,2.932011314094329e-4,0.0010094900550169938,-0.10850727667698834
AL136164.3,1.0029845763292375,-2.3611454439497317,3.674023494651081,2.96149343734899e-4,0.0010184330392670198,-0.035369991868390294
YWHAEP7,-1.134084573551238,-1.0384678989431053,-3.6729478288100634,2.973303021060546e-4,0.001022148352503967,-0.10914822238448707
RASGEF1C,1.08865407256703,-0.6852633249939177,3.669831155058245,3.007771684068414e-4,0.0010322518018744755,-0.16431875126218554
GDF7,-1.0548262976366725,1.6375192918862906,-3.6696660510703016,3.009608105160625e-4,0.0010327076672173652,-0.2947679495260713
AL049839.2,-1.30910495091636,-2.486911320332171,-3.6626160385790945,3.0890174354598795e-4,0.0010574564655261344,-0.014908318761573724
AC108752.1,-2.015526241908952,-1.5672912349880157,-3.661948150178904,3.09664186342143e-4,0.0010598879965001203,-0.07414761270883652
KLK11,-1.6338766557889435,4.353764245011668,-3.6614885347826314,3.1018990015299863e-4,0.0010615085924750875,-0.6514752735200702
CHI3L2,-1.2009212289795999,0.2552761500704533,-3.660757202658281,3.11028141004108e-4,0.0010636607669135942,-0.2147798245822834
AL132857.1,-1.3032568742846489,-2.6085834844738307,-3.660228165448691,3.1163584473806703e-4,0.0010652012964104398,-0.02442902435600036
FP565260.3,1.0158358220230426,-1.0593329391524486,3.6600143808891215,3.118817357918684e-4,0.0010655041852805404,-0.15486064619060347
GMNC,-1.6926037892551111,-0.07147118705990038,-3.659076764872209,3.129623251083498e-4,0.001068298000588193,-0.1798150446245792
EFNA2,1.4870715136192574,-1.8734910682014068,3.658173292477241,3.140069008760365e-4,0.0010715037363002965,-0.10018197738124979
APCDD1L,1.410233943069977,-0.792936649370384,3.657496516880307,3.1479152561908995e-4,0.0010738205717828776,-0.2061305215274416
LCN15,-1.8943830464700044,-1.7872931021798901,-3.651980700145268,3.2125555631843587e-4,0.001092752791065421,-0.07820362701274863
SMIM35,-1.0517804411287983,-1.0198422099640305,-3.6503989927583236,3.2313211601122505e-4,0.0010982169106709262,-0.1648936999294799
ANXA8,-1.552026309320466,-2.0435126008630378,-3.646158593569719,3.282140601226479e-4,0.0011136264704395152,-0.10971714494061047
LMX1A,-1.5586019563639195,-2.417757491358019,-3.64503434735376,3.2957399390847445e-4,0.0011180540564506485,-0.08370421177784326
LY6K,1.3331382270354803,0.13555675687849333,3.644709178157018,3.299683201095301e-4,0.0011192049629349284,-0.3197270677311739
LRRIQ1,-1.4770284866084875,0.9617100867181907,-3.6386540605149222,3.3739291319385804e-4,0.0011424814341472794,-0.37865471465124667
CCKBR,1.5893982577304147,-0.4385378075421856,3.636521571960986,3.400449525849882e-4,0.0011506949078150684,-0.28032722040809865
AC079089.1,-1.0073450519508331,-1.8537828139450516,-3.6333357298655167,3.44043570315711e-4,0.0011627727613157464,-0.17209587603012722
ICOSLG,1.1984344609895818,-0.8739585521321104,3.632900332467233,3.4459347272006126e-4,0.0011643421013404032,-0.25290500249696457
MLC1,1.0561939122052508,-1.8059400467084958,3.631770724902956,3.460240162319862e-4,0.0011685929055996822,-0.19022572240491975
AC005041.1,-1.0240503183560512,-1.642827514111134,-3.6300517055386696,3.4821172730827656e-4,0.0011752001238481257,-0.20219626787096168
SIX2,1.6273395560828385,-0.1149680563085005,3.627660939446046,3.5127599205722246e-4,0.0011841654109422772,-0.3065745674873348
GAS1,1.152396590300627,2.063142663012926,3.622765250250332,3.576302167341007e-4,0.001202237246489136,-0.5366149665347253
FLJ16779,1.3554441921324063,-0.6736017046259036,3.6186564451972907,3.630464627953383e-4,0.0012181866121598903,-0.34834731899078
C6orf15,-2.0179343087684543,-1.0965480678212978,-3.6163750415174514,3.660870546569655e-4,0.0012273759978304465,-0.26020963506829364
SHOX2,1.2277300050480329,-1.5009770135089744,3.6150262484739515,3.6789594333109344e-4,0.0012324241226736679,-0.2672531412121666
RRAD,-1.3722580472132138,3.3028970113954186,-3.6136878533408034,3.6969919773801495e-4,0.0012380567630297275,-0.7036223982342653
AL121899.1,-1.0485250459703757,-0.3134772703430035,-3.612826804255617,3.708637041052809e-4,0.0012413428725684666,-0.34791908717057307
OR7E102P,1.0493880982550774,-2.6017785776954914,3.6047923393619294,3.818973229705312e-4,0.0012747054018809453,-0.27089647951058726
SPOCK1,-1.1688040330620906,4.391490571720363,-3.603601189393322,3.835591579160513e-4,0.0012796218525091638,-0.8801028739353516
AQP5,-1.2726345720579628,6.821364742059377,-3.6012837951194423,3.868117821172972e-4,0.0012894149023703375,-1.0678112983611694
HYDIN,-1.6238524701885262,1.8500380296687402,-3.5910881737159728,4.014326235623476e-4,0.0013339955266973762,-0.62636980693211175
C1orf87,-1.940408744290942,-1.2136414669080917,-3.590997415072734,4.0156507750613416e-4,0.0013342175306906442,-0.3554499679154315
SFTPB,1.300639873606989,-2.0460919029059568,3.588416719084132,4.0534860824284437e-4,0.0013448098455644088,-0.3354641716075335
MYLK3,-1.1027630247185787,1.2145145391212437,-3.5824601284712516,4.142098387866661e-4,0.0013717452767639242,-0.5696541560537529
ASXL3,1.4044959613323211,-1.6657088790444452,3.581028087719483,4.1636717688839955e-4,0.0013779916142452097,-0.38268251923964236
CYP4F3,1.5173532580078797,-0.5854545566863391,3.5744774521137104,4.2637090006207595e-4,0.0014085764260178203,-0.46377979026991056
ORM1,-1.9999145267187073,0.1886603206161427,-3.5709132108610544,4.319084326270003e-4,0.0014245548498395253,-0.4856289596924679
WDR72,-1.2985200457951047,2.6275073519954835,-3.570225993259111,4.3298385960614837e-4,0.0014278701870250462,-0.7285384499636081
CLEC2L,1.1851703172258905,-2.2198925790455024,3.5626083658951395,4.450744090479351e-4,0.0014642041247639609,-0.40248181186902077
NKX6-1,1.3548999177293322,-1.955172414568368,3.559510522352742,4.500813725382812e-4,0.0014784958486290655,-0.4228381051674406
AQP7,-1.263523512921392,-0.0024789875660715904,-3.5585067087995883,4.5171512672686164e-4,0.0014833831371137076,-0.5483666295541543
CERS1,1.0913691346213807,0.09242961429701595,3.5584385682755353,4.5182623030382577e-4,0.0014834865212936105,-0.5785529723635747
EPHA7,-1.558635320398422,2.9179074719530145,-3.55776524629532,4.5292546697068723e-4,0.001486397091992935,-0.7724776039911765
AC011447.6,1.2143427678585328,-2.5490913619205067,3.5562327246557053,4.5543676764119105e-4,0.0014932323122317296,-0.40774511570807537
CASQ1,1.0825651424159806,-1.2108550486274443,3.5562252305580797,4.5544908007894567e-4,0.0014932323122317296,-0.4888176758223084
FAM83C,-1.2814408491835607,-2.4553077423992344,-3.552035461219494,4.623818242974512e-4,0.0015125459837472073,-0.40491517176647207
DES,1.7375344949805642,2.7299531818082503,3.5502717764251353,4.653296994319397e-4,0.0015212097171070844,-0.8504782902047268
DPP10,-1.7693581533079277,1.132407950267298,-3.5467348925615743,4.7129460937843143e-4,0.0015384824351119884,-0.6766196806370575
RPL12P47,-1.0618230379717855,0.4178164901138942,-3.545629686634371,4.731731973256953e-4,0.0015428801640377716,-0.621447282169374
AOX1,-1.0207562975072546,-0.11531568715156064,-3.5434045127470126,4.7697681040214534e-4,0.0015537869361457288,-0.597914642617484
EPHA10,1.182152121188496,-1.1229586245273238,3.541785755401924,4.797618572741094e-4,0.0015616079415821588,-0.5500419337603422
DAB1,1.1799337913816075,-1.5213423678246036,3.5347304823220362,4.920795492522889e-4,0.001597141732214464,-0.5643480333547339
DPT,-1.2618003984773205,-1.3919756530845468,-3.5332875341504013,4.946350578259215e-4,0.0016043668872093885,-0.5120888988358736
IGSF9B,1.0325261534420584,0.0328838922135397,3.532305434441566,4.963815061307736e-4,0.0016090044227435158,-0.6594812414731193
GABRA3,1.426222333389192,-2.208632150688999,3.5303378007883253,4.998979341704814e-4,0.0016198860991838114,-0.5367861184624365
ITIH5,-1.0318172077385914,4.403661666975201,-3.524495521003865,5.104771169048907e-4,0.0016510084220202098,-1.1314101019833753
CYP11A1,1.0995958296577135,-0.37929753615007106,3.51797060977281,5.225405466963983e-4,0.0016884124119328457,-0.6907958586141554
AC124067.2,-1.0484848080484799,-1.0776183193153688,-3.5166420640540967,5.250293387310336e-4,0.0016951066370722043,-0.614609082766437
ASB12,-1.2095663085003883,0.37042482414693234,-3.5157890900318614,5.266330884278099e-4,0.0016997444639045272,-0.7229292712992397
HAMP,-1.1201811254144098,0.80388431150954065,-3.5128149132356477,5.322611061871959e-4,0.0017157295356302251,-0.7671397289958142
AL356740.3,-1.0293616563507237,-2.1937463334310308,-3.51218144715657,5.334670741337382e-4,0.0017182549279537388,-0.5357556690026986
TMPRSS11E,-1.4654793954649041,-2.5555990116138663,-3.5090895137408404,5.393902411416938e-4,0.0017348579302047453,-0.5178550632140873
SCGB1A1,-1.9342231034333948,-1.2631297271933637,-3.507793430834058,5.418914225122115e-4,0.0017415245526783976,-0.5847262883325222
NEGR1,-1.150737465648803,-0.30241340531931565,-3.506093142331952,5.451891331170016e-4,0.001751568754579504,-0.6864297648753181
SCARNA21,-1.1499875020999715,-1.5642278785649821,-3.497321345775242,5.62503044113076e-4,0.0018014988762297757,-0.6274674837077123
C8orf34-AS1,-1.2013042955860218,1.5378243911595266,-3.494157907243782,5.688725573278003e-4,0.0018210373058954502,-0.852905779112545
LYPD2,1.7430843466872676,-2.4678950325108073,3.489455142247049,5.784665164793091e-4,0.0018476746001768786,-0.6616952829378366
SMOC1,-1.5255967291391765,1.5880394521473715,-3.485795874774198,5.86036331972025e-4,0.001868329789960696,-0.9256750943694616
C2orf66,-1.1060541266616046,-1.293711108316406,-3.484068877873684,5.896410653273414e-4,0.0018786432061001547,-0.6863190063570217
TMSB15A,1.0737886500412996,0.6363120827462093,3.4833573369807693,5.911322873474143e-4,0.0018821552698963023,-0.8596172204770633
AC092198.1,-1.222951749858402,-1.0635387359607977,-3.4828114419102354,5.922787491381221e-4,0.0018845474101067442,-0.7233460784453314
TRH,-1.9369040953682852,-1.7329515820740369,-3.479118531622677,6.000892956822511e-4,0.001905956375284587,-0.6952177999291091
SCUBE1,-1.0383668359516547,0.7103310088605588,-3.4779628383679815,6.025533535432738e-4,0.0019123394986926316,-0.8633544170583516
LINC02577,1.2365473916439556,-2.307850800531408,3.476634493127969,6.053972289936649e-4,0.00191998606801215,-0.69755865008956075
LINC00488,-1.4581719156434632,-1.176068102804298,-3.475852919346121,6.07076382341249e-4,0.001924539135034089,-0.7195552177285132
OOEP,1.456815197562919,-3.21726993019049,3.4734785896560134,6.122042469320192e-4,0.0019392829044024872,-0.6404458708445695
BRCC3P1,1.005532583588344,-2.624272138311322,3.4708610921319156,6.179042798495878e-4,0.0019552057580045188,-0.6586462115959426
HAS2,-1.1389097020176486,0.23411046785615638,-3.4641745912319304,6.326916808537194e-4,0.001997022165191954,-0.8643605872322331
AC010280.2,-1.0642539348116722,-2.1792645553389614,-3.4593932846750644,6.43468146455949e-4,0.0020285166137072605,-0.714725998789806
ABO,1.1860663310765402,1.7970144930731033,3.454259826796349,6.552294446879119e-4,0.0020614370331017216,-1.1301825926792235
CBY2,1.114791109711518,-2.5396749880517766,3.4532179453248677,6.576409364447349e-4,0.0020680634987316716,-0.7542648101939227
RERGL,-1.153910516527858,-2.3292792607216843,-3.452451100797381,6.594211438807427e-4,0.002073340861422063,-0.7176236248982191
HPN,1.1018490463220658,4.954622620869496,3.451243455674049,6.622338030287251e-4,0.002081218464938273,-1.5185915734697577
SHISAL2B,-1.4027397107510209,-2.547965507888016,-3.4496805886127255,6.658904572333843e-4,0.002091959779289089,-0.7227795488392639
LRRC37A7P,-1.0238676098530597,-2.766501144632279,-3.4495071064157994,6.662975180749836e-4,0.0020923718722737896,-0.715108364981301
FAM30A,1.317267072611334,-1.4439296892298037,3.446234565018481,6.740200115702705e-4,0.002114378028227019,-0.8233374963453297
OR1F1,-1.166978973552368,-2.7936193751234404,-3.445796926513443,6.750590697770065e-4,0.0021170780296496214,-0.7137216555117325
AC018553.1,-1.1058375577659363,-1.2925275102495704,-3.4438143090289275,6.797850776974832e-4,0.002130776051684708,-0.8197259218577289
MAT1A,1.1126423004923582,1.270285237148495,3.4415092307065724,6.853186528224852e-4,0.002146637332410092,-1.0772463621539368
RHOXF1P1,1.4501980161750525,-2.5946943069948847,3.4414864985602107,6.85373432887674e-4,0.002146637332410092,-0.7808279005587666
HMX2,-1.3560677098083094,-2.776855507689957,-3.4371305407701267,6.959463746072012e-4,0.0021753943582769543,-0.7250293332382549
HSD17B2,-1.187710642616046,0.6393252987920361,-3.4291689481456302,7.156663306210554e-4,0.002229833282775154,-0.9812805215489462
TGM7,1.4157458423250453,-1.2006923736453985,3.428586728539393,7.171287343397734e-4,0.0022333626105917183,-0.886068508631622
FAM3D,-1.5240984799680557,0.09283637009084726,-3.4218594445319535,7.342300439129746e-4,0.002279983409088968,-0.9682502302002858
AMH,-1.3703617117325813,1.8399855413496535,-3.418482138853458,7.429584645381671e-4,0.0023026652777932864,-1.0863409910566713
NOP56P1,1.3441687696550062,-2.7632227294858986,3.41773160771573,7.449112887122478e-4,0.0023078623524066654,-0.8385357137511713
AC034243.1,-1.0567369190251614,-1.1293001370302538,-3.4157164165598606,7.501784214525437e-4,0.002321703401492538,-0.9097211259843592
AC133919.2,-1.0965686099024556,-2.725163999861404,-3.4134729697504866,7.560830844859416e-4,0.0023371304348429323,-0.8074684693620675
AL096865.1,-1.0000066449089664,-1.9088802124178408,-3.4121726302744175,7.595253805658187e-4,0.002346343492114257,-0.8989705197988087
PHF21B,-1.2396831610393555,-0.44470601169201535,-3.3940445108090347,8.090654515983888e-4,0.0024790360678856706,-1.059589709058157
SLC35F3,-1.0291712300633695,0.5369106091003388,-3.392335226094226,8.13889021577017e-4,0.00249193740200833,-1.1351048301475961
IGF1,-1.1404141251808704,2.0925173418431293,-3.3912322549812006,8.170158267419376e-4,0.002500426548342955,-1.2594798494510782
KCNH6,-1.099630772890533,-1.8342346156427314,-3.390839697444272,8.181313893507107e-4,0.0025030411496558547,-0.9675935491152092
MYMX,-1.042330414896152,-1.3198400509682244,-3.386026676177334,8.319250637994508e-4,0.002540271183392434,-1.0023114950387146
AC098476.1,-1.192385041512395,-1.5917462286603081,-3.3858642790990414,8.323942436592636e-4,0.0025413220081314217,-0.9766585550115252
WNT3A,1.1922963846245276,-1.3674400758702476,3.3834704515449023,8.393389492236806e-4,0.002559064627066019,-1.0228344053817198
ISLR2,-1.0067464510693567,2.9182285202101066,-3.3823722325637395,8.425430451840898e-4,0.002567649352637809,-1.3986499210394223
AL450326.3,-1.4238627593627569,-1.4022943122114466,-3.3820901734684563,8.433678042195083e-4,0.0025694209643167872,-1.0067717677546115
SYT14,1.4846954062645479,-0.9747668514938476,3.381288665997264,8.457155792322376e-4,0.0025754155577338922,-1.1126942556949775
DNAH5,-1.0642274578871138,2.442207600281441,-3.379380407657706,8.513298231704e-4,0.0025909594678219837,-1.3712694487261805
SELE,-1.03011771237821,-0.40341490200240193,-3.376715277729936,8.5922907844657e-4,0.002613043811214737,-1.0997145320141914
C16orf89,-1.7773289983824505,1.3020796696418417,-3.375596128054473,8.625665078724861e-4,0.002622016408315945,-1.226070795970454
GLB1L3,-1.298273776012445,-1.584599064752025,-3.3744049466701753,8.661320321914559e-4,0.0026308873744222312,-1.0350036784884757
SFTA2,-1.5278037187176676,1.3138800459797257,-3.3716049249400997,8.74567480139364e-4,0.0026537338707602913,-1.2447261564228533
ALDH1L1,-1.1752077396794411,1.8644244208829468,-3.3690360150431324,8.823740409427696e-4,0.002675424438030859,-1.3284542131904766
ADH1C,-1.4983347272842655,1.0232629351837812,-3.35293334953096,9.328078967942535e-4,0.00281226630235816,-1.2610372015598017
PLAAT1,1.0341595649334328,0.054837632317664226,3.351148202011905,9.385615689277595e-4,0.002827230669466101,-1.2892080730791005
HLA-DQB2,-1.021649092651138,3.0431930452614036,-3.3495665084625146,9.436871230819865e-4,0.0028418279877786773,-1.509878580041935
SFRP2,1.6167641166696183,2.2912486847110025,3.3463131490696747,9.54311937935435e-4,0.0028695718044976747,-1.4383888706508623
LINC01876,1.2211487306735849,-2.384366635034941,3.346158254732884,9.548205619909112e-4,0.00287067649436439,-1.0856581964604421
SCEL,1.3511172809123795,0.3684643115803044,3.3406279701622204,9.731467138949657e-4,0.0029192965037935473,-1.3273960126715005
DBH-AS1,-1.1050981457342408,0.7446864626427872,-3.3378756925473927,0.00098238883917819075,0.0029452826032538054,-1.309645410929826
CXCL8,-1.0663475420054396,2.8381055032205693,-3.3284026528022044,0.001014828218016743,0.0030335885722859663,-1.5351002277295835
SERTM1,-1.2545774035233643,0.6892254747275993,-3.327440526421649,0.0010181781472423331,0.00304226002125157,-1.3123395661306398
CDH26,-1.04412638066483,-0.06526979760566047,-3.3271551498157144,0.0010191737498297675,0.0030443396959935615,-1.2839856851473268
GLIS3-AS1,1.077425930140975,-2.080287490792403,3.325514299328871,0.0010249158572922844,0.0030592436310190024,-1.175297635611777
C19orf81,1.262235943484855,-1.5238830889414017,3.323661160879364,0.001031437087666269,0.0030755468558875073,-1.2321506350524905
EDARADD,1.0276808760108862,-0.16728991214384528,3.3230808456256282,0.001033487160954684,0.0030809815366661824,-1.3010307990462904
Z98257.1,1.0915444795949414,-2.09437114244898,3.3203090553236145,0.0010433314906610253,0.0031060010570081553,-1.2077455434859745
PRPH,1.1630046989322846,-0.7471813865889074,3.318042829826164,0.0010514450610808889,0.0031278643766697867,-1.2785380974459315
LINC01451,-1.0220057570618823,-2.2204709030719703,-3.315978243232636,0.001058887828763897,0.003146178429689843,-1.1774591618700185
LRFN5,1.1919346823293613,-1.112977090589391,3.312229439100199,0.0010725276928009828,0.003181733006639494,-1.3018618954338343
PCDHB1,1.0757170178732949,-2.3843069269361,3.3114183772746886,0.0010755001490985907,0.0031900853809515117,-1.2104850189160548
LINC02814,-1.4879648258985414,-0.453057229047264,-3.3021445852990756,0.0011100371764109621,0.003283900374581717,-1.3214399974842461
WFDC21P,1.1162943153868543,-0.12468575456855355,3.2962701894181206,0.0011324453444312244,0.003341922343577785,-1.4237043965277767
SLC17A7,1.1332985098821706,-0.7309455881387245,3.295249478979741,0.0011363815499821524,0.003351591731510269,-1.3782715418138265
IFI27,1.153441787262235,8.360577518244531,3.2950495992698987,0.001137153842723063,0.00335338286411833,-2.0870570666188852
TTLL10-AS1,-1.133110380790305,-1.2750539219043087,-3.2941612234413826,0.0011405922498560436,0.0033625466907563433,-1.3013961251946142
MFAP4,1.0310258337117855,3.9722878087783307,3.2931486218652535,0.0011445232598737889,0.0033721789987931116,-1.8892060380816549
TMEM211,-1.3830294762838364,0.57305683434148,-3.291065033174418,0.0011526516168628674,0.003393176631100944,-1.4184190136916186
TENM3,1.2279855414672156,1.630079123669145,3.288888564271903,0.0011611996298538714,0.00341636092604952,-1.576890976887257
IVL,-1.8170302870481307,-2.151127837541505,-3.28706103369098,0.0011684226994584292,0.0034351255524075097,-1.2485704706430027
RET,1.1820478292345524,1.1884870329888113,3.2832871398070034,0.0011834709405671613,0.0034753450940741204,-1.5556726818034843
RGS22,-1.2627691712538212,-0.26980429055496224,-3.28059009070587,0.0011943355174395206,0.0035037059838973466,-1.4701549076340177
FST,1.1423453352227062,0.2672335644989763,3.278534134683026,0.00120267977990703,0.003524115318170484,-1.501225099128507
ADAMDEC1,1.0132973909064755,1.083781373020032,3.2781943923479275,0.0012040638585927208,0.0035276623701943864,-1.5535219275782426
THEMIS,-1.0231195995624756,-1.0765368740574102,-3.272329940022149,0.001228189712191548,0.003589549570115188,-1.3660554496504824
FOLR1,1.1871986442276263,5.784126829234191,3.2710024701685994,0.0012337128172246858,0.0036020656941925747,-2.1467113128969144
RGPD4,-1.0038155551010917,-1.2191764496620356,-3.268810015917422,0.0012428853726323688,0.0036250508059927885,-1.3823462553081516
LINC00930,-1.316518695357382,1.628426786277343,-3.262289955253739,0.001270539160650923,0.003692612312465231,-1.6151478579713432
ALOX12B,1.1007188291315448,-2.1020767012311232,3.255249112577215,0.0013010430592019925,0.003769408287273171,-1.4014675086762436
LDOC1,1.0255225053148225,4.781559844837111,3.2543809520849365,0.0013048510501644788,0.003779363366615771,-2.1329818072737927
COL26A1,1.208626456663143,3.4039239862139112,3.247321484100564,0.0013362023453992453,0.0038597180881032207,-2.039927043289061
PTGIS,1.1243113307940888,1.5784819697357537,3.2457457621676418,0.0013432949960352069,0.0038785519959396997,-1.7143567347744426
PLCXD3,1.1071899377234489,-2.287612068051528,3.245536833517425,0.0013442380474628227,0.003880723590431024,-1.4077736549279987
FCRL2,-1.2299714555104642,-1.083415581438061,-3.245373800332038,0.001344974365244988,0.003882297826905146,-1.4407019757438837
SULT2B1,-1.0468020560935134,3.2054258266016067,-3.241071389072946,0.0013645414984530804,0.003932077330860684,-1.8381954493068537
HOXB-AS4,1.0920937807968005,-2.5714695952510107,3.233970737962314,0.0013974137635912548,0.004014488027328403,-1.4223454204243717
CHRDL2,1.3371040358347395,-0.8303100034904323,3.2314668946200533,0.0014091794375039267,0.004042347508543344,-1.5302626913645456
A2ML1,-1.288278148089119,0.9883486716964743,-3.230426461231474,0.0014140954625525134,0.004053817621359628,-1.6503655600170326
TUSC8,-1.4427149513445312,0.21353808007403957,-3.228224227095434,0.0014245535038584858,0.004078903010263412,-1.608615661661747
NMUR2,-1.0914820259604445,-0.3008989174650294,-3.227596544202424,0.0014275473796561769,0.004085253864282193,-1.5852766918155634
CFAP47,-1.2689168304401899,1.3641892203552897,-3.225487934648254,0.0014376476686433018,0.004111263714296674,-1.719606123540796
KRT36,-1.1586267129547534,-2.4264136102963625,-3.2247101921397907,0.0014413897798043725,0.0041202258628332015,-1.4507172411284
ZNF90,1.089997905957806,1.1444124372895061,3.223008322242601,0.001449609874793064,0.004139647477208688,-1.7419313780987027
ALOX15,-1.428249978055168,0.1014309117909909,-3.2207465478344983,0.001460601634173467,0.004165768679896371,-1.5936808306424721
GRIK1-AS1,-1.0157660164172855,-2.242774738010603,-3.212595314825281,0.001500859480417041,0.0042680100853499285,-1.470627864361778
RIMS2,-1.411707174565842,0.5371591844093473,-3.211593366973921,0.0015058783545562559,0.0042798869637814775,-1.6757817750587973
MMP10,1.5558690010736516,1.6723009151489687,3.2112016750645473,0.0015078446123588537,0.00428367820821657,-1.8221800094426648
AC025154.2,-1.0199571382559216,3.2232516160913955,-3.1986160001801807,0.0015723049995688871,0.004440734687498341,-1.9864232396509856
NUS1P2,-1.4772022056105683,1.2392368795318225,-3.19087841582231,0.0016131926511127417,0.0045423285454717875,-1.8313235747944674
FOXG1,1.822394785989111,0.24520940346398,3.1882468701162776,0.001627321470044801,0.004578305863398468,-1.748210968650593
COX20P1,1.3191303952281905,-1.5726737934034685,3.1771369745235853,0.0016882432730028058,0.004727453331566413,-1.6711346935050155
AP001636.3,-1.1765335454087646,-2.1514593846758063,-3.1757199994357412,0.001696163392107415,0.004748977101693223,-1.5673481424019293
LINC01882,1.0727596996184674,-2.0877678082936053,3.1727095819429976,0.0017131042801122136,0.004791128579744135,-1.6331133192016587
UNC5A,1.1444411849720688,0.7818457946744151,3.1655099948232053,0.0017542565411547077,0.004888557354582709,-1.8692154849232772
TFAP2B,-1.6549010863638616,-1.467342216286679,-3.163646548729602,0.0017650558707426964,0.004910745450646757,-1.6490054360317306
ALPP,-1.8564017049994954,2.579437504847177,-3.1603367221241716,0.0017843892766550736,0.004961080062643285,-2.0076850560870563
SIX1,1.1807091849534612,2.2138173715847196,3.147053082050456,0.001863969317741772,0.005153491009901207,-2.1009893988872106
HOXA9,1.2730045481545402,2.2536533109462296,3.145028868927141,0.0018763802301130915,0.005180944642902658,-2.0481092816013176
SLC7A2,1.3012501856495553,3.069823628277983,3.145005301518337,0.0018765251761284267,0.005180944642902658,-2.200644017710321
FAM201A,-1.044103507320115,0.5724024786042564,-3.1411760944095013,0.001900213798942373,0.005241577802620086,-1.918584128639763
SATB2-AS1,-1.0938970172075508,-1.430347198109954,-3.1370250482156745,0.001926205439045595,0.005300324850143877,-1.7417881603580794
COLGALT2,-1.0362349856113071,1.5060904497429752,-3.135975925265709,0.0019328262998124248,0.005314945435988055,-1.9878049952398884
ATP10B,1.2248166465659787,0.3952118180358788,3.133143640150212,0.0019508056029567617,0.005360034213126028,-1.9300753734323868
KRT4,1.5466121875882004,-1.3214719283124536,3.121956465302538,0.0020233427526875404,0.005536135986217228,-1.8482457128616234
INA,1.1590664677129696,1.3354256866555572,3.121820233549076,0.0020242412279662964,0.005537848797575314,-2.0781777091126825
CALML5,-1.5844502389211148,-1.9819745762194554,-3.120926426268376,0.002030145208184811,0.005552505882269964,-1.771122050932223
ADCY1,-1.015827400293863,2.593496541250242,-3.118446397377858,0.0020466102386314106,0.005590015655146457,-2.1543771545632033
MTCL1,-1.0024279282817217,3.2291204284613757,-3.1177567849733188,0.0020512104695837538,0.00560032262007257,-2.2977101979197503
HORMAD1,1.26749590445959,-2.643950904013071,3.116568350412088,0.0020591606281832684,0.005616993086556257,-1.7766750322187699
MSLN,1.4158828374965813,6.110706402392975,3.1152107593877956,0.00206827718413164,0.005637074626564496,-2.6296413639987355
SYNPR-AS1,-1.0082811192210328,-2.8056836146692,-3.1110641427773538,0.002096353964149408,0.005703654346368482,-1.7506592043494678
AC009549.1,-1.1962194813866271,0.382792652236528,-3.1055043504160147,0.0021345515985158854,0.005791286225724881,-1.999435390564713
KLK2,-1.1284160272553614,-2.0490305338004653,-3.103296390301828,0.002149898420381025,0.005825938066109861,-1.8249653226412725
SPATA4,-1.0424414403111313,-2.669894533805478,-3.098145209638935,0.002186099301106848,0.005911426582716282,-1.7900507566521098
CPA4,1.0272270602868536,-0.14307398782708086,3.097288805686056,0.002192172075025517,0.0059262709833491104,-2.004840954267628
GALNT13,1.0781925650034632,-1.6915430118796049,3.088586912535655,0.002254765788493137,0.0060704543496270386,-1.9311916411519352
RIMBP2,-1.529703495404367,1.0396352667690785,-3.087247379646255,0.002264546288155313,0.0060886275448818784,-2.0774934149840245
HES2,-1.0412516542365058,2.993045316816893,-3.0668040455560446,0.0024187479817225736,0.006455500194422796,-2.3454180958756714
BEX5,-1.5391125922996438,3.438169782546007,-3.064666696063508,0.0024354162556470592,0.006495721782122156,-2.356528852043504
BBOX1-AS1,1.3342390097489807,-0.6673488403835323,3.0541564311855516,0.0025189312575609277,0.006683388887554607,-2.106780250965926
ACP7,1.1652739729267139,-2.3765410023889064,3.0491082778697978,0.002559974320839668,0.006776363388479475,-1.9944607798343297
AL627309.6,-1.0057021312483685,0.7597478685379189,-3.0464867262057727,0.0025815303356752964,0.006828087264740334,-2.1979573183526737
MARCHF10,-1.1898181682751925,-0.04695309041415309,-3.0444003970200186,0.0025988046497861313,0.0068702010538831074,-2.163294987830233
AL031710.1,-1.0737036131505635,-1.549086378943436,-3.0340482500052626,0.0026861018867292154,0.007065139736752242,-2.0479972866245397
SERPINI2,-1.1492207172676954,-2.0037360564778828,-3.0296536881845895,0.002723969213939753,0.00715270675763715,-2.0495360864721297
FAM181A-AS1,-1.0602379001257174,0.16365952566849076,-3.0276682097637098,0.0027412382717001593,0.007192476973151825,-2.2152524030641247
SP9,-1.4613939795976147,-2.3305577106633026,-3.0236650669135248,0.0027763627842200943,0.007276182750030845,-2.017724949435128
SEMA3A,-1.092176331598899,2.3669021645376436,-3.0162510903980366,0.002842509532206514,0.007424645126920086,-2.4300495293415603
FMO3,-1.0452688598219475,-0.49781697099602057,-3.0091173778140448,0.0029075199009035184,0.007575953136661937,-2.206798716628458
OR7E122P,-1.0475750714110337,-2.3584148784643095,-3.0006276787320845,0.002986666210432336,0.00776326947957882,-2.0973273235554473
SLC4A4,-1.1305961836655436,1.2536572380673041,-2.9985024842198302,0.0030067858027831972,0.007811570325420644,-2.387410661208916
MKX,-1.0736816622566205,0.6543178741269133,-2.9948304885159645,0.0030418427135258993,0.007890543881263609,-2.342226883922689
CAPN6,-1.7467101391866633,4.893717586773069,-2.990433868372839,0.003084311082049656,0.007991527082047069,-2.757580866352648
PROM1,-1.0209684563396033,5.750856591401686,-2.981723701279283,0.003170056340121212,0.008181361911952192,-3.002911958438175
AC010624.1,-1.006586689210289,-2.4401285717115937,-2.978815184018466,0.0031991720413726784,0.008250218572371312,-2.1431111302168198
GFRA3,-1.387060519833903,2.2596572045360652,-2.9778623374576894,0.0032087637163809484,0.008270756343909497,-2.5535079476826237
PLXNA4,1.0981733336868906,2.3812680449259434,2.9717916556439956,0.003270495123628534,0.008407480760514334,-2.665900291559945
PRMT8,-1.0990707466533505,-2.2293520207345083,-2.970179752670184,0.003287068160746276,0.008443677110592431,-2.2128772081953825
HNF1B,-1.2904693433395127,4.1453077860529115,-2.9697235958558053,0.003291772167403954,0.008451487813329708,-2.8155324027083717
LINC01320,-1.2846496797032323,2.656208436335139,-2.9495299472752037,0.0035063027008773815,0.008944658728835434,-2.7137223548518694
TBX18,-1.7935228058314994,1.8118171366720521,-2.9482636030091114,0.003520173446460208,0.008975536962220206,-2.533744892426655
FAIM2,-1.208383552571181,2.7588194446193244,-2.947653904675606,0.0035268696063952567,0.008989866806390603,-2.6435307947437634
TRIM31,-1.397114321492486,1.5028033575545467,-2.934313910356389,0.0036763300397747805,0.009316425402541476,-2.573425626655691
ETNPPL,-1.0629336753069334,-2.400159016316257,-2.933767761648808,0.0036825707887058376,0.009327588323735972,-2.2811083454061523
KLK14,-1.1200250339868068,1.5958596789634931,-2.9328565215528672,0.0036930049591056514,0.009349519264297937,-2.5885136718938693
KCNJ15,-1.179593699069804,1.6641205491546818,-2.9293691445869268,0.0037331875773183912,0.00944050072432736,-2.6324591054839104
CCDC190,-1.2336376967095763,-2.4825459963908965,-2.9277577028981914,0.003751889873305731,0.00948189626772764,-2.2758208859730438
CNTN3,-1.25271467155607,0.9965102418572258,-2.9237588476389464,0.003798671169504394,0.009589391733822793,-2.5779219909171927
IRX6,1.3485417600397123,-1.756547421142584,2.9208139185104307,0.003833463362170261,0.009667615010888248,-2.397463948050853
OMD,-1.0181612778713172,-2.7333573799035635,-2.91534341161673,0.0038988678454852086,0.009826462064935686,-2.2880896739426086
ALPK3,-1.0120472723105465,4.311725978824428,-2.915004150592542,0.003902957394840525,0.00983433003877248,-3.0429203350988274
TTLL6,-1.0261230785070488,-1.208728612023995,-2.913125580010059,0.003925673277494036,0.009884215026237462,-2.4276378069808846
PCDHA11,1.16831382708786,-2.2330866830934473,2.9125984433608534,0.003932069149301314,0.009899092455146776,-2.3673018138918653
SHANK1,-1.120616123463138,1.349947817208942,-2.9090889672101303,0.003974893797794659,0.009993288167538179,-2.6482360874848263
TBC1D3L,-1.2283666871924825,0.5854025067273206,-2.908324198474352,0.003984282324489161,0.010013175956834142,-2.5652441247192233
MYO18B,1.0162716491231838,-2.014726650992555,2.8986053070130193,0.004105372248032319,0.010290772763814609,-2.4179080762658476
LINC00621,-1.0609183006927365,0.5792843072783201,-2.89564766688202,0.004142883760902616,0.010374565002043465,-2.634154100300756
ASTN1,-1.0838535185583789,1.1528993443254636,-2.8825137695547878,0.004313269974412902,0.010744319029288862,-2.7388491184748665
SLC6A20,-1.0078396370189227,3.019121394058834,-2.879873234834298,0.0043482882819010525,0.010815642031741157,-2.902578781050952
GP2,-1.6997223767450915,-2.501010294880204,-2.874377175266252,0.004422009274739493,0.010970815002417656,-2.3953226607411398
BASP1P1,-1.251457491950577,-0.980522618436801,-2.8679166093629256,0.004510124260565294,0.011164892262086362,-2.5722577593046676
PLD5,-1.3277126773266312,-1.6019061735781401,-2.865213373946446,0.004547466186111426,0.011246374150222513,-2.4749543162756686
GSC,-1.13628202504704,0.5305462772406291,-2.861941165426089,0.004593044776321462,0.011343910807383326,-2.703909383513458
DKK1,-1.7163660999772197,0.10195952986192022,-2.8175571565375117,0.005253772423224785,0.012735886298857411,-2.784757735649575
LEFTY2,1.3121091506854718,0.5576758354224203,2.809782321146524,0.005378036150707585,0.01300299865893183,-2.860210677909391
OPRK1,1.1543398250158523,-0.3238546523684616,2.806398384681913,0.005432950494009234,0.01312328094131729,-2.7932628808418563
PRKCG,1.1467468965768963,-0.5739415179275036,2.802871027526437,0.005490734124179067,0.013251832364305351,-2.826948841650383
FLG,1.0477747677341758,-1.7904318979601537,2.779742966683774,0.005883643324121544,0.014079732358347611,-2.7815922052510142
ARHGDIG,1.0465651471302975,-2.092754115506262,2.772877547467323,0.006005090250126538,0.014339966425046617,-2.74858831729007
CLDN2,-1.4938122981106146,-0.05651811402116618,-2.745284720527369,0.006516458805109318,0.015389767560999681,-2.9703779778181048
HOXC10,1.8504468313008444,-1.144446870951604,2.7414619911346914,0.0065903313469243465,0.015529494990711934,-2.851516383387014
CCL21,-1.3887376971716048,2.003430968405697,-2.7193800416019855,0.007032084936188393,0.016427597039435964,-3.190569971853464
CTXND1,1.1146611958253145,-1.06557974832083,2.712876015972289,0.007167207940258826,0.01670420164664575,-2.993834180677563
FP236383.5,1.3756427523281851,-3.106192211093581,2.711248036869581,0.007201394661418719,0.016774916343687572,-2.8527651095871764
FAR2P4,1.0182496800870444,-3.1207292915366733,2.7104105016272397,0.007219039791070785,0.01680638771062115,-2.844218694782288
CHST4,-1.0021075215090167,0.2580243594130698,-2.708187005998608,0.007266073843576156,0.016896531441286246,-3.073284035495436
DOC2A,-1.0150886416361364,0.09207853681488623,-2.7078206460076313,0.007273850032942392,0.01691074446002301,-3.090431276829809
FOXN4,-1.1603416087114375,0.9696948183090769,-2.705676435867133,0.007319512962840454,0.01700328968530911,-3.1498944295041644
SAA2,-1.289435415778434,1.479990855363857,-2.6998747324372925,0.007444366127262484,0.017279499448433384,-3.209165036350754
CHRDL1,1.1934597033599486,0.11285653285434132,2.689597740574444,0.007670254755263594,0.01773495536359241,-3.145878068874204
SLC5A12,1.0825819673868522,-2.046788494783698,2.684084987869013,0.007793956371044157,0.017987592793121714,-2.9951212358973147
LCN2,-1.0584162023223493,7.546739023988536,-2.680793721295518,0.007868664493019022,0.018140056392481695,-3.8577834325346068
ZBED9,1.0143073206212312,0.20538603318575874,2.6714503145254547,0.008084280103624414,0.018567624457685908,-3.2499425925792242
CDHR1,-1.0789177351002706,2.825519469494628,-2.6676569778631998,0.008173326914851104,0.018736573424238245,-3.441407424793582
CLPSL1,1.0856175555973993,-1.4704310952424193,2.6577596314227327,0.00840983683942761,0.019191727366329073,-3.1069629915109784
LGR6,1.1769318409306075,2.1986459527963085,2.643242808700795,0.008767886223754372,0.019894888870334245,-3.5040212485213647
DPP10-AS1,-1.0854104986248765,-0.8789074111296028,-2.639715927887202,0.008856919021699933,0.020074497847332378,-3.18723090174902
HOXC8,1.1649802173217396,-2.7523392833668248,2.6372934798571315,0.008918541460097905,0.02019389891210225,-3.02426892659497
PF4V1,-1.0693436385335784,-2.70231514124847,-2.6326372099544355,0.009038071426786266,0.020428132081628563,-3.0339343680777686
CCNA1,-1.1462312466504794,4.362138814660882,-2.632489559763473,0.009041885157317072,0.020433244739834086,-3.7504614292856093
GJB5,-1.0502775085709812,-0.41616129118039524,-2.619611376992364,0.009380138085091227,0.021081712533605454,-3.270700588109756
LRP4,-1.0994968652014445,4.5228129542735,-2.617598795304575,0.009434014148944287,0.021179377395685813,-3.814144792695573
CCDC187,-1.1109626754391024,1.391771026509453,-2.6138357872367832,0.009535494256492567,0.021374146384576482,-3.443295564547377
DDX43,1.163125790478216,-2.540534127781704,2.604983937432308,0.009778082227328726,0.02185284178449846,-3.163554730758556
MUC6,-1.6271211682736395,3.3477889641277763,-2.6016460698718133,0.009870985306453639,0.022028978298930905,-3.6167236201658572
LIN28B,1.167515616620958,-2.3946620953924027,2.598777059030327,0.009951470379482102,0.022176939034275686,-3.217834341651682
HOXC-AS3,1.1356314940177796,-3.4211771612944597,2.590340847884601,0.0101915529235506,0.02264244879954552,-3.0993033994465438
VAX1,1.0374452151389413,-3.0775599083171215,2.588573452420201,0.010242503184876557,0.022730796541759243,-3.1256788657247543
LRRC15,-1.246392949633386,-0.7287997010194099,-2.5857250137447827,0.01032509799542822,0.02287413251134545,-3.3096711125697316
FRRS1L,-1.0559550148977273,0.33667373250997684,-2.572039201302019,0.010730316158229482,0.023650682745890467,-3.4628395283001745
GJB6,-1.0289359817581394,0.7059237522914992,-2.562277328302771,0.011027987052330993,0.02418612375650967,-3.5148649534347736
AL365259.1,-1.069698126630166,-0.10573759935228498,-2.554427423340138,0.011272689197003211,0.024653624797147666,-3.4759711971747276
VNN3,-1.135435545024261,-0.009583306964681657,-2.5494267862414004,0.011431091281357364,0.024965129937922527,-3.4749221591850534
SPRR3,-1.4960152669268378,-1.9958417422313006,-2.54886002812561,0.011449169000526973,0.024991183628687595,-3.2831833271481443
MTND1P23,1.1573385104176563,0.790141114006816,2.5304169204394475,0.01205155600643751,0.026140429485041188,-3.6308061885122602
LINC02163,-1.0531670669194846,-2.170321086889496,-2.525475073734358,0.012217696914064368,0.026455622425042,-3.332480734568511
NLRP2,1.3987537153556033,3.0420971788743523,2.524742955695237,0.012242483070668218,0.026500822870195,-3.9228072458746106
HOXC9,1.3802671051872355,-1.616218811029251,2.517874526435853,0.012477208989567825,0.026960027443863097,-3.385580483467512
DSG3,-1.4594903578361922,-2.141291645048572,-2.5106624249696705,0.012727988863271379,0.027417450520098304,-3.345728238147026
OGN,-1.1828513113759955,-0.9723804911277296,-2.4934759594592015,0.013343781955710695,0.028571325797288685,-3.518469618528499
PRSS2,1.0375387600720238,1.3021141992253724,2.493034737108871,0.013359934103704025,0.02860103341039075,-3.76833694662899
CHGA,-1.7260089406258343,3.8334726723831056,-2.4663859923448284,0.01436831267234123,0.030476642335090974,-4.055911083519252
LINC01163,-1.0809756933407333,-1.9494277431012166,-2.464326009393769,0.014449004931889256,0.03062375890294864,-3.515872595161807
NOTUM,-1.6335842857660081,3.6656135839453876,-2.458537420208253,0.014677908759742736,0.031042020565349777,-4.144953184926488
LIX1,1.1052920204614571,-0.3081268295695405,2.4504261673143954,0.015004071054212127,0.03161011092627835,-3.7973032766804558
FOXA1,-1.3744317867572033,2.6548152855264187,-2.437374437922542,0.01554239426205941,0.03260565864802802,-3.9333840268998554
GRIA2,-1.3198992292267089,2.4402292712370235,-2.427806938407082,0.015947804837387825,0.03334600674023355,-3.9812216730738594
SPRR2D,-1.4014864191058942,-2.445329419750733,-2.42728624295308,0.015970134739634764,0.03338239416315303,-3.5311049905687817
DEFB1,-1.1792706361563718,3.387921928917595,-2.425367620188024,0.01605265340153599,0.033537636485692586,-4.114757428385787
OBP2B,-1.6878297427805902,-1.2074987214635715,-2.4140434666432777,0.01654742499285474,0.03439454546479646,-3.644607390982404
AGTR2,-1.43652646215003,-1.529574528353629,-2.3970393967789856,0.01731568306357831,0.03571019204304065,-3.6996396769689825
ADH1B,-1.016989570048631,-1.9039834549965302,-2.3913801325592265,0.01757826696828187,0.03614169932861515,-3.6745123790189957
CDH16,1.4652844552943123,1.2446214098184147,2.378558112574332,0.0181862288012576,0.03725601392568889,-4.0094704700150725
LINC01806,-1.0640459899885952,-1.6025099003668624,-2.334715843303684,0.020407288838567888,0.04115885068522911,-3.8427523959085836
SERPINB3,-1.0722786463618221,-2.678468838011264,-2.3298336365050663,0.020668788020801333,0.04162842609600301,-3.746949947721589
UBBP4,-1.0902106479098925,2.029878439861511,-2.264817026536559,0.024441794042927022,0.04814450689362753,-4.308387245430725
KRT6A,-1.3542359410031133,2.8625220945665615,-2.2569133876285163,0.024939108485520504,0.048962755106232485,-4.402737388218947
